date,month,year,country,customer_name,group_1,group_2,packaging,rm_size,soup,order_unit,order_cups,cups_per_unit,production
08,10,2023,USA,Bellisio,C-WT in tray no egg,Cooked Wonton,117*2tray*8in,M,Sesame 15g,901,14416,16.0,
08,01,2024,.7-11,ถ้วยขาวพิมพ์ลายใหม่,Wonton,Cooked Wonton,130g*24,SS,Regular,2878,69072,24.0,
08,01,2024,Netherlands,Westbridge Foods Limited,Wonton ND+V+TY,Cooked Wonton,307g*4c*6in,M,TYEX+CO,924,22176,24.0,
08,01,2024,SG,CPI SINGAPORE,R-Wonton egg past,Raw Wonton,154g*20in,S,ซุปซอง 5g.,664,13280,20.0,
08,01,2024,.7-11,ถ้วยขาวพิมพ์ลายใหม่,Wonton,Cooked Wonton,130g*24,SS,Regular,5492,131808,24.0,
16,01,2024,UK,Westbridge Foods Limited,Wonton ND+V+TY,Cooked Wonton,307g*4c*6in,M,TYEX+CO,924,22176,24.0,
08,01,2024,China,"Sam's (Shanghai) Investment Co., Ltd.",R-Wonton no egg,Raw Wonton,750g*8in,S,ซุปซอง 5g.,546,4368,8.0,
08,10,2023,USA,Bellisio,C-WT in tray no egg,Cooked Wonton,117*2tray*8in,M,Sesame 15g,599,9584,16.0,
08,01,2024,China,"Sam's (Shanghai) Investment Co., Ltd.",R-Wonton no egg,Raw Wonton,750g*8in,S,ซุปซอง 5g.,555,4440,8.0,
08,01,2024,USA,"Bellisio Foods, Inc.",Minced ND,Cooked Wonton,258g*8,BK,Regular,202,1616,8.0,
15,01,2024,MTFS,ซีพีเอฟ เทรดดิ้ง,E+Wonton NDE,Cooked Wonton,226g*12,M,Regular,515,6180,12.0,
29,01,2024,MTFS,ซีพีเอฟ เทรดดิ้ง,E+Wonton TY,Cooked Wonton,115g*12,M,TYTB3C 30G,320,3840,12.0,
08,01,2024,MTFS,ซีพีเอฟ เทรดดิ้ง,E+Wonton,Cooked Wonton,145g*12,M,Regular,2919,35028,12.0,
18,01,2024,MTFS,ซีพีเอฟ เทรดดิ้ง,E+Wonton,Cooked Wonton,270g*3B*6B,M,ซุปซอง 5g.,1700,30600,18.0,
08,01,2024,.7-11,ซีพีเอฟ เทรดดิ้ง,E+Wonton+หมาล่า,Cooked Wonton,143g*24,SS,หมาล่า,2030,48720,24.0,
08,01,2024,China,"Sam's (Shanghai) Investment Co., Ltd.",R-Wonton no egg,Raw Wonton,750g*8in,S,ซุปซอง 5g.,307,2456,8.0,
08,02,2024,China,"Charoen Pokphand Import&Export Trading (Shanghai) Co., Ltd",R-Wonton no egg,Raw Wonton,144g*20in,S,ซุปซอง 5g.,957,19140,20.0,
23,01,2024,Korea,Emart,C-WT in tray no egg,Cooked Wonton,141*2tray*12in,SS,Sesame 15g,2799,67176,24.0,
12,01,2024,USA,"Bellisio Foods, Inc.",Wonton ND+V,Cooked Wonton,308g*6c*6in,HC,Y3,131,4716,36.0,
12,01,2024,USA,"Bellisio Foods, Inc.",Wonton ND+V,Cooked Wonton,308g*6c*6in,HC,Y3,792,28512,36.0,
12,01,2024,USA,"Bellisio Foods, Inc.",Wonton ND+V,Cooked Wonton,308g*6c*6in,HC,Y3,792,28512,36.0,
26,01,2024,USA,"Bellisio Foods, Inc.",Wonton ND+V,Cooked Wonton,308g*6c*6in,HC,Y3,615,22140,36.0,
12,01,2024,AUS,CPF Australia Pty Ltd.,Wonton ND+V,Cooked Wonton,308g*6c*6in,HC,Regular,792,28512,36.0,
18,01,2024,AUS,CPF Australia Pty Ltd.,Wonton ND+V,Cooked Wonton,308g*6c*6in,HC,Regular,792,28512,36.0,
08,02,2024,China,"Charoen Pokphand Import&Export Trading (Shanghai) Co., Ltd",R-Wonton no egg,Raw Wonton,144g*20in,S,ซุปซอง 5g.,1282,25640,20.0,
02,02,2024,USA,"Bellisio Foods, Inc.",Minced WT,Cooked Wonton,145g*8,BK,Regular,1400,11200,8.0,
13,02,2024,USA,"Bellisio Foods, Inc.",Minced WT,Cooked Wonton,145g*8,BK,Regular,1400,11200,8.0,
20,02,2024,USA,"Bellisio Foods, Inc.",Minced WT,Cooked Wonton,145g*8,BK,Regular,700,5600,8.0,
26,01,2024,USA,"Bellisio Foods, Inc.",Wonton ND+V,Cooked Wonton,308g*6c*6in,HC,Y3,177,6372,36.0,
26,01,2024,USA,"Bellisio Foods, Inc.",Wonton ND+V,Cooked Wonton,308g*6c*6in,HC,Y3,792,28512,36.0,
26,01,2024,USA,"Bellisio Foods, Inc.",Wonton ND+V,Cooked Wonton,308g*6c*6in,HC,Y3,792,28512,36.0,
26,01,2024,USA,"Bellisio Foods, Inc.",Wonton ND+V,Cooked Wonton,308g*6c*6in,HC,Y3,792,28512,36.0,
26,01,2024,USA,"Bellisio Foods, Inc.",Wonton ND+V,Cooked Wonton,308g*6c*6in,HC,Y3,623,22428,36.0,
08,02,2024,China,"Charoen Pokphand Import&Export Trading (Shanghai) Co., Ltd",R-Wonton no egg,Raw Wonton,144g*20in,S,ซุปซอง 5g.,231,4620,20.0,
08,02,2024,China,"Charoen Pokphand Import&Export Trading (Shanghai) Co., Ltd",R-Wonton no egg,Raw Wonton,630g*8in,S,ซุปซอง 5g.,600,4800,8.0,
02,02,2024,USA,"Bellisio Foods, Inc.",Minced ND,Cooked Wonton,258g*8,BK,Regular,1900,15200,8.0,
02,02,2024,USA,"Bellisio Foods, Inc.",Minced ND,Cooked Wonton,258g*8,BK,Regular,2400,19200,8.0,
13,02,2024,USA,"Bellisio Foods, Inc.",Minced ND,Cooked Wonton,258g*8,BK,Regular,1871,14968,8.0,
18,01,2024,AUS,CPF Australia Pty Ltd.,Wonton ND+V,Cooked Wonton,308g*6c*6in,HC,Regular,792,28512,36.0,
19,01,2024,Spain,Mercadona,Wonton ND+V,Cooked Wonton,309g*12,HC,Regular,2520,30240,12.0,
16,01,2024,Korea,Consumer Package Commerce,R-Wonton egg past,Raw Wonton,154g*40in,S,ซุปซอง 5g.,694,27760,40.0,
26,01,2024,CAN,Bellisio Foods Canada,Minced ND,Cooked Wonton,258g*12,BK,Regular,2600,31200,12.0,
19,01,2024,Spain,Mercadona,Wonton ND+V,Cooked Wonton,309g*12,HC,Regular,2520,30240,12.0,
26,01,2024,USA,"Bellisio Foods, Inc.",Wonton ND+V,Cooked Wonton,308g*6c*6in,HC,Y3,169,6084,36.0,
29,01,2024,USA,"Bellisio Foods, Inc.",Wonton ND+V,Cooked Wonton,308g*6c*6in,HC,Y3,792,28512,36.0,
29,01,2024,USA,"Bellisio Foods, Inc.",Wonton ND+V,Cooked Wonton,308g*6c*6in,HC,Y3,696,25056,36.0,
16,01,2024,Korea,Consumer Package Commerce,R-Wonton egg past,Raw Wonton,154g*40in,S,ซุปซอง 5g.,641,25640,40.0,
26,01,2024,CAN,Bellisio Foods Canada,Minced ND,Cooked Wonton,258g*12,BK,Regular,2600,31200,12.0,
25,01,2024,AUS,CPF Australia Pty Ltd.,Wonton ND+V,Cooked Wonton,308g*6c*6in,HC,Regular,792,28512,36.0,
25,01,2024,AUS,CPF Australia Pty Ltd.,Wonton ND+V,Cooked Wonton,308g*6c*6in,HC,Regular,792,28512,36.0,
25,01,2024,AUS,CPF Australia Pty Ltd.,Wonton ND+V,Cooked Wonton,308g*6c*6in,HC,Regular,527,18972,36.0,
16,01,2024,Denmark,CPF DENMARK,Wonton ND+V+TY,Cooked Wonton,309g*8,M,TYANS+CM,3500,28000,8.0,
16,01,2024,Korea,Consumer Package Commerce,R-Wonton egg past,Raw Wonton,154g*40in,S,ซุปซอง 5g.,289,11560,40.0,
17,01,2024,SG,CPI SINGAPORE,R-Wonton egg past,Raw Wonton,204g*20in,S,sesame 30g,424,8480,20.0,
25,01,2024,AUS,CPF Australia Pty Ltd.,Wonton ND+V,Cooked Wonton,308g*6c*6in,HC,Regular,265,9540,36.0,
29,01,2024,USA,"Bellisio Foods, Inc.",Wonton ND+V,Cooked Wonton,308g*6c*6in,HC,Y3,96,3456,36.0,
29,01,2024,USA,"Bellisio Foods, Inc.",Wonton ND+V,Cooked Wonton,308g*6c*6in,HC,Y3,792,28512,36.0,
30,01,2024,USA,"Bellisio Foods, Inc.",Wonton ND+V,Cooked Wonton,308g*6c*6in,HC,Y3,792,28512,36.0,
31,01,2024,USA,"Bellisio Foods, Inc.",Wonton ND+V,Cooked Wonton,308g*6c*6in,HC,Y3,792,28512,36.0,
31,01,2024,USA,"Bellisio Foods, Inc.",Wonton ND+V,Cooked Wonton,308g*6c*6in,HC,Y3,674,24264,36.0,
17,01,2024,SG,CPI SINGAPORE,R-Wonton egg past,Raw Wonton,204g*20in,S,sesame 30g,776,15520,20.0,
02,02,2024,USA,Bellisio,C-WT in tray no egg,Cooked Wonton,117*2tray*8in,M,Sesame 15g,721,11536,16.0,
01,02,2024,AUS,CPF Australia Pty Ltd.,Wonton ND+V,Cooked Wonton,308g*6c*6in,HC,Regular,792,28512,36.0,
31,01,2024,USA,"Bellisio Foods, Inc.",Wonton ND+V,Cooked Wonton,308g*6c*6in,HC,Y3,118,4248,36.0,
02,02,2024,USA,"Bellisio Foods, Inc.",Wonton ND+V,Cooked Wonton,308g*6c*6in,HC,Y3,792,28512,36.0,
02,02,2024,USA,"Bellisio Foods, Inc.",Wonton ND+V,Cooked Wonton,308g*6c*6in,HC,Y3,792,28512,36.0,
02,02,2024,USA,"Bellisio Foods, Inc.",Wonton ND+V,Cooked Wonton,308g*6c*6in,HC,Y3,171,6156,36.0,
23,01,2024,Korea,Consumer Package Commerce,R-Wonton egg past,Raw Wonton,154g*40in,S,ซุปซอง 5g.,629,25160,40.0,
30,01,2024,UK,Westbridge Foods Limited (One UK),Wonton,Cooked Wonton,148g*6c*6in,HC,Regular,1288,46368,36.0,
30,01,2024,UK,Westbridge Foods Limited (One UK),Wonton,Cooked Wonton,148g*6c*6in,HC,Regular,1288,46368,36.0,
13,02,2024,UK,Westbridge Foods Limited (One UK),Wonton,Cooked Wonton,148g*6c*6in,HC,Regular,606,21816,36.0,
26,02,2024,USA,"Bellisio Foods, Inc.",Minced WT,Cooked Wonton,145g*8,BK,Regular,629.75,5038,8.0,
23,01,2024,Korea,Consumer Package Commerce,R-Wonton egg past,Raw Wonton,154g*40in,S,ซุปซอง 5g.,645,25800,40.0,
02,02,2024,USA,Bellisio,C-WT in tray no egg,Cooked Wonton,117*2tray*8in,M,Sesame 15g,479,7664,16.0,
02,02,2024,USA,Bellisio,C-WT in tray no egg,Cooked Wonton,117*2tray*8in,M,Sesame 15g,177,2832,16.0,
13,02,2024,UK,Westbridge Foods Limited (One UK),Wonton,Cooked Wonton,148g*6c*6in,HC,Regular,682,24552,36.0,
13,02,2024,UK,Westbridge Foods Limited (One UK),Wonton,Cooked Wonton,148g*6c*6in,HC,Regular,1288,46368,36.0,
22,01,2024,.7-11,Seven ถ้วยดำ,E+Wonton,Cooked Wonton,145g*24,M,Regular,2410,57840,24.0,
23,01,2024,Korea,Consumer Package Commerce,R-Wonton egg past,Raw Wonton,154g*40in,S,ซุปซอง 5g.,350,14000,40.0,
23,01,2024,Korea,Consumer Package Commerce,R-Wonton egg past,Raw Wonton,154g*40in,S,ซุปซอง 5g.,294,11760,40.0,
02,02,2024,USA,Bellisio,C-WT in tray no egg,Cooked Wonton,117*2tray*8in,M,Sesame 15g,423,6768,16.0,
01,02,2024,AUS,CPF Australia Pty Ltd.,Minced ND+Kee Mao,Cooked Wonton,219g*8,BK,Kee Mao 50G.,200,1600,8.0,
01,02,2024,AUS,CPF Australia Pty Ltd.,Minced ND+Kee Mao,Cooked Wonton,219g*8,BK,Kee Mao 50G.,220,1760,8.0,
02,02,2024,New Zealand,Lim Brothers,Minced ND+Kee Mao,Cooked Wonton,219g*8,BK,Kee Mao 50G.,300,2400,8.0,
29,01,2024,CAN,"CP Foods Canada,Inc (CPFC)",Wonton,Cooked Wonton,145g*6c*6in,HC,Y3,1288,46368,36.0,
25,01,2024,Japan,CPF JAPAN,Wonton,Cooked Wonton,148g*6c*6in,M,Regular,1288,46368,36.0,
30,01,2024,Korea,Consumer Package Commerce,R-Wonton egg past,Raw Wonton,154g*40in,S,ซุปซอง 5g.,651,26040,40.0,
01,02,2024,AUS,CPF Australia Pty Ltd.,C-Minced WT in tray no egg,Cooked Wonton,117*2tray*8in,BK,Sesame 15g,150,2400,16.0,
02,02,2024,New Zealand,Lim Brothers,C-Minced WT in tray no egg,Cooked Wonton,117*2tray*8in,BK,Sesame 15g,600,9600,16.0,
07,02,2024,CAN,"CP Foods Canada,Inc (CPFC)",Wonton,Cooked Wonton,145g*6c*6in,HC,Y3,1288,46368,36.0,
14,02,2024,CAN,"CP Foods Canada,Inc (CPFC)",Wonton,Cooked Wonton,145g*6c*6in,HC,Y3,1288,46368,36.0,
01,02,2024,AUS,CPF Australia Pty Ltd.,Minced ND+V+TY,Cooked Wonton,302g*8,BK,TYEX+CO,300,2400,8.0,
01,02,2024,AUS,CPF Australia Pty Ltd.,Minced ND+V+TY,Cooked Wonton,302g*8,BK,TYEX+CO,300,2400,8.0,
30,01,2024,Korea,Consumer Package Commerce,R-Wonton egg past,Raw Wonton,154g*40in,S,ซุปซอง 5g.,642,25680,40.0,
02,02,2024,USA,"Bellisio Foods, Inc.",Wonton ND+V,Cooked Wonton,308g*6c*6in,HC,Y3,621,22356,36.0,
02,02,2024,USA,"Bellisio Foods, Inc.",Wonton ND+V,Cooked Wonton,308g*6c*6in,HC,Y3,388,13968,36.0,
01,02,2024,AUS,CPF Australia Pty Ltd.,Wonton ND+V,Cooked Wonton,305g*8,HC,Regular,800,6400,8.0,
01,02,2024,AUS,CPF Australia Pty Ltd.,Wonton ND+V,Cooked Wonton,305g*8,HC,Regular,600,4800,8.0,
02,02,2024,New Zealand,Lim Brothers,Wonton ND+V,Cooked Wonton,305g*8,HC,Regular,960,7680,8.0,
01,02,2024,AUS,CPF Australia Pty Ltd.,Wonton ND+V,Cooked Wonton,308g*6c*6in,HC,Regular,792,28512,36.0,
01,02,2024,AUS,CPF Australia Pty Ltd.,Wonton ND+V,Cooked Wonton,308g*6c*6in,HC,Regular,792,28512,36.0,
02,02,2024,SG,CPI Singapore,Wonton ND+V,Cooked Wonton,219g*24,HC,ซุปซอง 10g.,350,8400,24.0,
01,02,2024,AUS,CPF Australia Pty Ltd.,Minced ND+V+TK,Cooked Wonton,302g*8,BK,Tomkha+CM,220,1760,8.0,
02,02,2024,New Zealand,Lim Brothers,Minced ND+V+TK,Cooked Wonton,302g*8,BK,Tomkha+CM,725,5800,8.0,
15,02,2024,New Zealand,Lim Brothers,Minced ND+V+TK,Cooked Wonton,302g*8,BK,Tomkha+CM,1610,12880,8.0,
30,01,2024,Korea,Consumer Package Commerce,R-Wonton egg past,Raw Wonton,154g*40in,S,ซุปซอง 5g.,37,1480,40.0,
30,01,2024,Korea,Consumer Package Commerce,R-Wonton egg past,Raw Wonton,630g*10inner,S,ซุปซอง 5g.,586,5860,10.0,
31,01,2024,USA,"Bellisio Foods, Inc.",Minced ND,Cooked Wonton,258g*4c*6in,BK,Regular,700,16800,24.0,
09,02,2024,USA,"Bellisio Foods, Inc.",Minced ND,Cooked Wonton,258g*4c*6in,BK,Regular,650,15600,24.0,
02,02,2024,USA,"Bellisio Foods, Inc.",Wonton ND+V,Cooked Wonton,308g*6c*6in,HC,Y3,404,14544,36.0,
02,02,2024,USA,"Bellisio Foods, Inc.",Wonton ND+V,Cooked Wonton,308g*6c*6in,HC,Y3,792,28512,36.0,
02,02,2024,USA,"Bellisio Foods, Inc.",Wonton ND+V,Cooked Wonton,308g*6c*6in,HC,Y3,792,28512,36.0,
05,02,2024,USA,"Bellisio Foods, Inc.",Wonton ND+V,Cooked Wonton,308g*6c*6in,HC,Y3,792,28512,36.0,
05,02,2024,USA,"Bellisio Foods, Inc.",Wonton ND+V,Cooked Wonton,308g*6c*6in,HC,Y3,162,5832,36.0,
30,01,2024,Korea,Consumer Package Commerce,R-Wonton egg past,Raw Wonton,630g*10inner,S,ซุปซอง 5g.,637,6370,10.0,
31,01,2024,USA,"Bellisio Foods, Inc.",Minced WT,Cooked Wonton,145g*6c*6,BK,Regular,450,19800,44.0,
09,02,2024,USA,"Bellisio Foods, Inc.",Minced WT,Cooked Wonton,145g*6c*6,BK,Regular,500,19800,39.6,
02,02,2024,SG,CPI SINGAPORE,Wonton,Cooked Wonton,145g*24,M,Regular,400,9600,24.0,
02,02,2024,SG,CPI SINGAPORE,Wonton TY,Cooked Wonton,115g*24,M,TYTB3C 30G,250,6000,24.0,
05,02,2024,USA,"Bellisio Foods, Inc.",Wonton ND+V,Cooked Wonton,308g*6c*6in,HC,Y3,630,22680,36.0,
05,02,2024,USA,"Bellisio Foods, Inc.",Wonton ND+V,Cooked Wonton,308g*6c*6in,HC,Y3,792,28512,36.0,
05,02,2024,USA,"Bellisio Foods, Inc.",Wonton ND+V,Cooked Wonton,308g*6c*6in,HC,Y3,792,28512,36.0,
05,02,2024,USA,"Bellisio Foods, Inc.",Wonton ND+V,Cooked Wonton,308g*6c*6in,HC,Y3,288,10368,36.0,
30,01,2024,Korea,Consumer Package Commerce,R-Wonton egg past,Raw Wonton,630g*10inner,S,ซุปซอง 5g.,608,6080,10.0,
05,02,2024,.7-11,ถ้วยขาวพิมพ์กดสีฟ้า,Wonton,Cooked Wonton,130g*24,SS,Regular,1017,24408,24.0,
19,02,2024,MTFS,ซีพีเอฟ เทรดดิ้ง,E+Wonton,Cooked Wonton,90g*3B*6B,M,ซุปซอง 5g.,850,15300,18.0,
01,02,2024,MTFS,ซีพีเอฟ เทรดดิ้ง,E+Wonton,Cooked Wonton,145g*12,M,Regular,12,144,12.0,
29,01,2024,MTFS,ซีพีเอฟ เทรดดิ้ง,E+Wonton,Cooked Wonton,145g*12,M,Regular,2793,33516,12.0,
05,02,2024,MTFS,ซีพีเอฟ เทรดดิ้ง,E+Wonton,Cooked Wonton,145g*12,M,Regular,3382,40584,12.0,
29,01,2024,MTFS,ซีพีเอฟ เทรดดิ้ง,E+Wonton TY,Cooked Wonton,115g*12,M,TYTB3C 30G,400,4800,12.0,
05,02,2024,MTFS,ซีพีเอฟ เทรดดิ้ง,E+Wonton TY,Cooked Wonton,115g*12,M,TYTB3C 30G,823,9876,12.0,
29,01,2024,MTFS,ซีพีเอฟ เทรดดิ้ง,E+Wonton NDE,Cooked Wonton,226g*12,M,Regular,500,6000,12.0,
19,02,2024,MTFS,ซีพีเอฟ เทรดดิ้ง,E+Wonton NDE,Cooked Wonton,226g*12,M,Regular,541,6492,12.0,
31,01,2024,USA,"Bellisio Foods, Inc.",R-Wonton no egg,Raw Wonton,580g*10in,S,ซุปซอง 5g.,100,1000,10.0,
16,02,2024,USA,"Bellisio Foods, Inc.",R-Wonton no egg,Raw Wonton,580g*10in,S,ซุปซอง 5g.,100,1000,10.0,
30,01,2024,Korea,Consumer Package Commerce,R-Wonton egg past,Raw Wonton,630g*10inner,S,ซุปซอง 5g.,225,2250,10.0,
02,02,2024,SG,CPI SINGAPORE,R-Minced egg past,Raw Wonton,90g*18in,BK,ซุปซอง 5g.,600,10800,18.0,
30,01,2024,.7-11,Seven ถ้วยดำ,E+Wonton,Cooked Wonton,145g*24,M,Regular,540,12960,24.0,
12,02,2024,.7-11,Seven ถ้วยดำ,E+Wonton,Cooked Wonton,145g*24,M,Regular,1288,30912,24.0,
29,01,2024,MTFS,ซีพีเอฟ เทรดดิ้ง,E+Wonton+หมาล่า,Cooked Wonton,143g*12,SS,หมาล่า,2456,29472,12.0,
12,02,2024,.7-11,ซีพีเอฟ เทรดดิ้ง,E+Wonton+หมาล่า,Cooked Wonton,143g*24,SS,หมาล่า,3247,77928,24.0,
02,02,2024,SG,CPI SINGAPORE,R-Wonton egg past,Raw Wonton,194g*20in,JB,ซุปซอง 5g.,500,10000,20.0,
05,02,2024,HK,CPM Hongkong,R-Minced egg past,Raw Wonton,90g*18in,BK,ซุปซอง 5g.,200,3600,18.0,
05,02,2024,HK,CPM Hongkong,R-Wonton egg past,Raw Wonton,101g*18in,S,ซุปซอง 5g.,269,4842,18.0,
05,02,2024,USA,"Bellisio Foods, Inc.",Wonton ND+V,Cooked Wonton,308g*6c*6in,HC,Y3,504,18144,36.0,
05,02,2024,USA,"Bellisio Foods, Inc.",Wonton ND+V,Cooked Wonton,308g*6c*6in,HC,Y3,792,28512,36.0,
05,02,2024,USA,"Bellisio Foods, Inc.",Wonton ND+V,Cooked Wonton,308g*6c*6in,HC,Y3,792,28512,36.0,
05,02,2024,USA,"Bellisio Foods, Inc.",Wonton ND+V,Cooked Wonton,308g*6c*6in,HC,Y3,792,28512,36.0,
05,02,2024,USA,"Bellisio Foods, Inc.",Wonton ND+V,Cooked Wonton,308g*6c*6in,HC,Y3,792,28512,36.0,
05,02,2024,USA,"Bellisio Foods, Inc.",Wonton ND+V,Cooked Wonton,308g*6c*6in,HC,Y3,131,4716,36.0,
05,02,2024,HK,CPM Hongkong,R-Wonton egg past,Raw Wonton,101g*18in,S,ซุปซอง 5g.,1431,25758,18.0,
07,02,2024,Spain,Mercadona,Wonton ND+V,Cooked Wonton,309g*12,HC,Regular,2520,30240,12.0,
06,03,2024,Spain,Mercadona,Wonton ND+V,Cooked Wonton,309g*12,HC,Regular,2520,30240,12.0,
23,02,2024,Belgium,CPF EUROPE S.A.,Wonton ND+V,Cooked Wonton,309g*8,HC,Regular,500,4000,8.0,
08,02,2024,AUS,CPF Australia Pty Ltd.,Wonton ND+V,Cooked Wonton,308g*6c*6in,HC,Regular,792,28512,36.0,
15,02,2024,AUS,CPF Australia Pty Ltd.,Wonton ND+V,Cooked Wonton,308g*6c*6in,HC,Regular,792,28512,36.0,
15,02,2024,New Zealand,Lim Brothers,Wonton ND+V,Cooked Wonton,305g*8,HC,Regular,1500,12000,8.0,
02,02,2024,New Zealand,Lim Brothers,Minced ND+V+TY,Cooked Wonton,302g*8,BK,TYA+CO,700,5600,8.0,
06,02,2024,Korea,Consumer Package Commerce,R-Wonton egg past,Raw Wonton,154g*40in,S,ซุปซอง 5g.,677,27080,40.0,
05,02,2024,.7-11,ถ้วยขาวพิมพ์กดสีฟ้า,Wonton,Cooked Wonton,130g*24,SS,Regular,6111,146664,24.0,
06,02,2024,Korea,Consumer Package Commerce,R-Wonton egg past,Raw Wonton,154g*40in,S,ซุปซอง 5g.,667,26680,40.0,
05,02,2024,USA,"Bellisio Foods, Inc.",Wonton ND+V,Cooked Wonton,308g*6c*6in,HC,Y3,661,23796,36.0,
05,02,2024,USA,"Bellisio Foods, Inc.",Wonton ND+V,Cooked Wonton,308g*6c*6in,HC,Y3,792,28512,36.0,
06,02,2024,USA,"Bellisio Foods, Inc.",Wonton ND+V,Cooked Wonton,308g*6c*6in,HC,Y3,792,28512,36.0,
06,02,2024,USA,"Bellisio Foods, Inc.",Wonton ND+V,Cooked Wonton,308g*6c*6in,HC,Y3,792,28512,36.0,
06,02,2024,USA,"Bellisio Foods, Inc.",Wonton ND+V,Cooked Wonton,308g*6c*6in,HC,Y3,792,28512,36.0,
06,02,2024,USA,"Bellisio Foods, Inc.",Wonton ND+V,Cooked Wonton,308g*6c*6in,HC,Y3,435,15660,36.0,
06,02,2024,Korea,Consumer Package Commerce,R-Wonton egg past,Raw Wonton,154g*40in,S,ซุปซอง 5g.,280,11200,40.0,
09,02,2024,Korea,Consumer Package Commerce,R-Wonton egg past,Raw Wonton,154g*40in,S,ซุปซอง 5g.,364,14560,40.0,
06,02,2024,USA,"Bellisio Foods, Inc.",Wonton ND+V,Cooked Wonton,308g*6c*6in,HC,Y3,357,12852,36.0,
08,02,2024,USA,"Bellisio Foods, Inc.",Wonton ND+V,Cooked Wonton,308g*6c*6in,HC,Y3,792,28512,36.0,
09,02,2024,USA,"Bellisio Foods, Inc.",Wonton ND+V,Cooked Wonton,308g*6c*6in,HC,Y3,792,28512,36.0,
09,02,2024,USA,"Bellisio Foods, Inc.",Wonton ND+V,Cooked Wonton,308g*6c*6in,HC,Y3,792,28512,36.0,
13,02,2024,USA,"Bellisio Foods, Inc.",Wonton ND+V,Cooked Wonton,308g*6c*6in,HC,Y3,792,28512,36.0,
13,02,2024,USA,"Bellisio Foods, Inc.",Wonton ND+V,Cooked Wonton,308g*6c*6in,HC,Y3,502,18072,36.0,
09,02,2024,Korea,Consumer Package Commerce,R-Wonton egg past,Raw Wonton,154g*40in,S,ซุปซอง 5g.,649,25960,40.0,
13,02,2024,USA,"Bellisio Foods, Inc.",Minced ND,Cooked Wonton,258g*8,BK,Regular,28.625,229,8.0,
20,02,2024,USA,"Bellisio Foods, Inc.",Minced ND,Cooked Wonton,258g*8,BK,Regular,2400,19200,8.0,
26,02,2024,USA,"Bellisio Foods, Inc.",Minced ND,Cooked Wonton,258g*8,BK,Regular,2366,18928,8.0,
09,02,2024,New Zealand,Lim Brothers,Wonton ND+V,Cooked Wonton,308g*6c*6in,HC,Regular,792,28512,36.0,
12,02,2024,New Zealand,Lim Brothers,Wonton ND+V,Cooked Wonton,308g*6c*6in,HC,Regular,550,19800,36.0,
05,02,2024,New Zealand,Lim Brothers,Wonton ND+V+TY,Cooked Wonton,307g*4c*6in,M,TYEX+CO,390,9360,24.0,
12,02,2024,New Zealand,Lim Brothers,Wonton ND+V+TY,Cooked Wonton,307g*4c*6in,M,TYEX+CO,250,6000,24.0,
20,02,2024,UK,Westbridge Foods Limited,Wonton ND+V+TY,Cooked Wonton,307g*4c*6in,M,TYEX+CO,924,22176,24.0,
09,02,2024,Korea,Consumer Package Commerce,R-Wonton egg past,Raw Wonton,154g*40in,S,ซุปซอง 5g.,611,24440,40.0,
12,02,2024,.7-11,Seven ถ้วยดำ,E+Wonton,Cooked Wonton,145g*24,M,Regular,5524,132576,24.0,
09,02,2024,Korea,Consumer Package Commerce,R-Wonton egg past,Raw Wonton,630g*10inner,S,ซุปซอง 5g.,622,6220,10.0,
15,02,2024,New Zealand,Lim Brothers,Minced ND+Kee Mao,Cooked Wonton,219g*8,BK,Kee Mao 50G.,250,2000,8.0,
22,02,2024,AUS,CPF Australia Pty Ltd.,Wonton ND+V,Cooked Wonton,308g*6c*6in,HC,Regular,792,28512,36.0,
22,02,2024,AUS,CPF Australia Pty Ltd.,Wonton ND+V,Cooked Wonton,308g*6c*6in,HC,Regular,792,28512,36.0,
29,02,2024,AUS,CPF Australia Pty Ltd.,Wonton ND+V,Cooked Wonton,308g*6c*6in,HC,Regular,792,28512,36.0,
29,02,2024,AUS,CPF Australia Pty Ltd.,Wonton ND+V,Cooked Wonton,308g*6c*6in,HC,Regular,792,28512,36.0,
07,03,2024,AUS,CPF Australia Pty Ltd.,Wonton ND+V,Cooked Wonton,308g*6c*6in,HC,Regular,792,28512,36.0,
09,02,2024,Korea,Consumer Package Commerce,R-Wonton egg past,Raw Wonton,630g*10inner,S,ซุปซอง 5g.,646,6460,10.0,
13,02,2024,USA,"Bellisio Foods, Inc.",C-WT in tray no egg,Cooked Wonton,117*2tray*8in,M,Sesame 15g,600,9600,16.0,
13,02,2024,.7-11,ถ้วยขาวพิมพ์กดสีฟ้า,Wonton,Cooked Wonton,130g*24,SS,Regular,4127,99048,24.0,
23,02,2024,Belgium,CPF EUROPE S.A.,Wonton +V,Cooked Wonton,145g*8,HC,Regular,1100,8800,8.0,
09,02,2024,Korea,Consumer Package Commerce,R-Wonton egg past,Raw Wonton,630g*10inner,S,ซุปซอง 5g.,631,6310,10.0,
20,02,2024,USA,"Bellisio Foods, Inc.",C-WT in tray no egg,Cooked Wonton,117*2tray*8in,M,Sesame 15g,650,10400,16.0,
09,02,2024,China,"Charoen Pokphand Import&Export Trading (Shanghai) Co., Ltd",Wonton ND+V,Cooked Wonton,308g*6c*6in,HC,Y3,792,28512,36.0,
13,02,2024,USA,"Bellisio Foods, Inc.",Wonton ND+V,Cooked Wonton,308g*6c*6in,HC,Y3,290,10440,36.0,
13,02,2024,USA,"Bellisio Foods, Inc.",Wonton ND+V,Cooked Wonton,308g*6c*6in,HC,Y3,792,28512,36.0,
14,02,2024,USA,"Bellisio Foods, Inc.",Wonton ND+V,Cooked Wonton,308g*6c*6in,HC,Y3,792,28512,36.0,
15,02,2024,USA,"Bellisio Foods, Inc.",Wonton ND+V,Cooked Wonton,308g*6c*6in,HC,Y3,709,25524,36.0,
09,02,2024,Korea,Consumer Package Commerce,R-Wonton egg past,Raw Wonton,630g*10inner,S,ซุปซอง 5g.,157,1570,10.0,
13,02,2024,MTFS,ซีพีเอฟ เทรดดิ้ง,R-Wonton no egg,Raw Wonton,220g*12in,SS,,850,10200,12.0,
26,02,2024,USA,"Bellisio Foods, Inc.",C-WT in tray no egg,Cooked Wonton,117*2tray*8in,M,Sesame 15g,650,10400,16.0,
15,02,2024,USA,"Bellisio Foods, Inc.",Wonton ND+V,Cooked Wonton,308g*6c*6in,HC,Y3,83,2988,36.0,
15,02,2024,USA,"Bellisio Foods, Inc.",Wonton ND+V,Cooked Wonton,308g*6c*6in,HC,Y3,792,28512,36.0,
15,02,2024,USA,"Bellisio Foods, Inc.",Wonton ND+V,Cooked Wonton,308g*6c*6in,HC,Y3,792,28512,36.0,
16,02,2024,USA,"Bellisio Foods, Inc.",Wonton ND+V,Cooked Wonton,308g*6c*6in,HC,Y3,792,28512,36.0,
16,02,2024,USA,"Bellisio Foods, Inc.",Wonton ND+V,Cooked Wonton,308g*6c*6in,HC,Y3,321,11556,36.0,
19,02,2024,China,"Sam's (Shanghai) Investment Co., Ltd.",R-Wonton no egg,Raw Wonton,750g*8in,S,ซุปซอง 5g.,644,5152,8.0,
17,02,2024,CAN,Bellisio Foods Canada,Minced ND,Cooked Wonton,258g*12,BK,Regular,2600,31200,12.0,
16,02,2024,USA,"Bellisio Foods, Inc.",Wonton ND+V,Cooked Wonton,308g*6c*6in,HC,Y3,471,16956,36.0,
16,02,2024,USA,"Bellisio Foods, Inc.",Wonton ND+V,Cooked Wonton,308g*6c*6in,HC,Y3,792,28512,36.0,
20,02,2024,USA,"Bellisio Foods, Inc.",Wonton ND+V,Cooked Wonton,308g*6c*6in,HC,Y3,792,28512,36.0,
20,02,2024,USA,"Bellisio Foods, Inc.",Wonton ND+V,Cooked Wonton,308g*6c*6in,HC,Y3,792,28512,36.0,
20,02,2024,USA,"Bellisio Foods, Inc.",Wonton ND+V,Cooked Wonton,308g*6c*6in,HC,Y3,396,14256,36.0,
19,02,2024,China,"Sam's (Shanghai) Investment Co., Ltd.",R-Wonton no egg,Raw Wonton,750g*8in,S,ซุปซอง 5g.,631,5048,8.0,
15,02,2024,CAN,"CP Foods Canada,Inc (CPFC)",Wonton,Cooked Wonton,145g*6c*6in,HC,Y3,1288,46368,36.0,
15,02,2024,Japan,CPF JAPAN,Wonton,Cooked Wonton,148g*6c*6in,M,Regular,1288,46368,36.0,
15,02,2024,Japan,CPF JAPAN,Wonton,Cooked Wonton,148g*6c*6in,M,Regular,1288,46368,36.0,
19,02,2024,China,"Sam's (Shanghai) Investment Co., Ltd.",R-Wonton no egg,Raw Wonton,750g*8in,S,ซุปซอง 5g.,133,1064,8.0,
19,02,2024,China,"Sam's (Shanghai) Investment Co., Ltd.",R-Wonton no egg,Raw Wonton,750g*8in,S,ซุปซอง 5g.,552,4416,8.0,
26,02,2024,CAN,"CP Foods Canada,Inc (CPFC)",Wonton,Cooked Wonton,145g*6c*6in,HC,Y3,1288,46368,36.0,
22,02,2024,Japan,CPF JAPAN,Wonton,Cooked Wonton,148g*6c*6in,M,Regular,1288,46368,36.0,
22,02,2024,Japan,CPF JAPAN,Wonton,Cooked Wonton,148g*6c*6in,M,Regular,1288,46368,36.0,
28,02,2024,SG,CPI SINGAPORE,Wonton,Cooked Wonton,145g*24,M,Regular,250,6000,24.0,
19,02,2024,China,"Sam's (Shanghai) Investment Co., Ltd.",R-Wonton no egg,Raw Wonton,750g*8in,S,ซุปซอง 5g.,673,5384,8.0,
19,02,2024,.7-11,ถ้วยขาวพิมพ์กดสีฟ้า,Wonton,Cooked Wonton,130g*24,SS,Regular,2001,48024,24.0,
19,02,2024,China,"Sam's (Shanghai) Investment Co., Ltd.",R-Wonton no egg,Raw Wonton,750g*8in,S,ซุปซอง 5g.,183,1464,8.0,
22,02,2024,China,"Sam's (Shanghai) Investment Co., Ltd.",R-Wonton no egg,Raw Wonton,750g*8in,S,ซุปซอง 5g.,577,4616,8.0,
17,02,2024,China,"Charoen Pokphand Import&Export Trading (Shanghai) Co., Ltd",Wonton ND+V,Cooked Wonton,308g*6c*6in,HC,Y3,792,28512,36.0,
21,02,2024,China,"Charoen Pokphand Import&Export Trading (Shanghai) Co., Ltd",Wonton ND+V,Cooked Wonton,308g*6c*6in,HC,Y3,792,28512,36.0,
20,02,2024,.7-11,Seven ถ้วยดำ,E+Wonton,Cooked Wonton,145g*24,M,Regular,4274,102576,24.0,
22,02,2024,China,"Sam's (Shanghai) Investment Co., Ltd.",R-Wonton no egg,Raw Wonton,750g*8in,S,ซุปซอง 5g.,663,5304,8.0,
23,02,2024,USA,"Bellisio Foods, Inc.",Wonton ND+V,Cooked Wonton,308g*6c*6in,HC,Y3,396,14256,36.0,
23,02,2024,USA,"Bellisio Foods, Inc.",Wonton ND+V,Cooked Wonton,308g*6c*6in,HC,Y3,792,28512,36.0,
23,02,2024,USA,"Bellisio Foods, Inc.",Wonton ND+V,Cooked Wonton,308g*6c*6in,HC,Y3,792,28512,36.0,
23,02,2024,USA,"Bellisio Foods, Inc.",Wonton ND+V,Cooked Wonton,308g*6c*6in,HC,Y3,792,28512,36.0,
26,02,2024,USA,"Bellisio Foods, Inc.",Wonton ND+V,Cooked Wonton,308g*6c*6in,HC,Y3,127,4572,36.0,
19,02,2024,.7-11,ซีพีเอฟ เทรดดิ้ง,E+Wonton+หมาล่า,Cooked Wonton,143g*24,SS,หมาล่า,1805,43320,24.0,
22,02,2024,China,"Sam's (Shanghai) Investment Co., Ltd.",R-Wonton no egg,Raw Wonton,750g*8in,S,ซุปซอง 5g.,168,1344,8.0,
23,02,2024,China,"Sam's (Shanghai) Investment Co., Ltd.",R-Wonton no egg,Raw Wonton,750g*8in,S,ซุปซอง 5g.,490,3920,8.0,
28,02,2024,SG,CPI Singapore,Wonton ND+V,Cooked Wonton,219g*24,HC,ซุปซอง 10g.,300,7200,24.0,
26,02,2024,USA,"Bellisio Foods, Inc.",Wonton ND+V,Cooked Wonton,308g*6c*6in,HC,Y3,665,23940,36.0,
26,02,2024,USA,"Bellisio Foods, Inc.",Wonton ND+V,Cooked Wonton,308g*6c*6in,HC,Y3,792,28512,36.0,
26,02,2024,USA,"Bellisio Foods, Inc.",Wonton ND+V,Cooked Wonton,308g*6c*6in,HC,Y3,792,28512,36.0,
26,02,2024,USA,"Bellisio Foods, Inc.",Wonton ND+V,Cooked Wonton,308g*6c*6in,HC,Y3,289,10404,36.0,
23,02,2024,China,"Sam's (Shanghai) Investment Co., Ltd.",R-Wonton no egg,Raw Wonton,750g*8in,S,ซุปซอง 5g.,719,5752,8.0,
26,02,2024,USA,"Bellisio Foods, Inc.",Wonton ND+V,Cooked Wonton,308g*6c*6in,HC,Y3,503,18108,36.0,
26,02,2024,USA,"Bellisio Foods, Inc.",Wonton ND+V,Cooked Wonton,308g*6c*6in,HC,Y3,792,28512,36.0,
26,02,2024,USA,"Bellisio Foods, Inc.",Wonton ND+V,Cooked Wonton,308g*6c*6in,HC,Y3,792,28512,36.0,
01,03,2024,USA,"Bellisio Foods, Inc.",Wonton ND+V,Cooked Wonton,308g*6c*6in,HC,Y3,792,28512,36.0,
01,03,2024,USA,"Bellisio Foods, Inc.",Wonton ND+V,Cooked Wonton,308g*6c*6in,HC,Y3,772,27792,36.0,
23,02,2024,China,"Sam's (Shanghai) Investment Co., Ltd.",R-Wonton no egg,Raw Wonton,750g*8in,S,ซุปซอง 5g.,199,1592,8.0,
28,02,2024,SG,CPI SINGAPORE,R-Wonton (Fried Sheet),Raw Wonton,600g*10inner,S,,200,2000,10.0,
26,02,2024,USA,"Bellisio Foods, Inc.",Minced WT,Cooked Wonton,145g*8,BK,Regular,70.25,562,8.0,
05,03,2024,USA,"Bellisio Foods, Inc.",Minced WT,Cooked Wonton,145g*8,BK,Regular,1400,19800,14.142857142857142,
12,03,2024,USA,"Bellisio Foods, Inc.",Minced WT,Cooked Wonton,145g*8,BK,Regular,700,19800,28.285714285714285,
05,03,2024,Malay,CPM Malaysia,Wonton,Cooked Wonton,145g*24,M,Regular,900,21600,24.0,
05,03,2024,Malay,CPM Malaysia,Wonton TY,Cooked Wonton,115g*24,M,TYTB3C 30G,800,19200,24.0,
28,02,2024,SG,CPI SINGAPORE,Wonton TY,Cooked Wonton,115g*24,M,TYTB3C 30G,250,6000,24.0,
26,02,2024,.7-11,ถ้วยขาวพิมพ์กดสีฟ้า,Wonton,Cooked Wonton,130g*24,SS,Regular,2447,58728,24.0,
12,03,2024,CAN,Bellisio Foods Canada,Minced ND,Cooked Wonton,258g*12,BK,Regular,1641.0833333333333,19693,12.0,
05,03,2024,Malay,CPM Malaysia,R-Wonton egg past,Raw Wonton,154g*20inner,S,ซุปซอง 5g.,400,8000,20.0,
05,03,2024,Korea,Consumer Package Commerce,R-Wonton egg past,Raw Wonton,154g*40in,S,ซุปซอง 5g.,485,19400,40.0,
12,03,2024,CAN,Bellisio Foods Canada,Minced ND,Cooked Wonton,258g*12,BK,Regular,958.9166666666666,11507,12.0,
26,02,2024,USA,"Bellisio Foods, Inc.",Minced ND,Cooked Wonton,258g*8,BK,Regular,34,272,8.0,
05,03,2024,USA,"Bellisio Foods, Inc.",Minced ND,Cooked Wonton,258g*8,BK,Regular,2400,19200,8.0,
12,03,2024,USA,"Bellisio Foods, Inc.",Minced ND,Cooked Wonton,258g*8,BK,Regular,2400,19200,8.0,
01,03,2024,USA,"Bellisio Foods, Inc.",Wonton ND+V,Cooked Wonton,308g*6c*6in,HC,Y3,20,720,36.0,
01,03,2024,USA,"Bellisio Foods, Inc.",Wonton ND+V,Cooked Wonton,308g*6c*6in,HC,Y3,792,28512,36.0,
02,03,2024,USA,"Bellisio Foods, Inc.",Wonton ND+V,Cooked Wonton,308g*6c*6in,HC,Y3,792,28512,36.0,
02,03,2024,USA,"Bellisio Foods, Inc.",Wonton ND+V,Cooked Wonton,308g*6c*6in,HC,Y3,534,19224,36.0,
05,03,2024,Korea,Consumer Package Commerce,R-Wonton egg past,Raw Wonton,154g*40in,S,ซุปซอง 5g.,626,25040,40.0,
01,03,2024,MTFS,ซีพีเอฟ เทรดดิ้ง,E+Wonton,Cooked Wonton,145g*12,M,Regular,12,144,12.0,
28,02,2024,MTFS,ซีพีเอฟ เทรดดิ้ง,E+Wonton,Cooked Wonton,145g*12,M,Regular,1068,12816,12.0,
27,02,2024,.7-11,Seven ถ้วยดำ,E+Wonton,Cooked Wonton,145g*24,M,Regular,1494,35856,24.0,
01,03,2024,.7-11,Seven ถ้วยดำ,E+Wonton,Cooked Wonton,145g*24,M,Regular,1328,31872,24.0,
01,03,2024,MTFS,ซีพีเอฟ เทรดดิ้ง,E+Wonton TY,Cooked Wonton,115g*12,M,TYTB3C 30G,466,5592,12.0,
28,02,2024,MTFS,ซีพีเอฟ เทรดดิ้ง,E+Wonton,Cooked Wonton,90g*3B*6B,M,ซุปซอง 5g.,553,9954,18.0,
01,03,2024,MTFS,ซีพีเอฟ เทรดดิ้ง,E+Wonton,Cooked Wonton,90g*3B*6B,M,ซุปซอง 5g.,856,15408,18.0,
05,03,2024,Korea,Consumer Package Commerce,R-Wonton egg past,Raw Wonton,154g*40in,S,ซุปซอง 5g.,513,20520,40.0,
02,03,2024,China,"Sam's (Shanghai) Investment Co., Ltd.",R-Wonton no egg,Raw Wonton,750g*8in,S,ซุปซอง 5g.,164,1312,8.0,
12,03,2024,USA,"Bellisio Foods, Inc.",Minced ND,Cooked Wonton,258g*8,BK,Regular,1900,15200,8.0,
19,03,2024,USA,"Bellisio Foods, Inc.",Minced ND,Cooked Wonton,258g*8,BK,Regular,1400,11200,8.0,
19,03,2024,USA,"Bellisio Foods, Inc.",Minced ND,Cooked Wonton,258g*8,BK,Regular,1900,15200,8.0,
02,03,2024,USA,"Bellisio Foods, Inc.",Wonton ND+V,Cooked Wonton,308g*6c*6in,HC,Y3,258,9288,36.0,
05,03,2024,USA,"Bellisio Foods, Inc.",Wonton ND+V,Cooked Wonton,308g*6c*6in,HC,Y3,792,28512,36.0,
05,03,2024,USA,"Bellisio Foods, Inc.",Wonton ND+V,Cooked Wonton,308g*6c*6in,HC,Y3,489,17604,36.0,
28,02,2024,MTFS,ซีพีเอฟ เทรดดิ้ง,E+Wonton,Cooked Wonton,145g*12,M,Regular,477,5724,12.0,
01,03,2024,MTFS,ซีพีเอฟ เทรดดิ้ง,E+Wonton,Cooked Wonton,145g*12,M,Regular,417,5004,12.0,
28,02,2024,MTFS,ซีพีเอฟ เทรดดิ้ง,E+Wonton+หมาล่า,Cooked Wonton,143g*12,SS,หมาล่า,233,2796,12.0,
28,02,2024,.7-11,ซีพีเอฟ เทรดดิ้ง,E+Wonton+หมาล่า,Cooked Wonton,143g*24,SS,หมาล่า,995,23880,24.0,
02,03,2024,China,"Sam's (Shanghai) Investment Co., Ltd.",R-Wonton no egg,Raw Wonton,750g*8in,S,ซุปซอง 5g.,633,5064,8.0,
01,03,2024,CAN,"CP Foods Canada,Inc (CPFC)",Wonton,Cooked Wonton,145g*6c*6in,HC,Y3,1288,46368,36.0,
01,03,2024,CAN,"CP Foods Canada,Inc (CPFC)",Wonton,Cooked Wonton,145g*6c*6in,HC,Y3,1288,46368,36.0,
07,03,2024,CAN,"CP Foods Canada,Inc (CPFC)",Wonton,Cooked Wonton,145g*6c*6in,HC,Y3,1288,46368,36.0,
05,03,2024,USA,"Bellisio Foods, Inc.",Wonton ND+V,Cooked Wonton,308g*6c*6in,HC,Y3,303,10908,36.0,
05,03,2024,USA,"Bellisio Foods, Inc.",Wonton ND+V,Cooked Wonton,308g*6c*6in,HC,Y3,792,28512,36.0,
05,03,2024,USA,"Bellisio Foods, Inc.",Wonton ND+V,Cooked Wonton,308g*6c*6in,HC,Y3,792,28512,36.0,
05,03,2024,USA,"Bellisio Foods, Inc.",Wonton ND+V,Cooked Wonton,308g*6c*6in,HC,Y3,792,28512,36.0,
06,03,2024,USA,"Bellisio Foods, Inc.",Wonton ND+V,Cooked Wonton,308g*6c*6in,HC,Y3,792,28512,36.0,
06,03,2024,USA,"Bellisio Foods, Inc.",Wonton ND+V,Cooked Wonton,308g*6c*6in,HC,Y3,293,10548,36.0,
02,03,2024,China,"Sam's (Shanghai) Investment Co., Ltd.",R-Wonton no egg,Raw Wonton,750g*8in,S,ซุปซอง 5g.,611,4888,8.0,
04,03,2024,HK,CPM Hongkong,R-Minced egg past,Raw Wonton,90g*18in,BK,ซุปซอง 5g.,250,4500,18.0,
19,03,2024,USA,"Bellisio Foods, Inc.",Minced ND,Cooked Wonton,258g*8,BK,Regular,1900,15200,8.0,
25,03,2024,USA,"Bellisio Foods, Inc.",Minced ND,Cooked Wonton,258g*8,BK,Regular,1900,15200,8.0,
06,03,2024,USA,"Bellisio Foods, Inc.",Wonton ND+V,Cooked Wonton,308g*6c*6in,HC,Y3,499,17964,36.0,
06,03,2024,USA,"Bellisio Foods, Inc.",Wonton ND+V,Cooked Wonton,308g*6c*6in,HC,Y3,792,28512,36.0,
06,03,2024,USA,"Bellisio Foods, Inc.",Wonton ND+V,Cooked Wonton,308g*6c*6in,HC,Y3,792,28512,36.0,
07,03,2024,USA,"Bellisio Foods, Inc.",Wonton ND+V,Cooked Wonton,308g*6c*6in,HC,Y3,792,28512,36.0,
08,03,2024,USA,"Bellisio Foods, Inc.",Wonton ND+V,Cooked Wonton,308g*6c*6in,HC,Y3,161,5796,36.0,
04,03,2024,HK,CPM Hongkong,R-Wonton egg past,Raw Wonton,101g*18in,S,ซุปซอง 5g.,1650,29700,18.0,
04,03,2024,.7-11,Seven ถ้วยดำ,E+Wonton,Cooked Wonton,145g*24,M,Regular,6221,149304,24.0,
12,03,2024,Korea,Consumer Package Commerce,R-Wonton egg past,Raw Wonton,630g*10inner,S,ซุปซอง 5g.,654,6540,10.0,
28,03,2024,AUS,CPF Australia Pty Ltd.,Wonton ND+V,Cooked Wonton,308g*6c*6in,HC,Regular,792,28512,36.0,
20,03,2024,Spain,Mercadona,Wonton ND+V,Cooked Wonton,309g*12,HC,Regular,2520,30240,12.0,
27,03,2024,Spain,Mercadona,Wonton ND+V,Cooked Wonton,309g*12,HC,Regular,2520,30240,12.0,
12,03,2024,UK,Westbridge Foods Limited,Wonton ND+V+TY,Cooked Wonton,307g*4c*6in,M,TYEX+CO,924,22176,24.0,
05,03,2024,Denmark,CPF DENMARK,Wonton ND+V+TY,Cooked Wonton,309g*8,M,TYANS+CM,3500,28000,8.0,
12,03,2024,Korea,Consumer Package Commerce,R-Wonton egg past,Raw Wonton,630g*10inner,S,ซุปซอง 5g.,853,8530,10.0,
11,03,2024,USA,"Bellisio Foods, Inc.",C-WT in tray no egg,Cooked Wonton,117*2tray*8in,M,Sesame 15g,650,10400,16.0,
11,03,2024,USA,"Bellisio Foods, Inc.",C-WT in tray no egg,Cooked Wonton,117*2tray*8in,M,Sesame 15g,600,9600,16.0,
19,03,2024,USA,"Bellisio Foods, Inc.",C-WT in tray no egg,Cooked Wonton,117*2tray*8in,M,Sesame 15g,650,10400,16.0,
19,03,2024,USA,"Bellisio Foods, Inc.",C-WT in tray no egg,Cooked Wonton,117*2tray*8in,M,Sesame 15g,600,9600,16.0,
19,03,2024,USA,"Bellisio Foods, Inc.",C-WT in tray no egg,Cooked Wonton,117*2tray*8in,M,Sesame 15g,600,9600,16.0,
25,03,2024,USA,"Bellisio Foods, Inc.",C-WT in tray no egg,Cooked Wonton,117*2tray*8in,M,Sesame 15g,650,10400,16.0,
02,04,2024,USA,"Bellisio Foods, Inc.",C-WT in tray no egg,Cooked Wonton,117*2tray*8in,M,Sesame 15g,650,10400,16.0,
03,04,2024,New Zealand,Lim Brothers,C-Minced WT in tray no egg,Cooked Wonton,117*2tray*8in,BK,Sesame 15g,378,6048,16.0,
14,03,2024,Korea,Consumer Package Commerce,R-Wonton egg past,Raw Wonton,630g*10inner,S,ซุปซอง 5g.,549,5490,10.0,
09,03,2024,USA,"Bellisio Foods, Inc.",R-Wonton no egg,Raw Wonton,580g*10in,S,ซุปซอง 5g.,250,2500,10.0,
19,03,2024,UK,Westbridge Foods Limited (One UK),Wonton,Cooked Wonton,148g*6c*6in,HC,Regular,1288,46368,36.0,
26,03,2024,UK,Westbridge Foods Limited (One UK),Wonton,Cooked Wonton,148g*6c*6in,HC,Regular,1288,46368,36.0,
12,03,2024,USA,"Bellisio Foods, Inc.",Minced WT,Cooked Wonton,145g*8,BK,Regular,1400,19800,14.142857142857142,
19,03,2024,USA,"Bellisio Foods, Inc.",Minced WT,Cooked Wonton,145g*8,BK,Regular,1900,19800,10.421052631578947,
19,03,2024,USA,"Bellisio Foods, Inc.",Minced WT,Cooked Wonton,145g*8,BK,Regular,1400,19800,14.142857142857142,
19,03,2024,USA,"Bellisio Foods, Inc.",Minced WT,Cooked Wonton,145g*8,BK,Regular,1400,19800,14.142857142857142,
25,03,2024,USA,"Bellisio Foods, Inc.",Minced WT,Cooked Wonton,145g*8,BK,Regular,1022,19800,19.373776908023483,
09,03,2024,USA,"Bellisio Foods, Inc.",R-Wonton no egg,Raw Wonton,580g*10in,S,ซุปซอง 5g.,550,5500,10.0,
07,03,2024,.7-11,ถ้วยขาวพิมพ์กดสีฟ้า,Wonton,Cooked Wonton,130g*24,SS,Regular,6411,153864,24.0,
14,03,2024,Korea,Consumer Package Commerce,R-Wonton egg past,Raw Wonton,154g*40in,S,ซุปซอง 5g.,409,16360,40.0,
08,03,2024,USA,"Bellisio Foods, Inc.",Wonton ND+V,Cooked Wonton,308g*6c*6in,HC,Y3,279,10044,36.0,
08,03,2024,USA,"Bellisio Foods, Inc.",Wonton ND+V,Cooked Wonton,308g*6c*6in,HC,Y3,792,28512,36.0,
08,03,2024,USA,"Bellisio Foods, Inc.",Wonton ND+V,Cooked Wonton,308g*6c*6in,HC,Y3,792,28512,36.0,
08,03,2024,USA,"Bellisio Foods, Inc.",Wonton ND+V,Cooked Wonton,308g*6c*6in,HC,Y3,792,28512,36.0,
08,03,2024,USA,"Bellisio Foods, Inc.",Wonton ND+V,Cooked Wonton,308g*6c*6in,HC,Y3,792,28512,36.0,
13,03,2024,USA,"Bellisio Foods, Inc.",Wonton ND+V,Cooked Wonton,308g*6c*6in,HC,Y3,603,21708,36.0,
14,03,2024,Korea,Consumer Package Commerce,R-Wonton egg past,Raw Wonton,154g*40in,S,ซุปซอง 5g.,432,17280,40.0,
02,04,2024,USA,"Bellisio Foods, Inc.",Minced ND,Cooked Wonton,258g*8,BK,Regular,1900,15200,8.0,
08,04,2024,USA,"Bellisio Foods, Inc.",Minced ND,Cooked Wonton,258g*8,BK,Regular,2400,19200,8.0,
13,03,2024,USA,"Bellisio Foods, Inc.",Wonton ND+V,Cooked Wonton,308g*6c*6in,HC,Y3,189,6804,36.0,
13,03,2024,USA,"Bellisio Foods, Inc.",Wonton ND+V,Cooked Wonton,308g*6c*6in,HC,Y3,792,28512,36.0,
14,03,2024,USA,"Bellisio Foods, Inc.",Wonton ND+V,Cooked Wonton,308g*6c*6in,HC,Y3,792,28512,36.0,
14,03,2024,USA,"Bellisio Foods, Inc.",Wonton ND+V,Cooked Wonton,308g*6c*6in,HC,Y3,792,28512,36.0,
14,03,2024,USA,"Bellisio Foods, Inc.",Wonton ND+V,Cooked Wonton,308g*6c*6in,HC,Y3,245,8820,36.0,
14,03,2024,Korea,Consumer Package Commerce,R-Wonton egg past,Raw Wonton,154g*40in,S,ซุปซอง 5g.,469,18760,40.0,
20,03,2024,CAN,Bellisio Foods Canada,Minced ND,Cooked Wonton,258g*12,BK,Regular,2600,31200,12.0,
14,03,2024,USA,"Bellisio Foods, Inc.",Wonton ND+V,Cooked Wonton,308g*6c*6in,HC,Y3,547,19692,36.0,
14,03,2024,USA,"Bellisio Foods, Inc.",Wonton ND+V,Cooked Wonton,308g*6c*6in,HC,Y3,792,28512,36.0,
14,03,2024,USA,"Bellisio Foods, Inc.",Wonton ND+V,Cooked Wonton,308g*6c*6in,HC,Y3,792,28512,36.0,
14,03,2024,USA,"Bellisio Foods, Inc.",Wonton ND+V,Cooked Wonton,308g*6c*6in,HC,Y3,649,23364,36.0,
14,03,2024,Korea,Consumer Package Commerce,R-Wonton egg past,Raw Wonton,154g*40in,S,ซุปซอง 5g.,314,12560,40.0,
12,03,2024,MTFS,ซีพีเอฟ เทรดดิ้ง,R-Wonton no egg,Raw Wonton,220g*12in,SS,,177,2124,12.0,
14,03,2024,USA,"Bellisio Foods, Inc.",Wonton ND+V,Cooked Wonton,308g*6c*6in,HC,Y3,143,5148,36.0,
14,03,2024,USA,"Bellisio Foods, Inc.",Wonton ND+V,Cooked Wonton,308g*6c*6in,HC,Y3,792,28512,36.0,
14,03,2024,USA,"Bellisio Foods, Inc.",Wonton ND+V,Cooked Wonton,308g*6c*6in,HC,Y3,792,28512,36.0,
15,03,2024,USA,"Bellisio Foods, Inc.",Wonton ND+V,Cooked Wonton,308g*6c*6in,HC,Y3,792,28512,36.0,
15,03,2024,USA,"Bellisio Foods, Inc.",Wonton ND+V,Cooked Wonton,308g*6c*6in,HC,Y3,792,28512,36.0,
18,03,2024,USA,"Bellisio Foods, Inc.",Wonton ND+V,Cooked Wonton,308g*6c*6in,HC,Y3,732,26352,36.0,
12,03,2024,MTFS,ซีพีเอฟ เทรดดิ้ง,R-Wonton no egg,Raw Wonton,220g*12in,SS,,272,3264,12.0,
26,03,2024,Taiwan,CP TAIWAN,R-Wonton no egg,Raw Wonton,154g*40inner,M,ซุปซอง 5g.,138,5520,40.0,
18,03,2024,USA,"Bellisio Foods, Inc.",Wonton ND+V,Cooked Wonton,308g*6c*6in,HC,Y3,60,2160,36.0,
18,03,2024,USA,"Bellisio Foods, Inc.",Wonton ND+V,Cooked Wonton,308g*6c*6in,HC,Y3,792,28512,36.0,
18,03,2024,USA,"Bellisio Foods, Inc.",Wonton ND+V,Cooked Wonton,308g*6c*6in,HC,Y3,792,28512,36.0,
18,03,2024,USA,"Bellisio Foods, Inc.",Wonton ND+V,Cooked Wonton,308g*6c*6in,HC,Y3,792,28512,36.0,
18,03,2024,USA,"Bellisio Foods, Inc.",Wonton ND+V,Cooked Wonton,308g*6c*6in,HC,Y3,792,28512,36.0,
18,03,2024,USA,"Bellisio Foods, Inc.",Wonton ND+V,Cooked Wonton,308g*6c*6in,HC,Y3,81,2916,36.0,
26,03,2024,Taiwan,CP TAIWAN,R-Wonton no egg,Raw Wonton,154g*40inner,M,ซุปซอง 5g.,428,17120,40.0,
18,03,2024,USA,"Bellisio Foods, Inc.",Wonton ND+V,Cooked Wonton,308g*6c*6in,HC,Y3,711,25596,36.0,
19,03,2024,USA,"Bellisio Foods, Inc.",Wonton ND+V,Cooked Wonton,308g*6c*6in,HC,Y3,792,28512,36.0,
19,03,2024,USA,"Bellisio Foods, Inc.",Wonton ND+V,Cooked Wonton,308g*6c*6in,HC,Y3,792,28512,36.0,
19,03,2024,USA,"Bellisio Foods, Inc.",Wonton ND+V,Cooked Wonton,308g*6c*6in,HC,Y3,792,28512,36.0,
19,03,2024,USA,"Bellisio Foods, Inc.",Wonton ND+V,Cooked Wonton,308g*6c*6in,HC,Y3,792,28512,36.0,
19,03,2024,USA,"Bellisio Foods, Inc.",Wonton ND+V,Cooked Wonton,308g*6c*6in,HC,Y3,355,12780,36.0,
18,03,2024,.7-11,ถ้วยขาวพิมพ์กดสีฟ้า,Wonton,Cooked Wonton,130g*24,SS,Regular,5567,133608,24.0,
26,03,2024,Taiwan,CP TAIWAN,R-Wonton no egg,Raw Wonton,154g*40inner,M,ซุปซอง 5g.,474,18960,40.0,
19,03,2024,USA,"Bellisio Foods, Inc.",Wonton ND+V,Cooked Wonton,308g*6c*6in,HC,Y3,437,15732,36.0,
19,03,2024,USA,"Bellisio Foods, Inc.",Wonton ND+V,Cooked Wonton,308g*6c*6in,HC,Y3,792,28512,36.0,
19,03,2024,USA,"Bellisio Foods, Inc.",Wonton ND+V,Cooked Wonton,308g*6c*6in,HC,Y3,792,28512,36.0,
19,03,2024,USA,"Bellisio Foods, Inc.",Wonton ND+V,Cooked Wonton,308g*6c*6in,HC,Y3,792,28512,36.0,
19,03,2024,USA,"Bellisio Foods, Inc.",Wonton ND+V,Cooked Wonton,308g*6c*6in,HC,Y3,792,28512,36.0,
19,03,2024,USA,"Bellisio Foods, Inc.",Wonton ND+V,Cooked Wonton,308g*6c*6in,HC,Y3,343,12348,36.0,
26,03,2024,Taiwan,CP TAIWAN,R-Wonton no egg,Raw Wonton,154g*40inner,M,ซุปซอง 5g.,452,18080,40.0,
01,04,2024,.7-11,ถ้วยขาวพิมพ์กดสีฟ้า,Wonton,Cooked Wonton,130g*24,SS,Regular,1752,42048,24.0,
26,03,2024,USA,"Bellisio Foods, Inc.",Minced WT,Cooked Wonton,145g*8,BK,Regular,378,19800,52.38095238095238,
02,04,2024,USA,"Bellisio Foods, Inc.",Minced WT,Cooked Wonton,145g*8,BK,Regular,1400,19800,14.142857142857142,
27,03,2024,USA,"Bellisio Foods, Inc.",Minced WT,Cooked Wonton,145g*8,BK,Regular,600,19800,33.0,
18,04,2024,USA,"Bellisio Foods, Inc.",Minced WT,Cooked Wonton,145g*8,BK,Regular,350,19800,56.57142857142857,
19,03,2024,China,"Charoen Pokphand Import&Export Trading (Shanghai) Co., Ltd",Wonton+TY,Cooked Wonton,147g*6c*6in,M,TYEX+CO,145,5220,36.0,
21,03,2024,China,"Charoen Pokphand Import&Export Trading (Shanghai) Co., Ltd",Wonton+TY,Cooked Wonton,147g*6c*6in,M,TYEX+CO,143,5148,36.0,
25,04,2024,AUS,CPF Australia Pty Ltd.,Wonton ND+V+TY,Cooked Wonton,307g*4c*6in,M,TYEX+CO,924,22176,24.0,
26,03,2024,Taiwan,CP TAIWAN,R-Wonton no egg,Raw Wonton,154g*40inner,M,ซุปซอง 5g.,132,5280,40.0,
02,04,2024,Korea,Consumer Package Commerce,R-Wonton egg past,Raw Wonton,154g*40in,S,ซุปซอง 5g.,345,13800,40.0,
19,03,2024,USA,"Bellisio Foods, Inc.",Wonton ND+V,Cooked Wonton,308g*6c*6in,HC,Y3,449,16164,36.0,
19,03,2024,USA,"Bellisio Foods, Inc.",Wonton ND+V,Cooked Wonton,308g*6c*6in,HC,Y3,792,28512,36.0,
19,03,2024,USA,"Bellisio Foods, Inc.",Wonton ND+V,Cooked Wonton,308g*6c*6in,HC,Y3,792,28512,36.0,
22,03,2024,USA,"Bellisio Foods, Inc.",Wonton ND+V,Cooked Wonton,308g*6c*6in,HC,Y3,792,28512,36.0,
22,03,2024,USA,"Bellisio Foods, Inc.",Wonton ND+V,Cooked Wonton,308g*6c*6in,HC,Y3,662,23832,36.0,
02,04,2024,Korea,Consumer Package Commerce,R-Wonton egg past,Raw Wonton,154g*40in,S,ซุปซอง 5g.,536,21440,40.0,
22,03,2024,USA,"Bellisio Foods, Inc.",Wonton ND+V,Cooked Wonton,308g*6c*6in,HC,Y3,130,4680,36.0,
22,03,2024,USA,"Bellisio Foods, Inc.",Wonton ND+V,Cooked Wonton,308g*6c*6in,HC,Y3,792,28512,36.0,
22,03,2024,USA,"Bellisio Foods, Inc.",Wonton ND+V,Cooked Wonton,308g*6c*6in,HC,Y3,792,28512,36.0,
22,03,2024,USA,"Bellisio Foods, Inc.",Wonton ND+V,Cooked Wonton,308g*6c*6in,HC,Y3,792,28512,36.0,
25,03,2024,USA,"Bellisio Foods, Inc.",Wonton ND+V,Cooked Wonton,308g*6c*6in,HC,Y3,792,28512,36.0,
25,03,2024,USA,"Bellisio Foods, Inc.",Wonton ND+V,Cooked Wonton,308g*6c*6in,HC,Y3,596,21456,36.0,
02,04,2024,Korea,Consumer Package Commerce,R-Wonton egg past,Raw Wonton,154g*40in,S,ซุปซอง 5g.,453,18120,40.0,
25,03,2024,USA,"Bellisio Foods, Inc.",Wonton ND+V,Cooked Wonton,308g*6c*6in,HC,Y3,196,7056,36.0,
25,03,2024,USA,"Bellisio Foods, Inc.",Wonton ND+V,Cooked Wonton,308g*6c*6in,HC,Y3,792,28512,36.0,
25,03,2024,USA,"Bellisio Foods, Inc.",Wonton ND+V,Cooked Wonton,308g*6c*6in,HC,Y3,792,28512,36.0,
25,03,2024,USA,"Bellisio Foods, Inc.",Wonton ND+V,Cooked Wonton,308g*6c*6in,HC,Y3,792,28512,36.0,
25,03,2024,USA,"Bellisio Foods, Inc.",Wonton ND+V,Cooked Wonton,308g*6c*6in,HC,Y3,508,18288,36.0,
26,03,2024,Denmark,CPF DENMARK,Wonton ND+V+TY,Cooked Wonton,309g*8,M,TYANS+CM,3500,28000,8.0,
02,04,2024,Korea,Consumer Package Commerce,R-Wonton egg past,Raw Wonton,154g*40in,S,ซุปซอง 5g.,290,11600,40.0,
02,04,2024,Korea,Consumer Package Commerce,R-Wonton egg past,Raw Wonton,630g*10inner,S,ซุปซอง 5g.,288,2880,10.0,
27,03,2024,USA,"Bellisio Foods, Inc.",Minced ND,Cooked Wonton,258g*4c*6in,BK,Regular,1000,24000,24.0,
18,04,2024,USA,"Bellisio Foods, Inc.",Minced ND,Cooked Wonton,258g*4c*6in,BK,Regular,800,19200,24.0,
25,03,2024,USA,"Bellisio Foods, Inc.",Wonton ND+V,Cooked Wonton,308g*6c*6in,HC,Y3,284,10224,36.0,
26,03,2024,USA,"Bellisio Foods, Inc.",Wonton ND+V,Cooked Wonton,308g*6c*6in,HC,Y3,792,28512,36.0,
26,03,2024,USA,"Bellisio Foods, Inc.",Wonton ND+V,Cooked Wonton,308g*6c*6in,HC,Y3,792,28512,36.0,
26,03,2024,USA,"Bellisio Foods, Inc.",Wonton ND+V,Cooked Wonton,308g*6c*6in,HC,Y3,303,10908,36.0,
01,04,2024,.7-11,ถ้วยขาวพิมพ์กดสีฟ้า,Wonton,Cooked Wonton,130g*24,SS,Regular,5061,121464,24.0,
02,04,2024,Korea,Consumer Package Commerce,R-Wonton egg past,Raw Wonton,630g*10inner,S,ซุปซอง 5g.,510,5100,10.0,
03,04,2024,CAN,Bellisio Foods Canada,Minced ND,Cooked Wonton,258g*12,BK,Regular,2600,31200,12.0,
26,03,2024,USA,"Bellisio Foods, Inc.",Wonton ND+V,Cooked Wonton,308g*6c*6in,HC,Y3,489,17604,36.0,
26,03,2024,USA,"Bellisio Foods, Inc.",Wonton ND+V,Cooked Wonton,308g*6c*6in,HC,Y3,792,28512,36.0,
27,03,2024,USA,"Bellisio Foods, Inc.",Wonton ND+V,Cooked Wonton,308g*6c*6in,HC,Y3,792,28512,36.0,
27,03,2024,USA,"Bellisio Foods, Inc.",Wonton ND+V,Cooked Wonton,308g*6c*6in,HC,Y3,245,8820,36.0,
02,04,2024,Korea,Consumer Package Commerce,R-Wonton egg past,Raw Wonton,630g*10inner,S,ซุปซอง 5g.,508,5080,10.0,
01,04,2024,MTFS,ซีพีเอฟ เทรดดิ้ง,E+Wonton,Cooked Wonton,145g*12,M,Regular,12,144,12.0,
01,04,2024,MTFS,ซีพีเอฟ เทรดดิ้ง,E+Wonton TY,Cooked Wonton,115g*12,M,TYTB3C 30G,403,4836,12.0,
21,03,2024,MTFS,ซีพีเอฟ เทรดดิ้ง,E+Wonton+หมาล่า,Cooked Wonton,143g*18,SS,หมาล่า,647,11646,18.0,
27,03,2024,.7-11,ซีพีเอฟ เทรดดิ้ง,E+Wonton+หมาล่า,Cooked Wonton,143g*24,SS,หมาล่า,808,19392,24.0,
02,04,2024,Korea,Consumer Package Commerce,R-Wonton egg past,Raw Wonton,630g*10inner,S,ซุปซอง 5g.,504,5040,10.0,
01,04,2024,.7-11,Seven ถ้วยดำ,E+Wonton,Cooked Wonton,145g*24,M,Regular,4408,105792,24.0,
02,04,2024,Korea,Consumer Package Commerce,R-Wonton egg past,Raw Wonton,630g*10inner,S,ซุปซอง 5g.,246,2460,10.0,
09,04,2024,Belgium,CPF EUROPE S.A.,R-Wonton no egg,Raw Wonton,630g*10inner,M,ซุปซอง 5g.,240,2400,10.0,
27,03,2024,USA,"Bellisio Foods, Inc.",Wonton ND+V,Cooked Wonton,308g*6c*6in,HC,Y3,547,19692,36.0,
27,03,2024,USA,"Bellisio Foods, Inc.",Wonton ND+V,Cooked Wonton,308g*6c*6in,HC,Y3,792,28512,36.0,
27,03,2024,USA,"Bellisio Foods, Inc.",Wonton ND+V,Cooked Wonton,308g*6c*6in,HC,Y3,792,28512,36.0,
27,03,2024,USA,"Bellisio Foods, Inc.",Wonton ND+V,Cooked Wonton,308g*6c*6in,HC,Y3,767,27612,36.0,
09,04,2024,Belgium,CPF EUROPE S.A.,R-Wonton no egg,Raw Wonton,630g*10inner,M,ซุปซอง 5g.,260,2600,10.0,
05,04,2024,China,"Sam's (Shanghai) Investment Co., Ltd.",R-Wonton no egg,Raw Wonton,750g*8in,S,ซุปซอง 5g.,286,2288,8.0,
26,03,2024,USA,"Bellisio Foods, Inc.",Wonton ND+V,Cooked Wonton,308g*6c*6in,HC,Y3,25,900,36.0,
26,03,2024,USA,"Bellisio Foods, Inc.",Wonton ND+V,Cooked Wonton,308g*6c*6in,HC,Y3,792,28512,36.0,
27,03,2024,USA,"Bellisio Foods, Inc.",Wonton ND+V,Cooked Wonton,308g*6c*6in,HC,Y3,792,28512,36.0,
27,03,2024,USA,"Bellisio Foods, Inc.",Wonton ND+V,Cooked Wonton,308g*6c*6in,HC,Y3,792,28512,36.0,
27,03,2024,USA,"Bellisio Foods, Inc.",Wonton ND+V,Cooked Wonton,308g*6c*6in,HC,Y3,792,28512,36.0,
28,03,2024,USA,"Bellisio Foods, Inc.",Wonton ND+V,Cooked Wonton,308g*6c*6in,HC,Y3,655,23580,36.0,
05,04,2024,China,"Sam's (Shanghai) Investment Co., Ltd.",R-Wonton no egg,Raw Wonton,750g*8in,S,ซุปซอง 5g.,539,4312,8.0,
12,04,2024,CAN,Bellisio Foods Canada,Minced ND,Cooked Wonton,258g*12,BK,Regular,1773,21276,12.0,
04,04,2024,AUS,CPF Australia Pty Ltd.,Wonton ND+V,Cooked Wonton,308g*6c*6in,HC,Regular,792,28512,36.0,
18,04,2024,AUS,CPF Australia Pty Ltd.,Wonton ND+V,Cooked Wonton,308g*6c*6in,HC,Regular,792,28512,36.0,
05,04,2024,New Zealand,Lim Brothers,Wonton ND+V,Cooked Wonton,305g*8,HC,Regular,810,6480,8.0,
10,04,2024,AUS,CPF Australia Pty Ltd.,Wonton ND+V,Cooked Wonton,305g*8,HC,Regular,1000,8000,8.0,
09,04,2024,Belgium,CPF EUROPE S.A.,Wonton ND+V,Cooked Wonton,309g*8,HC,Regular,800,6400,8.0,
02,04,2024,Germany,CPF Distribution (under Paulsen Food),Wonton ND+V,Cooked Wonton,309g*12,HC,Regular,2040,24480,12.0,
02,04,2024,Germany,CPF Distribution (under Paulsen Food),Minced ND+V+TK,Cooked Wonton,302g*12,BK,Tomkha+CM,2040,24480,12.0,
05,04,2024,New Zealand,Lim Brothers,Minced ND+V+TK,Cooked Wonton,302g*8,BK,Tomkha+CM,162,1296,8.0,
27,05,2024,BRUNEI,Ben Foods,Minced ND+V+TK,Cooked Wonton,302g*8,BK,Tomkha+CM,150,1200,8.0,
29,03,2024,CAN,"CP Foods Canada,Inc (CPFC)",Wonton,Cooked Wonton,145g*6c*6in,HC,Y3,1288,46368,36.0,
29,03,2024,CAN,"CP Foods Canada,Inc (CPFC)",Wonton,Cooked Wonton,145g*6c*6in,HC,Y3,1288,46368,36.0,
29,03,2024,CAN,"CP Foods Canada,Inc (CPFC)",Wonton,Cooked Wonton,145g*6c*6in,HC,Y3,692,24912,36.0,
09,04,2024,Belgium,CPF EUROPE S.A.,Wonton +V,Cooked Wonton,145g*8,HC,Regular,2000,16000,8.0,
05,04,2024,China,"Sam's (Shanghai) Investment Co., Ltd.",R-Wonton no egg,Raw Wonton,750g*8in,S,ซุปซอง 5g.,538,4304,8.0,
29,03,2024,CAN,"CP Foods Canada,Inc (CPFC)",Wonton,Cooked Wonton,145g*6c*6in,HC,Y3,596,21456,36.0,
10,04,2024,CAN,"CP Foods Canada,Inc (CPFC)",Wonton,Cooked Wonton,145g*6c*6in,HC,Y3,1288,46368,36.0,
10,04,2024,CAN,"CP Foods Canada,Inc (CPFC)",Wonton,Cooked Wonton,145g*6c*6in,HC,Y3,1288,46368,36.0,
10,04,2024,CAN,"CP Foods Canada,Inc (CPFC)",Wonton,Cooked Wonton,145g*6c*6in,HC,Y3,1288,46368,36.0,
05,04,2024,China,"Sam's (Shanghai) Investment Co., Ltd.",R-Wonton no egg,Raw Wonton,750g*8in,S,ซุปซอง 5g.,45,360,8.0,
01,04,2024,MTFS,ซีพีเอฟ เทรดดิ้ง,R-Wonton no egg,Raw Wonton,220g*12in,SS,,153,1836,12.0,
01,04,2024,MTFS,ซีพีเอฟ เทรดดิ้ง,R-Wonton no egg,Raw Wonton,220g*12in,SS,,37,444,12.0,
10,04,2024,SG,CPI SINGAPORE,R-Wonton egg past,Raw Wonton,194g*20in,JB,ซุปซอง 5g.,500,10000,20.0,
05,04,2024,New Zealand,Lim Brothers,Minced ND+Kee Mao,Cooked Wonton,219g*8,BK,Kee Mao 50G.,162,1296,8.0,
10,04,2024,Netherlands,Westbridge Foods Limited (One UK),Wonton,Cooked Wonton,148g*6c*6in,HC,Regular,1288,46368,36.0,
17,04,2024,UK,Westbridge Foods Limited (One UK),Wonton,Cooked Wonton,148g*6c*6in,HC,Regular,1288,46368,36.0,
18,04,2024,Japan,CPF JAPAN,Wonton,Cooked Wonton,148g*6c*6in,M,Regular,1288,46368,36.0,
10,04,2024,SG,CPI SINGAPORE,R-Minced egg past,Raw Wonton,90g*18in,BK,ซุปซอง 5g.,300,5400,18.0,
02,05,2024,HK,CPM Hongkong,R-Minced egg past,Raw Wonton,90g*18in,BK,ซุปซอง 5g.,200,3600,18.0,
24,04,2024,Malay,CPM Malaysia,R-Wonton egg past,Raw Wonton,154g*20inner,S,ซุปซอง 5g.,350,7000,20.0,
10,04,2024,SG,CPI SINGAPORE,R-Wonton egg past,Raw Wonton,154g*20in,S,ซุปซอง 5g.,212,4240,20.0,
30,03,2024,USA,"Bellisio Foods, Inc.",Wonton ND+V,Cooked Wonton,308g*6c*6in,HC,Y3,493,17748,36.0,
30,03,2024,USA,"Bellisio Foods, Inc.",Wonton ND+V,Cooked Wonton,308g*6c*6in,HC,Y3,792,28512,36.0,
01,04,2024,USA,"Bellisio Foods, Inc.",Wonton ND+V,Cooked Wonton,308g*6c*6in,HC,Y3,792,28512,36.0,
01,04,2024,USA,"Bellisio Foods, Inc.",Wonton ND+V,Cooked Wonton,308g*6c*6in,HC,Y3,792,28512,36.0,
01,04,2024,USA,"Bellisio Foods, Inc.",Wonton ND+V,Cooked Wonton,308g*6c*6in,HC,Y3,792,28512,36.0,
01,04,2024,USA,"Bellisio Foods, Inc.",Wonton ND+V,Cooked Wonton,308g*6c*6in,HC,Y3,444,15984,36.0,
10,04,2024,SG,CPI SINGAPORE,R-Wonton egg past,Raw Wonton,154g*20in,S,ซุปซอง 5g.,988,19760,20.0,
01,04,2024,USA,"Bellisio Foods, Inc.",Wonton ND+V,Cooked Wonton,308g*6c*6in,HC,Y3,348,12528,36.0,
01,04,2024,USA,"Bellisio Foods, Inc.",Wonton ND+V,Cooked Wonton,308g*6c*6in,HC,Y3,656,23616,36.0,
01,04,2024,USA,"Bellisio Foods, Inc.",Wonton ND+V,Cooked Wonton,308g*6c*6in,HC,Y3,136,4896,36.0,
04,04,2024,USA,"Bellisio Foods, Inc.",Wonton ND+V,Cooked Wonton,308g*6c*6in,HC,Y3,792,28512,36.0,
04,04,2024,USA,"Bellisio Foods, Inc.",Wonton ND+V,Cooked Wonton,308g*6c*6in,HC,Y3,792,28512,36.0,
04,04,2024,USA,"Bellisio Foods, Inc.",Wonton ND+V,Cooked Wonton,308g*6c*6in,HC,Y3,792,28512,36.0,
04,04,2024,USA,"Bellisio Foods, Inc.",Wonton ND+V,Cooked Wonton,308g*6c*6in,HC,Y3,296,10656,36.0,
26,04,2024,USA,"Bellisio Foods, Inc.",R-Wonton no egg,Raw Wonton,580g*10in,S,ซุปซอง 5g.,400,4000,10.0,
19,04,2024,MTFS,ซีพีเอฟ เทรดดิ้ง,R-Wonton no egg,Raw Wonton,220g*12in,SS,,199,2388,12.0,
04,04,2024,USA,"Bellisio Foods, Inc.",Wonton ND+V,Cooked Wonton,308g*6c*6in,HC,Y3,496,17856,36.0,
04,04,2024,USA,"Bellisio Foods, Inc.",Wonton ND+V,Cooked Wonton,308g*6c*6in,HC,Y3,792,28512,36.0,
04,04,2024,USA,"Bellisio Foods, Inc.",Wonton ND+V,Cooked Wonton,308g*6c*6in,HC,Y3,792,28512,36.0,
04,04,2024,USA,"Bellisio Foods, Inc.",Wonton ND+V,Cooked Wonton,308g*6c*6in,HC,Y3,392,14112,36.0,
09,04,2024,UK,Westbridge Foods Limited,Wonton ND+V+TY,Cooked Wonton,307g*4c*6in,M,TYEX+CO,924,22176,24.0,
09,04,2024,UK,Westbridge Foods Limited,Wonton ND+V+TY,Cooked Wonton,307g*4c*6in,M,TYEX+CO,924,22176,24.0,
02,05,2024,HK,CPM Hongkong,R-Wonton egg past,Raw Wonton,101g*18in,S,ซุปซอง 5g.,1600,28800,18.0,
04,04,2024,.7-11,ซีพีเอฟ เทรดดิ้ง,Wonton ND+V+TY,Cooked Wonton,211g*12,SS,TYNSF,9952,119424,12.0,
04,04,2024,USA,"Bellisio Foods, Inc.",Wonton ND+V,Cooked Wonton,308g*6c*6in,HC,Y3,400,14400,36.0,
04,04,2024,USA,"Bellisio Foods, Inc.",Wonton ND+V,Cooked Wonton,308g*6c*6in,HC,Y3,792,28512,36.0,
05,04,2024,USA,"Bellisio Foods, Inc.",Wonton ND+V,Cooked Wonton,308g*6c*6in,HC,Y3,792,28512,36.0,
05,04,2024,USA,"Bellisio Foods, Inc.",Wonton ND+V,Cooked Wonton,308g*6c*6in,HC,Y3,792,28512,36.0,
05,04,2024,USA,"Bellisio Foods, Inc.",Wonton ND+V,Cooked Wonton,308g*6c*6in,HC,Y3,792,28512,36.0,
06,04,2024,USA,"Bellisio Foods, Inc.",Wonton ND+V,Cooked Wonton,308g*6c*6in,HC,Y3,564,20304,36.0,
12,04,2024,CAN,Bellisio Foods Canada,Minced ND,Cooked Wonton,258g*12,BK,Regular,827,9924,12.0,
24,04,2024,CAN,Bellisio Foods Canada,Minced ND,Cooked Wonton,258g*12,BK,Regular,2600,31200,12.0,
26,04,2024,USA,"Bellisio Foods, Inc.",Minced WT,Cooked Wonton,145g*8,BK,Regular,1200,19800,16.5,
10,04,2024,SG,CPI SINGAPORE,Wonton,Cooked Wonton,145g*24,M,Regular,250,6000,24.0,
24,04,2024,Malay,CPM Malaysia,Wonton,Cooked Wonton,145g*24,M,Regular,900,21600,24.0,
09,04,2024,Korea,Consumer Package Commerce,Wonton+TY,Cooked Wonton,147g*6c*6in,M,TYEX+CO,1288,46368,36.0,
06,04,2024,USA,"Bellisio Foods, Inc.",Wonton ND+V,Cooked Wonton,308g*6c*6in,HC,Y3,228,8208,36.0,
06,04,2024,USA,"Bellisio Foods, Inc.",Wonton ND+V,Cooked Wonton,308g*6c*6in,HC,Y3,792,28512,36.0,
06,04,2024,USA,"Bellisio Foods, Inc.",Wonton ND+V,Cooked Wonton,308g*6c*6in,HC,Y3,792,28512,36.0,
10,04,2024,USA,"Bellisio Foods, Inc.",Wonton ND+V,Cooked Wonton,308g*6c*6in,HC,Y3,40,1440,36.0,
17,04,2024,.7-11,ถ้วยขาวพิมพ์กดสีฟ้า,Wonton,Cooked Wonton,130g*24,SS,Regular,3067,73608,24.0,
23,04,2024,USA,"Bellisio Foods, Inc.",Minced ND,Cooked Wonton,258g*8,BK,Regular,2400,19200,8.0,
26,04,2024,USA,"Bellisio Foods, Inc.",Minced ND,Cooked Wonton,258g*8,BK,Regular,1200,9600,8.0,
24,04,2024,Malay,CPM Malaysia,Wonton TY,Cooked Wonton,115g*24,M,TYTB3C 30G,850,20400,24.0,
17,04,2024,.7-11,ถ้วยขาวพิมพ์กดสีฟ้า,Wonton,Cooked Wonton,130g*24,SS,Regular,4247,101928,24.0,
25,04,2024,Japan,CPF JAPAN,Wonton,Cooked Wonton,148g*6c*6in,M,Regular,1288,46368,36.0,
22,04,2024,.7-11,ถ้วยขาวพิมพ์กดสีฟ้า,Wonton,Cooked Wonton,130g*24,SS,Regular,3430,82320,24.0,
10,04,2024,USA,"Bellisio Foods, Inc.",Wonton ND+V,Cooked Wonton,308g*6c*6in,HC,Y3,752,27072,36.0,
10,04,2024,USA,"Bellisio Foods, Inc.",Wonton ND+V,Cooked Wonton,308g*6c*6in,HC,Y3,792,28512,36.0,
12,04,2024,USA,"Bellisio Foods, Inc.",Wonton ND+V,Cooked Wonton,308g*6c*6in,HC,Y3,792,28512,36.0,
17,04,2024,USA,"Bellisio Foods, Inc.",Wonton ND+V,Cooked Wonton,308g*6c*6in,HC,Y3,792,28512,36.0,
17,04,2024,USA,"Bellisio Foods, Inc.",Wonton ND+V,Cooked Wonton,308g*6c*6in,HC,Y3,792,28512,36.0,
17,04,2024,USA,"Bellisio Foods, Inc.",Wonton ND+V,Cooked Wonton,308g*6c*6in,HC,Y3,338,12168,36.0,
17,04,2024,MTFS,ซีพีเอฟ เทรดดิ้ง,E+Wonton,Cooked Wonton,145g*12,M,Regular,2722,32664,12.0,
11,04,2024,MTFS,ซีพีเอฟ เทรดดิ้ง,E+Wonton+หมาล่า,Cooked Wonton,143g*18,SS,หมาล่า,1959,35262,18.0,
06,05,2024,MTFS,ซีพีเอฟ เทรดดิ้ง,E+Wonton+หมาล่า,Cooked Wonton,143g*12,SS,หมาล่า,437,5244,12.0,
12,04,2024,.7-11,ซีพีเอฟ เทรดดิ้ง,E+Wonton+หมาล่า,Cooked Wonton,143g*24,SS,หมาล่า,3098,74352,24.0,
17,04,2024,MTFS,ซีพีเอฟ เทรดดิ้ง,E+Wonton NDE,Cooked Wonton,226g*12,M,Regular,385,4620,12.0,
17,04,2024,MTFS,ซีพีเอฟ เทรดดิ้ง,E+Wonton,Cooked Wonton,145g*12,M,Regular,1914,22968,12.0,
17,04,2024,MTFS,ซีพีเอฟ เทรดดิ้ง,E+Wonton,Cooked Wonton,90g*3B*6B,M,ซุปซอง 5g.,789,14202,18.0,
17,04,2024,.7-11,Seven ถ้วยดำ,E+Wonton,Cooked Wonton,145g*24,M,Regular,4355,104520,24.0,
17,04,2024,MTFS,ซีพีเอฟ เทรดดิ้ง,E+Wonton TY,Cooked Wonton,115g*12,M,TYTB3C 30G,759,9108,12.0,
17,04,2024,USA,"Bellisio Foods, Inc.",Minced ND+V,Cooked Wonton,308g*4c*6in,BK,Y3,200,4800,24.0,
17,04,2024,USA,"Bellisio Foods, Inc.",Wonton ND+V,Cooked Wonton,308g*6c*6in,HC,Y3,454,16344,36.0,
17,04,2024,USA,"Bellisio Foods, Inc.",Wonton ND+V,Cooked Wonton,308g*6c*6in,HC,Y3,678,24408,36.0,
25,04,2024,AUS,CPF Australia Pty Ltd.,Wonton ND+V,Cooked Wonton,308g*6c*6in,HC,Regular,792,28512,36.0,
17,04,2024,.7-11,ซีพีเอฟ เทรดดิ้ง,Wonton ND+V+TY,Cooked Wonton,211g*12,SS,TYNSF,48,576,12.0,
17,04,2024,.7-11,ซีพีเอฟ เทรดดิ้ง,Wonton ND+V+TY,Cooked Wonton,211g*12,SS,TYNSF,6000,72000,12.0,
17,04,2024,USA,"Bellisio Foods, Inc.",Wonton ND+V,Cooked Wonton,308g*6c*6in,HC,Y3,114,4104,36.0,
17,04,2024,USA,"Bellisio Foods, Inc.",Wonton ND+V,Cooked Wonton,308g*6c*6in,HC,Y3,792,28512,36.0,
18,04,2024,USA,"Bellisio Foods, Inc.",Wonton ND+V,Cooked Wonton,308g*6c*6in,HC,Y3,792,28512,36.0,
18,04,2024,USA,"Bellisio Foods, Inc.",Wonton ND+V,Cooked Wonton,308g*6c*6in,HC,Y3,792,28512,36.0,
18,04,2024,USA,"Bellisio Foods, Inc.",Wonton ND+V,Cooked Wonton,308g*6c*6in,HC,Y3,792,28512,36.0,
22,04,2024,USA,"Bellisio Foods, Inc.",Wonton ND+V,Cooked Wonton,308g*6c*6in,HC,Y3,696,25056,36.0,
22,04,2024,USA,"Bellisio Foods, Inc.",Wonton ND+V,Cooked Wonton,308g*6c*6in,HC,Y3,96,3456,36.0,
22,04,2024,USA,"Bellisio Foods, Inc.",Wonton ND+V,Cooked Wonton,308g*6c*6in,HC,Y3,792,28512,36.0,
22,04,2024,USA,"Bellisio Foods, Inc.",Wonton ND+V,Cooked Wonton,308g*6c*6in,HC,Y3,792,28512,36.0,
22,04,2024,USA,"Bellisio Foods, Inc.",Wonton ND+V,Cooked Wonton,308g*6c*6in,HC,Y3,792,28512,36.0,
22,04,2024,USA,"Bellisio Foods, Inc.",Wonton ND+V,Cooked Wonton,308g*6c*6in,HC,Y3,792,28512,36.0,
22,04,2024,USA,"Bellisio Foods, Inc.",Wonton ND+V,Cooked Wonton,308g*6c*6in,HC,Y3,365,13140,36.0,
22,04,2024,USA,"Bellisio Foods, Inc.",Wonton ND+V,Cooked Wonton,308g*6c*6in,HC,Y3,427,15372,36.0,
22,04,2024,USA,"Bellisio Foods, Inc.",Wonton ND+V,Cooked Wonton,308g*6c*6in,HC,Y3,792,28512,36.0,
22,04,2024,USA,"Bellisio Foods, Inc.",Wonton ND+V,Cooked Wonton,308g*6c*6in,HC,Y3,792,28512,36.0,
22,04,2024,USA,"Bellisio Foods, Inc.",Wonton ND+V,Cooked Wonton,308g*6c*6in,HC,Y3,162,5832,36.0,
22,04,2024,USA,"Bellisio Foods, Inc.",Wonton ND+V,Cooked Wonton,308g*6c*6in,HC,Y3,630,22680,36.0,
24,04,2024,USA,"Bellisio Foods, Inc.",Wonton ND+V,Cooked Wonton,308g*6c*6in,HC,Y3,638,22968,36.0,
01,05,2024,MTFS,ซีพีเอฟ เทรดดิ้ง,E+Wonton TY,Cooked Wonton,115g*12,M,TYTB3C 30G,865,10380,12.0,
01,05,2024,MTFS,ซีพีเอฟ เทรดดิ้ง,E+Wonton,Cooked Wonton,145g*12,M,Regular,12,144,12.0,
01,05,2024,MTFS,ซีพีเอฟ เทรดดิ้ง,E+Wonton,Cooked Wonton,145g*12,M,Regular,2122,25464,12.0,
01,05,2024,.7-11,Seven ถ้วยดำ,E+Wonton,Cooked Wonton,145g*24,M,Regular,2413,57912,24.0,
01,05,2024,MTFS,ซีพีเอฟ เทรดดิ้ง,E+Wonton NDE,Cooked Wonton,226g*12,M,Regular,634,7608,12.0,
01,05,2024,.7-11,Seven ถ้วยดำ,E+Wonton,Cooked Wonton,145g*24,M,Regular,5610,134640,24.0,
01,05,2024,MTFS,ซีพีเอฟ เทรดดิ้ง,E+Wonton,Cooked Wonton,90g*3B*6B,M,ซุปซอง 5g.,923,16614,18.0,
24,04,2024,USA,"Bellisio Foods, Inc.",Wonton ND+V,Cooked Wonton,308g*6c*6in,HC,Y3,154,5544,36.0,
24,04,2024,USA,"Bellisio Foods, Inc.",Wonton ND+V,Cooked Wonton,308g*6c*6in,HC,Y3,792,28512,36.0,
24,04,2024,USA,"Bellisio Foods, Inc.",Wonton ND+V,Cooked Wonton,308g*6c*6in,HC,Y3,792,28512,36.0,
24,04,2024,USA,"Bellisio Foods, Inc.",Wonton ND+V,Cooked Wonton,308g*6c*6in,HC,Y3,792,28512,36.0,
25,04,2024,USA,"Bellisio Foods, Inc.",Wonton ND+V,Cooked Wonton,308g*6c*6in,HC,Y3,792,28512,36.0,
25,04,2024,USA,"Bellisio Foods, Inc.",Wonton ND+V,Cooked Wonton,308g*6c*6in,HC,Y3,792,28512,36.0,
29,04,2024,USA,"Bellisio Foods, Inc.",Wonton ND+V,Cooked Wonton,308g*6c*6in,HC,Y3,26,936,36.0,
29,04,2024,MTFS,ซีพีเอฟ เทรดดิ้ง,R-Wonton no egg,Raw Wonton,220g*12in,SS,,275,3300,12.0,
01,05,2024,MTFS,ซีพีเอฟ เทรดดิ้ง,R-Wonton no egg,Raw Wonton,220g*12in,SS,,82,984,12.0,
02,05,2024,Korea,Consumer Package Commerce,R-Wonton egg past,Raw Wonton,630g*10inner,S,ซุปซอง 5g.,368,3680,10.0,
29,04,2024,CAN,Bellisio Foods Canada,Minced ND,Cooked Wonton,258g*12,BK,Regular,2600,31200,12.0,
27,05,2024,BRUNEI,Ben Foods,Wonton,Cooked Wonton,145g*24,M,Regular,150,3600,24.0,
02,05,2024,.7-11,ถ้วยขาวพิมพ์กดสีฟ้า,Wonton,Cooked Wonton,130g*24,SS,Regular,2031,48744,24.0,
27,04,2024,China,"Charoen Pokphand Import&Export Trading (Shanghai) Co., Ltd",Wonton+TY,Cooked Wonton,147g*6c*6in,M,TYEX+CO,145,5220,36.0,
27,04,2024,China,"Charoen Pokphand Import&Export Trading (Shanghai) Co., Ltd",Wonton+TY,Cooked Wonton,147g*6c*6in,M,TYEX+CO,390,14040,36.0,
02,05,2024,Korea,Consumer Package Commerce,R-Wonton egg past,Raw Wonton,630g*10inner,S,ซุปซอง 5g.,510,5100,10.0,
08,05,2024,UK,Westbridge Foods Limited (One UK),Wonton,Cooked Wonton,148g*6c*6in,HC,Regular,1288,46368,36.0,
08,05,2024,UK,Westbridge Foods Limited (One UK),Wonton,Cooked Wonton,148g*6c*6in,HC,Regular,1288,46368,36.0,
02,05,2024,CAN,"CP Foods Canada,Inc (CPFC)",Wonton,Cooked Wonton,145g*6c*6in,HC,Y3,1288,46368,36.0,
08,05,2024,CAN,"CP Foods Canada,Inc (CPFC)",Wonton,Cooked Wonton,145g*6c*6in,HC,Y3,222,7992,36.0,
08,05,2024,SG,CPI SINGAPORE,Wonton,Cooked Wonton,145g*24,M,Regular,250,6000,24.0,
02,05,2024,Korea,Consumer Package Commerce,R-Wonton egg past,Raw Wonton,630g*10inner,S,ซุปซอง 5g.,513,5130,10.0,
27,05,2024,.7-11,Seven ถ้วยดำ,E+Wonton,Cooked Wonton,145g*24,M,Regular,2236,53664,24.0,
29,04,2024,.7-11,ซีพีเอฟ เทรดดิ้ง,E+Wonton+หมาล่า,Cooked Wonton,143g*24,SS,หมาล่า,289,6936,24.0,
01,05,2024,.7-11,ซีพีเอฟ เทรดดิ้ง,E+Wonton+หมาล่า,Cooked Wonton,143g*24,SS,หมาล่า,2979,71496,24.0,
29,04,2024,MTFS,ซีพีเอฟ เทรดดิ้ง,E+Wonton+หมาล่า,Cooked Wonton,143g*12,SS,หมาล่า,228,2736,12.0,
02,05,2024,Korea,Consumer Package Commerce,R-Wonton egg past,Raw Wonton,630g*10inner,S,ซุปซอง 5g.,466,4660,10.0,
29,04,2024,USA,"Bellisio Foods, Inc.",Wonton ND+V,Cooked Wonton,308g*6c*6in,HC,Y3,766,27576,36.0,
29,04,2024,USA,"Bellisio Foods, Inc.",Wonton ND+V,Cooked Wonton,308g*6c*6in,HC,Y3,792,28512,36.0,
29,04,2024,USA,"Bellisio Foods, Inc.",Wonton ND+V,Cooked Wonton,308g*6c*6in,HC,Y3,792,28512,36.0,
29,04,2024,USA,"Bellisio Foods, Inc.",Wonton ND+V,Cooked Wonton,308g*6c*6in,HC,Y3,792,28512,36.0,
29,04,2024,USA,"Bellisio Foods, Inc.",Wonton ND+V,Cooked Wonton,308g*6c*6in,HC,Y3,663,23868,36.0,
02,05,2024,Korea,Consumer Package Commerce,R-Wonton egg past,Raw Wonton,630g*10inner,S,ซุปซอง 5g.,199,1990,10.0,
02,05,2024,SG,CPI SINGAPORE,R-Wonton egg past,Raw Wonton,154g*20in,S,ซุปซอง 5g.,330,6600,20.0,
08,05,2024,SG,CPI SINGAPORE,R-Minced egg past,Raw Wonton,90g*18in,BK,ซุปซอง 5g.,300,5400,18.0,
29,04,2024,USA,"Bellisio Foods, Inc.",Wonton ND+V,Cooked Wonton,308g*6c*6in,HC,Y3,129,4644,36.0,
29,04,2024,USA,"Bellisio Foods, Inc.",Wonton ND+V,Cooked Wonton,308g*6c*6in,HC,Y3,792,28512,36.0,
03,05,2024,USA,"Bellisio Foods, Inc.",Wonton ND+V,Cooked Wonton,308g*6c*6in,HC,Y3,792,28512,36.0,
03,05,2024,USA,"Bellisio Foods, Inc.",Wonton ND+V,Cooked Wonton,308g*6c*6in,HC,Y3,792,28512,36.0,
03,05,2024,USA,"Bellisio Foods, Inc.",Wonton ND+V,Cooked Wonton,308g*6c*6in,HC,Y3,17,612,36.0,
07,05,2024,UK,Westbridge Foods Limited,Wonton ND+V+TY,Cooked Wonton,307g*4c*6in,M,TYEX+CO,924,22176,24.0,
07,05,2024,UK,Westbridge Foods Limited,Wonton ND+V+TY,Cooked Wonton,307g*4c*6in,M,TYEX+CO,924,22176,24.0,
07,05,2024,UK,Westbridge Foods Limited,Wonton ND+V+TY,Cooked Wonton,307g*4c*6in,M,TYEX+CO,924,22176,24.0,
02,05,2024,SG,CPI SINGAPORE,R-Wonton egg past,Raw Wonton,154g*20in,S,ซุปซอง 5g.,870,17400,20.0,
03,05,2024,USA,"Bellisio Foods, Inc.",Wonton ND+V,Cooked Wonton,308g*6c*6in,HC,Y3,775,27900,36.0,
03,05,2024,USA,"Bellisio Foods, Inc.",Wonton ND+V,Cooked Wonton,308g*6c*6in,HC,Y3,792,28512,36.0,
03,05,2024,USA,"Bellisio Foods, Inc.",Wonton ND+V,Cooked Wonton,308g*6c*6in,HC,Y3,792,28512,36.0,
06,05,2024,USA,"Bellisio Foods, Inc.",Wonton ND+V,Cooked Wonton,308g*6c*6in,HC,Y3,792,28512,36.0,
06,05,2024,USA,"Bellisio Foods, Inc.",Wonton ND+V,Cooked Wonton,308g*6c*6in,HC,Y3,423,15228,36.0,
04,06,2024,Korea,Consumer Package Commerce,R-Wonton egg past,Raw Wonton,630g*10inner,S,ซุปซอง 5g.,558,5580,10.0,
22,05,2024,UK,Westbridge Foods Limited (One UK),Wonton,Cooked Wonton,148g*6c*6in,HC,Regular,1288,46368,36.0,
13,05,2024,AUS,CPF Australia Pty Ltd.,Wonton ND+V,Cooked Wonton,308g*6c*6in,HC,Regular,792,28512,36.0,
06,05,2024,USA,"Bellisio Foods, Inc.",Wonton ND+V,Cooked Wonton,308g*6c*6in,HC,Y3,369,13284,36.0,
06,05,2024,USA,"Bellisio Foods, Inc.",Wonton ND+V,Cooked Wonton,308g*6c*6in,HC,Y3,792,28512,36.0,
06,05,2024,USA,"Bellisio Foods, Inc.",Wonton ND+V,Cooked Wonton,308g*6c*6in,HC,Y3,511,18396,36.0,
04,06,2024,Korea,Consumer Package Commerce,R-Wonton egg past,Raw Wonton,630g*10inner,S,ซุปซอง 5g.,580,5800,10.0,
20,05,2024,USA,"Bellisio Foods, Inc.",Minced WT,Cooked Wonton,145g*8,BK,Regular,1400,19800,14.142857142857142,
06,05,2024,.7-11,ถ้วยขาวพิมพ์กดสีฟ้า,Wonton,Cooked Wonton,130g*24,SS,Regular,2214,53136,24.0,
08,05,2024,CAN,"CP Foods Canada,Inc (CPFC)",Wonton,Cooked Wonton,145g*6c*6in,HC,Y3,1066,38376,36.0,
06,05,2024,USA,"Bellisio Foods, Inc.",Wonton ND+V,Cooked Wonton,308g*6c*6in,HC,Y3,281,10116,36.0,
07,05,2024,USA,"Bellisio Foods, Inc.",Wonton ND+V,Cooked Wonton,308g*6c*6in,HC,Y3,792,28512,36.0,
11,05,2024,USA,"Bellisio Foods, Inc.",Wonton ND+V,Cooked Wonton,308g*6c*6in,HC,Y3,155,5580,36.0,
04,06,2024,Korea,Consumer Package Commerce,R-Wonton egg past,Raw Wonton,630g*10inner,S,ซุปซอง 5g.,540,5400,10.0,
16,05,2024,CAN,Bellisio Foods Canada,Minced ND,Cooked Wonton,258g*12,BK,Regular,2600,31200,12.0,
13,05,2024,USA,"Bellisio Foods, Inc.",Minced ND,Cooked Wonton,258g*8,BK,Regular,2400,19200,8.0,
06,05,2024,.7-11,ถ้วยขาวพิมพ์กดสีฟ้า,Wonton,Cooked Wonton,130g*24,SS,Regular,1103,26472,24.0,
08,05,2024,SG,CPI SINGAPORE,Wonton +TY,Cooked Wonton,115g*24,M,TYTB3C 30G,500,12000,24.0,
20,05,2024,.7-11,Seven ถ้วยดำ,E+Wonton,Cooked Wonton,145g*24,M,Regular,2068,49632,24.0,
13,05,2024,MTFS,ซีพีเอฟ เทรดดิ้ง,E+Minced WT,Cooked Wonton,135g*12,BK,Regular,929,11148,12.0,
04,06,2024,Korea,Consumer Package Commerce,R-Wonton egg past,Raw Wonton,630g*10inner,S,ซุปซอง 5g.,378,3780,10.0,
08,05,2024,SG,CPI Singapore,Wonton ND+V,Cooked Wonton,219g*24,HC,ซุปซอง 10g.,500,12000,24.0,
16,05,2024,AUS,CPF Australia Pty Ltd.,Wonton ND+V,Cooked Wonton,308g*6c*6in,HC,Regular,792,28512,36.0,
14,05,2024,UK,Westbridge Foods Limited,Wonton ND+V+TY,Cooked Wonton,307g*4c*6in,M,TYEX+CO,924,22176,24.0,
14,05,2024,UK,Westbridge Foods Limited,Wonton ND+V+TY,Cooked Wonton,307g*4c*6in,M,TYEX+CO,924,22176,24.0,
14,05,2024,UK,Westbridge Foods Limited,Wonton ND+V+TY,Cooked Wonton,307g*4c*6in,M,TYEX+CO,924,22176,24.0,
14,05,2024,UK,Westbridge Foods Limited,Wonton ND+V+TY,Cooked Wonton,307g*4c*6in,M,TYEX+CO,924,22176,24.0,
22,05,2024,Netherlands,Westbridge Foods Limited,Wonton ND+V+TY,Cooked Wonton,307g*4c*6in,M,TYEX+CO,409,9816,24.0,
08,05,2024,SG,CPI SINGAPORE,R-Wonton egg past,Raw Wonton,194g*20in,JB,ซุปซอง 5g.,500,10000,20.0,
08,05,2024,MTFS,ซีพีเอฟ เทรดดิ้ง,R-Wonton no egg,Raw Wonton,220g*12in,SS,,543,6516,12.0,
11,05,2024,USA,"Bellisio Foods, Inc.",Wonton ND+V,Cooked Wonton,308g*6c*6in,HC,Y3,637,22932,36.0,
11,05,2024,USA,"Bellisio Foods, Inc.",Wonton ND+V,Cooked Wonton,308g*6c*6in,HC,Y3,792,28512,36.0,
11,05,2024,USA,"Bellisio Foods, Inc.",Wonton ND+V,Cooked Wonton,308g*6c*6in,HC,Y3,792,28512,36.0,
11,05,2024,USA,"Bellisio Foods, Inc.",Wonton ND+V,Cooked Wonton,308g*6c*6in,HC,Y3,792,28512,36.0,
11,05,2024,USA,"Bellisio Foods, Inc.",Wonton ND+V,Cooked Wonton,308g*6c*6in,HC,Y3,792,28512,36.0,
11,05,2024,USA,"Bellisio Foods, Inc.",Wonton ND+V,Cooked Wonton,308g*6c*6in,HC,Y3,439,15804,36.0,
11,05,2024,USA,"Bellisio Foods, Inc.",Wonton ND+V,Cooked Wonton,308g*6c*6in,HC,Y3,353,12708,36.0,
13,05,2024,USA,"Bellisio Foods, Inc.",Wonton ND+V,Cooked Wonton,308g*6c*6in,HC,Y3,792,28512,36.0,
13,05,2024,USA,"Bellisio Foods, Inc.",Wonton ND+V,Cooked Wonton,308g*6c*6in,HC,Y3,792,28512,36.0,
13,05,2024,USA,"Bellisio Foods, Inc.",Wonton ND+V,Cooked Wonton,308g*6c*6in,HC,Y3,114,4104,36.0,
10,05,2024,.7-11,ซีพีเอฟ เทรดดิ้ง,Wonton ND+V+TY,Cooked Wonton,211g*12,SS,TYNSF,6000,72000,12.0,
13,05,2024,USA,"Bellisio Foods, Inc.",Wonton ND+V,Cooked Wonton,308g*6c*6in,HC,Y3,678,24408,36.0,
13,05,2024,USA,"Bellisio Foods, Inc.",Wonton ND+V,Cooked Wonton,308g*6c*6in,HC,Y3,792,28512,36.0,
20,05,2024,USA,"Bellisio Foods, Inc.",Wonton ND+V,Cooked Wonton,308g*6c*6in,HC,Y3,792,28512,36.0,
20,05,2024,USA,"Bellisio Foods, Inc.",Wonton ND+V,Cooked Wonton,308g*6c*6in,HC,Y3,792,28512,36.0,
20,05,2024,USA,"Bellisio Foods, Inc.",Wonton ND+V,Cooked Wonton,308g*6c*6in,HC,Y3,792,28512,36.0,
20,05,2024,USA,"Bellisio Foods, Inc.",Wonton ND+V,Cooked Wonton,308g*6c*6in,HC,Y3,77,2772,36.0,
20,05,2024,USA,"Bellisio Foods, Inc.",Wonton ND+V,Cooked Wonton,308g*6c*6in,HC,Y3,715,25740,36.0,
20,05,2024,USA,"Bellisio Foods, Inc.",Wonton ND+V,Cooked Wonton,308g*6c*6in,HC,Y3,792,28512,36.0,
21,05,2024,USA,"Bellisio Foods, Inc.",Wonton ND+V,Cooked Wonton,308g*6c*6in,HC,Y3,792,28512,36.0,
21,05,2024,USA,"Bellisio Foods, Inc.",Wonton ND+V,Cooked Wonton,308g*6c*6in,HC,Y3,792,28512,36.0,
21,05,2024,USA,"Bellisio Foods, Inc.",Wonton ND+V,Cooked Wonton,308g*6c*6in,HC,Y3,760,27360,36.0,
25,05,2024,USA,"Bellisio Foods, Inc.",Minced WT,Cooked Wonton,145g*8,BK,Regular,1400,19800,14.142857142857142,
25,05,2024,USA,"Bellisio Foods, Inc.",Minced WT,Cooked Wonton,145g*8,BK,Regular,1400,19800,14.142857142857142,
13,05,2024,.7-11,ถ้วยขาวพิมพ์กดสีฟ้า,Wonton,Cooked Wonton,130g*24,SS,Regular,5129,123096,24.0,
21,05,2024,USA,"Bellisio Foods, Inc.",Wonton ND+V,Cooked Wonton,308g*6c*6in,HC,Y3,32,1152,36.0,
21,05,2024,USA,"Bellisio Foods, Inc.",Wonton ND+V,Cooked Wonton,308g*6c*6in,HC,Y3,792,28512,36.0,
24,05,2024,USA,"Bellisio Foods, Inc.",Wonton ND+V,Cooked Wonton,308g*6c*6in,HC,Y3,345,12420,36.0,
20,05,2024,New Zealand,Lim Brothers,Wonton ND+V,Cooked Wonton,308g*6c*6in,HC,Regular,792,28512,36.0,
23,05,2024,AUS,CPF Australia Pty Ltd.,Wonton ND+V,Cooked Wonton,308g*6c*6in,HC,Regular,792,28512,36.0,
22,05,2024,UK,Westbridge Foods Limited,Wonton ND+V+TY,Cooked Wonton,307g*4c*6in,M,TYEX+CO,515,12360,24.0,
23,05,2024,AUS,CPF Australia Pty Ltd.,Wonton ND+V+TY,Cooked Wonton,307g*4c*6in,M,TYEX+CO,924,22176,24.0,
01,06,2024,New Zealand,Lim Brothers,Wonton ND+V+TY,Cooked Wonton,307g*4c*6in,M,TYEX+CO,390,9360,24.0,
20,05,2024,USA,"Bellisio Foods, Inc.",Minced ND,Cooked Wonton,258g*8,BK,Regular,1900,15200,8.0,
25,05,2024,USA,"Bellisio Foods, Inc.",Minced ND,Cooked Wonton,258g*8,BK,Regular,1900,15200,8.0,
25,05,2024,USA,"Bellisio Foods, Inc.",Minced ND,Cooked Wonton,258g*8,BK,Regular,1900,15200,8.0,
20,05,2024,.7-11,ถ้วยขาวพิมพ์กดสีฟ้า,Wonton,Cooked Wonton,130g*24,SS,Regular,3534,84816,24.0,
20,05,2024,.7-11,ถ้วยขาวพิมพ์กดสีฟ้า,Wonton,Cooked Wonton,130g*24,SS,Regular,206,4944,24.0,
29,05,2024,CAN,Bellisio Foods Canada,Minced ND,Cooked Wonton,258g*12,BK,Regular,2600,31200,12.0,
13,06,2024,USA,"Bellisio Foods, Inc.",Minced ND,Cooked Wonton,258g*8,BK,Regular,1200,9600,8.0,
17,06,2024,USA,"Bellisio Foods, Inc.",Minced ND,Cooked Wonton,258g*8,BK,Regular,831.75,6654,8.0,
29,05,2024,UK,Food Fellas,Wonton ND,Cooked Wonton,258g*8,HC,Regular,1900,15200,8.0,
29,05,2024,UK,Food Fellas,Wonton,Cooked Wonton,145g*8,HC,Regular,1400,19800,14.142857142857142,
06,06,2024,Japan,CPF JAPAN,Wonton,Cooked Wonton,148g*6c*6in,M,Regular,1288,46368,36.0,
05,06,2024,SG,CPI SINGAPORE,Wonton,Cooked Wonton,145g*24,M,Regular,500,12000,24.0,
05,06,2024,SG,CPI SINGAPORE,Wonton,Cooked Wonton,145g*24,M,Regular,200,4800,24.0,
05,06,2024,SG,CPI SINGAPORE,Wonton +TY,Cooked Wonton,115g*24,M,TYTB3C 30G,250,6000,24.0,
05,06,2024,SG,CPI SINGAPORE,Wonton +TY,Cooked Wonton,115g*24,M,TYTB3C 30G,200,4800,24.0,
24,05,2024,USA,"Bellisio Foods, Inc.",Wonton ND+V,Cooked Wonton,308g*6c*6in,HC,Y3,447,16092,36.0,
24,05,2024,USA,"Bellisio Foods, Inc.",Wonton ND+V,Cooked Wonton,308g*6c*6in,HC,Y3,792,28512,36.0,
24,05,2024,USA,"Bellisio Foods, Inc.",Wonton ND+V,Cooked Wonton,308g*6c*6in,HC,Y3,792,28512,36.0,
24,05,2024,USA,"Bellisio Foods, Inc.",Wonton ND+V,Cooked Wonton,308g*6c*6in,HC,Y3,792,28512,36.0,
24,05,2024,USA,"Bellisio Foods, Inc.",Wonton ND+V,Cooked Wonton,308g*6c*6in,HC,Y3,792,28512,36.0,
24,05,2024,USA,"Bellisio Foods, Inc.",Wonton ND+V,Cooked Wonton,308g*6c*6in,HC,Y3,565,20340,36.0,
13,06,2024,CAN,Bellisio Foods Canada,Minced ND,Cooked Wonton,258g*12,BK,Regular,2600,31200,12.0,
17,06,2024,USA,"Bellisio Foods, Inc.",Minced ND,Cooked Wonton,258g*8,BK,Regular,1068.25,8546,8.0,
17,06,2024,USA,"Bellisio Foods, Inc.",Minced ND,Cooked Wonton,258g*8,BK,Regular,816.5,6532,8.0,
04,06,2024,Germany,CPF Distribution (under Paulsen Food),Wonton ND+V,Cooked Wonton,309g*12,HC,Regular,2040,24480,12.0,
24,05,2024,.7-11,ซีพีเอฟ เทรดดิ้ง,Wonton ND+V+TY,Cooked Wonton,211g*12,SS,TYNSF,2572,30864,12.0,
24,05,2024,.7-11,ซีพีเอฟ เทรดดิ้ง,Wonton ND+V+TY,Cooked Wonton,211g*12,SS,TYNSF,3366,40392,12.0,
24,05,2024,USA,"Bellisio Foods, Inc.",Wonton ND+V,Cooked Wonton,308g*6c*6in,HC,Y3,227,8172,36.0,
25,05,2024,USA,"Bellisio Foods, Inc.",Wonton ND+V,Cooked Wonton,308g*6c*6in,HC,Y3,792,28512,36.0,
25,05,2024,USA,"Bellisio Foods, Inc.",Wonton ND+V,Cooked Wonton,308g*6c*6in,HC,Y3,792,28512,36.0,
27,05,2024,USA,"Bellisio Foods, Inc.",Wonton ND+V,Cooked Wonton,308g*6c*6in,HC,Y3,792,28512,36.0,
27,05,2024,USA,"Bellisio Foods, Inc.",Wonton ND+V,Cooked Wonton,308g*6c*6in,HC,Y3,395,14220,36.0,
27,05,2024,USA,"Bellisio Foods, Inc.",Wonton ND+V,Cooked Wonton,308g*6c*6in,HC,Y3,397,14292,36.0,
27,05,2024,USA,"Bellisio Foods, Inc.",Wonton ND+V,Cooked Wonton,308g*6c*6in,HC,Y3,792,28512,36.0,
27,05,2024,USA,"Bellisio Foods, Inc.",Wonton ND+V,Cooked Wonton,308g*6c*6in,HC,Y3,792,28512,36.0,
27,05,2024,USA,"Bellisio Foods, Inc.",Wonton ND+V,Cooked Wonton,308g*6c*6in,HC,Y3,792,28512,36.0,
28,05,2024,USA,"Bellisio Foods, Inc.",Wonton ND+V,Cooked Wonton,308g*6c*6in,HC,Y3,792,28512,36.0,
28,05,2024,USA,"Bellisio Foods, Inc.",Wonton ND+V,Cooked Wonton,308g*6c*6in,HC,Y3,594,21384,36.0,
05,06,2024,UK,Westbridge Foods Limited (One UK),Wonton,Cooked Wonton,148g*6c*6in,HC,Regular,1288,46368,36.0,
25,05,2024,USA,"Bellisio Foods, Inc.",Minced WT,Cooked Wonton,145g*8,BK,Regular,15,19800,1320.0,
13,06,2024,USA,"Bellisio Foods, Inc.",Minced WT,Cooked Wonton,145g*8,BK,Regular,1200,19800,16.5,
17,06,2024,USA,"Bellisio Foods, Inc.",Minced WT,Cooked Wonton,145g*8,BK,Regular,1400,19800,14.142857142857142,
27,05,2024,.7-11,ถ้วยขาวพิมพ์กดสีฟ้า,Wonton,Cooked Wonton,130g*24,SS,Regular,3228,77472,24.0,
01,06,2024,China,"Sam's (Shanghai) Investment Co., Ltd.",R-Wonton no egg,Raw Wonton,750g*8in,S,ซุปซอง 5g.,529,4232,8.0,
06,06,2024,CAN,"CP Foods Canada,Inc (CPFC)",Wonton,Cooked Wonton,145g*6c*6in,HC,Y3,1288,46368,36.0,
06,06,2024,CAN,"CP Foods Canada,Inc (CPFC)",Wonton,Cooked Wonton,145g*6c*6in,HC,Y3,1288,46368,36.0,
13,06,2024,CAN,"CP Foods Canada,Inc (CPFC)",Wonton,Cooked Wonton,145g*6c*6in,HC,Y3,1234,44424,36.0,
01,06,2024,China,"Sam's (Shanghai) Investment Co., Ltd.",R-Wonton no egg,Raw Wonton,750g*8in,S,ซุปซอง 5g.,536,4288,8.0,
04,06,2024,USA,"Bellisio Foods, Inc.",Wonton ND+V,Cooked Wonton,308g*6c*6in,HC,Y3,198,7128,36.0,
04,06,2024,USA,"Bellisio Foods, Inc.",Wonton ND+V,Cooked Wonton,308g*6c*6in,HC,Y3,644,23184,36.0,
05,06,2024,AUS,CPF Australia Pty Ltd.,Wonton ND+V,Cooked Wonton,308g*6c*6in,HC,Regular,792,28512,36.0,
05,06,2024,AUS,CPF Australia Pty Ltd.,Wonton ND+V,Cooked Wonton,308g*6c*6in,HC,Regular,792,28512,36.0,
05,06,2024,AUS,CPF Australia Pty Ltd.,Wonton ND+V,Cooked Wonton,308g*6c*6in,HC,Regular,730,26280,36.0,
01,06,2024,China,"Sam's (Shanghai) Investment Co., Ltd.",R-Wonton no egg,Raw Wonton,750g*8in,S,ซุปซอง 5g.,343,2744,8.0,
05,06,2024,SG,CPI SINGAPORE,R-Minced egg past,Raw Wonton,90g*18in,BK,ซุปซอง 5g.,300,5400,18.0,
05,06,2024,SG,CPI SINGAPORE,R-Wonton egg past,Raw Wonton,154g*20in,S,ซุปซอง 5g.,293,5860,20.0,
27,06,2024,MTFS,ซีพีเอฟ เทรดดิ้ง,E+Wonton,Cooked Wonton,90g*3B*6B,M,ซุปซอง 5g.,321,5778,18.0,
01,06,2024,5 Stars,CPFB,EP+Wonton,Cooked Wonton,20 pcs*16,S,,100,,,
27,05,2024,MTFS,ซีพีเอฟ เทรดดิ้ง,E+Wonton+หมาล่า,Cooked Wonton,143g*12,SS,หมาล่า,1826,21912,12.0,
05,06,2024,SG,CPI SINGAPORE,R-Wonton (Fried Sheet),Raw Wonton,600g*10inner,S,,200,2000,10.0,
05,06,2024,SG,CPI SINGAPORE,R-Wonton egg past,Raw Wonton,154g*20in,S,ซุปซอง 5g.,680,13600,20.0,
05,06,2024,SG,CPI SINGAPORE,R-Wonton egg past,Raw Wonton,154g*20in,S,ซุปซอง 5g.,227,4540,20.0,
05,06,2024,SG,CPI SINGAPORE,R-Wonton egg past,Raw Wonton,154g*20in,S,ซุปซอง 5g.,851,17020,20.0,
10,06,2024,.7-11,ถ้วยขาวพิมพ์กดสีฟ้า,Wonton,Cooked Wonton,130g*24,SS,Regular,3019,72456,24.0,
26,06,2024,AUS,CPF Australia Pty Ltd.,Minced ND+V+TY,Cooked Wonton,302g*8,BK,TYEX+CO,500,4000,8.0,
05,06,2024,Denmark,CPF Distribution (under Paulsen Food),Minced ND+V+TY,Cooked Wonton,302g*12,BK,TYEX+CO,2520,30240,12.0,
05,06,2024,Denmark,CPF Distribution (under Paulsen Food),Minced ND+V+TY,Cooked Wonton,302g*12,BK,TYEX+CO,2520,30240,12.0,
20,06,2024,Denmark,CPF DENMARK,Wonton ND+V+TY,Cooked Wonton,309g*8,M,TYANS+CM,3500,28000,8.0,
05,06,2024,SG,CPI SINGAPORE,R-Wonton egg past,Raw Wonton,154g*20in,S,ซุปซอง 5g.,349,6980,20.0,
05,06,2024,SG,CPI SINGAPORE,R-Wonton egg past,Raw Wonton,194g*20in,JB,ซุปซอง 5g.,460,9200,20.0,
04,06,2024,USA,"Bellisio Foods, Inc.",Wonton ND+V,Cooked Wonton,308g*6c*6in,HC,Y3,148,5328,36.0,
04,06,2024,USA,"Bellisio Foods, Inc.",Wonton ND+V,Cooked Wonton,308g*6c*6in,HC,Y3,792,28512,36.0,
04,06,2024,USA,"Bellisio Foods, Inc.",Wonton ND+V,Cooked Wonton,308g*6c*6in,HC,Y3,792,28512,36.0,
04,06,2024,USA,"Bellisio Foods, Inc.",Wonton ND+V,Cooked Wonton,308g*6c*6in,HC,Y3,792,28512,36.0,
04,06,2024,USA,"Bellisio Foods, Inc.",Wonton ND+V,Cooked Wonton,308g*6c*6in,HC,Y3,792,28512,36.0,
04,06,2024,USA,"Bellisio Foods, Inc.",Wonton ND+V,Cooked Wonton,308g*6c*6in,HC,Y3,789,28404,36.0,
05,06,2024,SG,CPI SINGAPORE,R-Wonton egg past,Raw Wonton,194g*20in,JB,ซุปซอง 5g.,40,800,20.0,
08,06,2024,SG,CPI SINGAPORE,R-Wonton egg past,Raw Wonton,204g*20in,S,sesame 30g,826,16520,20.0,
04,06,2024,USA,"Bellisio Foods, Inc.",Wonton ND+V,Cooked Wonton,308g*6c*6in,HC,Y3,3,108,36.0,
04,06,2024,USA,"Bellisio Foods, Inc.",Wonton ND+V,Cooked Wonton,308g*6c*6in,HC,Y3,792,28512,36.0,
05,06,2024,USA,"Bellisio Foods, Inc.",Wonton ND+V,Cooked Wonton,308g*6c*6in,HC,Y3,792,28512,36.0,
05,06,2024,USA,"Bellisio Foods, Inc.",Wonton ND+V,Cooked Wonton,308g*6c*6in,HC,Y3,792,28512,36.0,
05,06,2024,USA,"Bellisio Foods, Inc.",Wonton ND+V,Cooked Wonton,308g*6c*6in,HC,Y3,792,28512,36.0,
07,06,2024,USA,"Bellisio Foods, Inc.",Wonton ND+V,Cooked Wonton,308g*6c*6in,HC,Y3,792,28512,36.0,
07,06,2024,USA,"Bellisio Foods, Inc.",Wonton ND+V,Cooked Wonton,308g*6c*6in,HC,Y3,204.69444444444446,7369,36.0,
08,06,2024,SG,CPI SINGAPORE,R-Wonton egg past,Raw Wonton,204g*20in,S,sesame 30g,374,7480,20.0,
25,06,2024,Malay,CPM Malaysia,R-Wonton egg past,Raw Wonton,154g*20inner,S,ซุปซอง 5g.,350,7000,20.0,
11,06,2024,USA,"Bellisio Foods, Inc.",R-Wonton no egg,Raw Wonton,580g*10in,S,ซุปซอง 5g.,100,1000,10.0,
11,06,2024,USA,"Bellisio Foods, Inc.",Minced ND,Cooked Wonton,258g*4c*6in,BK,Regular,700,16800,24.0,
11,06,2024,USA,"Bellisio Foods, Inc.",Minced ND,Cooked Wonton,258g*4c*6in,BK,Regular,800,19200,24.0,
17,06,2024,USA,"Bellisio Foods, Inc.",Minced ND,Cooked Wonton,258g*8,BK,Regular,1083.5,8668,8.0,
05,06,2024,SG,CPI Singapore,Wonton ND+V,Cooked Wonton,219g*24,HC,ซุปซอง 10g.,250,6000,24.0,
05,06,2024,SG,CPI Singapore,Wonton ND+V,Cooked Wonton,219g*24,HC,ซุปซอง 10g.,200,4800,24.0,
24,06,2024,Belgium,CPF EUROPE S.A.,Wonton ND+V,Cooked Wonton,309g*8,HC,Regular,800,6400,8.0,
05,06,2024,AUS,CPF Australia Pty Ltd.,Wonton ND+V,Cooked Wonton,308g*6c*6in,HC,Regular,62,2232,36.0,
12,06,2024,AUS,CPF Australia Pty Ltd.,Wonton ND+V,Cooked Wonton,308g*6c*6in,HC,Regular,792,28512,36.0,
12,06,2024,AUS,CPF Australia Pty Ltd.,Wonton ND+V,Cooked Wonton,308g*6c*6in,HC,Regular,792,28512,36.0,
28,06,2024,AUS,CPF Australia Pty Ltd.,Wonton ND+V,Cooked Wonton,305g*8,HC,Regular,600,4800,8.0,
10,07,2024,AUS,CPF Australia Pty Ltd.,Wonton ND+V,Cooked Wonton,305g*8,HC,Regular,600,4800,8.0,
01,07,2024,New Zealand,Lim Brothers,Wonton ND+V,Cooked Wonton,305g*8,HC,Regular,1674,13392,8.0,
11,06,2024,USA,"Bellisio Foods, Inc.",R-Wonton no egg,Raw Wonton,580g*10in,S,ซุปซอง 5g.,100,1000,10.0,
11,06,2024,USA,"Bellisio Foods, Inc.",R-Wonton no egg,Raw Wonton,580g*10in,S,ซุปซอง 5g.,400,4000,10.0,
11,06,2024,USA,"Bellisio Foods, Inc.",Minced WT,Cooked Wonton,145g*6c*6,BK,Regular,450,19800,44.0,
11,06,2024,USA,"Bellisio Foods, Inc.",Minced WT,Cooked Wonton,145g*6c*6,BK,Regular,300,19800,66.0,
17,06,2024,USA,"Bellisio Foods, Inc.",Minced WT,Cooked Wonton,145g*8,BK,Regular,1400,19800,14.142857142857142,
25,06,2024,Malay,CPM Malaysia,Wonton,Cooked Wonton,145g*24,M,Regular,900,21600,24.0,
25,06,2024,Malay,CPM Malaysia,Wonton+TY,Cooked Wonton,115g*24,M,TYTB3C 30G,850,20400,24.0,
24,06,2024,Belgium,CPF EUROPE S.A.,R-Wonton no egg,Raw Wonton,630g*10inner,M,ซุปซอง 5g.,300,3000,10.0,
13,06,2024,China,"Sam's (Shanghai) Investment Co., Ltd.",R-Wonton no egg,Raw Wonton,750g*8in,S,ซุปซอง 5g.,288,2304,8.0,
06,06,2024,Japan,CPF JAPAN,Wonton+TY,Cooked Wonton,147g*6c*6in,M,TYEX+CO,10,360,36.0,
06,06,2024,CAN,"CP Foods Canada,Inc (CPFC)",Wonton+TY,Cooked Wonton,147g*6c*6in,M,TYEX+CO,1288,46368,36.0,
06,06,2024,CAN,"CP Foods Canada,Inc (CPFC)",Wonton+TY,Cooked Wonton,147g*6c*6in,M,TYEX+CO,1288,46368,36.0,
06,06,2024,CAN,"CP Foods Canada,Inc (CPFC)",Wonton+TY,Cooked Wonton,147g*6c*6in,M,TYEX+CO,1288,46368,36.0,
13,06,2024,China,"Sam's (Shanghai) Investment Co., Ltd.",R-Wonton no egg,Raw Wonton,750g*8in,S,ซุปซอง 5g.,587,4696,8.0,
07,06,2024,USA,"Bellisio Foods, Inc.",Wonton ND+V,Cooked Wonton,308g*6c*6in,HC,Y3,588,21168,36.0,
07,06,2024,USA,"Bellisio Foods, Inc.",Wonton ND+V,Cooked Wonton,308g*6c*6in,HC,Y3,792,28512,36.0,
07,06,2024,USA,"Bellisio Foods, Inc.",Wonton ND+V,Cooked Wonton,308g*6c*6in,HC,Y3,792,28512,36.0,
07,06,2024,USA,"Bellisio Foods, Inc.",Wonton ND+V,Cooked Wonton,308g*6c*6in,HC,Y3,792,28512,36.0,
07,06,2024,USA,"Bellisio Foods, Inc.",Wonton ND+V,Cooked Wonton,308g*6c*6in,HC,Y3,792,28512,36.0,
07,06,2024,USA,"Bellisio Foods, Inc.",Wonton ND+V,Cooked Wonton,308g*6c*6in,HC,Y3,402,14472,36.0,
13,06,2024,China,"Sam's (Shanghai) Investment Co., Ltd.",R-Wonton no egg,Raw Wonton,750g*8in,S,ซุปซอง 5g.,533,4264,8.0,
19,06,2024,CAN,Bellisio Foods Canada,Minced ND,Cooked Wonton,258g*12,BK,Regular,2600,31200,12.0,
07,06,2024,USA,"Bellisio Foods, Inc.",Wonton ND+V,Cooked Wonton,308g*6c*6in,HC,Y3,390,14040,36.0,
07,06,2024,USA,"Bellisio Foods, Inc.",Wonton ND+V,Cooked Wonton,308g*6c*6in,HC,Y3,792,28512,36.0,
10,06,2024,USA,"Bellisio Foods, Inc.",Wonton ND+V,Cooked Wonton,308g*6c*6in,HC,Y3,792,28512,36.0,
10,06,2024,USA,"Bellisio Foods, Inc.",Wonton ND+V,Cooked Wonton,308g*6c*6in,HC,Y3,792,28512,36.0,
10,06,2024,USA,"Bellisio Foods, Inc.",Wonton ND+V,Cooked Wonton,308g*6c*6in,HC,Y3,253,9108,36.0,
10,06,2024,USA,"Bellisio Foods, Inc.",Wonton ND+V,Cooked Wonton,308g*6c*6in,HC,Y3,539,19404,36.0,
10,06,2024,USA,"Bellisio Foods, Inc.",Wonton ND+V,Cooked Wonton,308g*6c*6in,HC,Y3,792,28512,36.0,
10,06,2024,USA,"Bellisio Foods, Inc.",Wonton ND+V,Cooked Wonton,308g*6c*6in,HC,Y3,792,28512,36.0,
11,06,2024,USA,"Bellisio Foods, Inc.",Wonton ND+V,Cooked Wonton,308g*6c*6in,HC,Y3,792,28512,36.0,
11,06,2024,USA,"Bellisio Foods, Inc.",Wonton ND+V,Cooked Wonton,308g*6c*6in,HC,Y3,476,17136,36.0,
25,06,2024,UK,Westbridge Foods Limited (One UK),Wonton,Cooked Wonton,148g*6c*6in,HC,Regular,1288,46368,36.0,
13,06,2024,CAN,"CP Foods Canada,Inc (CPFC)",Wonton,Cooked Wonton,145g*6c*6in,HC,Y3,54,1944,36.0,
13,06,2024,CAN,"CP Foods Canada,Inc (CPFC)",Wonton,Cooked Wonton,145g*6c*6in,HC,Y3,1288,46368,36.0,
20,06,2024,CAN,"CP Foods Canada,Inc (CPFC)",Wonton,Cooked Wonton,145g*6c*6in,HC,Y3,897,32292,36.0,
15,06,2024,China,"Charoen Pokphand Import&Export Trading (Shanghai) Co., Ltd",Wonton+TY,Cooked Wonton,147g*6c*6in,M,TYEX+CO,390,14040,36.0,
10,06,2024,.7-11,ถ้วยขาวพิมพ์กดสีฟ้า,Wonton,Cooked Wonton,130g*24,SS,Regular,2808,67392,24.0,
23,07,2024,Korea,Consumer Package Commerce,R-Wonton egg past,Raw Wonton,154g*40in,S,ซุปซอง 5g.,523,20920,40.0,
11,06,2024,USA,"Bellisio Foods, Inc.",Wonton ND+V,Cooked Wonton,308g*6c*6in,HC,Y3,316,11376,36.0,
14,06,2024,USA,"Bellisio Foods, Inc.",Wonton ND+V,Cooked Wonton,308g*6c*6in,HC,Y3,739,26604,36.0,
19,06,2024,AUS,CPF Australia Pty Ltd.,Wonton ND+V,Cooked Wonton,308g*6c*6in,HC,Regular,792,28512,36.0,
19,06,2024,AUS,CPF Australia Pty Ltd.,Wonton ND+V,Cooked Wonton,308g*6c*6in,HC,Regular,792,28512,36.0,
26,06,2024,AUS,CPF Australia Pty Ltd.,Wonton ND+V,Cooked Wonton,308g*6c*6in,HC,Regular,792,28512,36.0,
20,06,2024,Spain,Mercadona,Wonton ND+V,Cooked Wonton,309g*12,HC,Regular,2520,30240,12.0,
23,07,2024,Korea,Consumer Package Commerce,R-Wonton egg past,Raw Wonton,154g*40in,S,ซุปซอง 5g.,552,22080,40.0,
10,07,2024,CAN,Bellisio Foods Canada,Minced ND,Cooked Wonton,258g*12,BK,Regular,2600,31200,12.0,
14,06,2024,USA,"Bellisio Foods, Inc.",Wonton ND+V,Cooked Wonton,308g*6c*6in,HC,Y3,53,1908,36.0,
14,06,2024,USA,"Bellisio Foods, Inc.",Wonton ND+V,Cooked Wonton,308g*6c*6in,HC,Y3,792,28512,36.0,
14,06,2024,USA,"Bellisio Foods, Inc.",Wonton ND+V,Cooked Wonton,308g*6c*6in,HC,Y3,792,28512,36.0,
14,06,2024,USA,"Bellisio Foods, Inc.",Wonton ND+V,Cooked Wonton,308g*6c*6in,HC,Y3,792,28512,36.0,
15,06,2024,USA,"Bellisio Foods, Inc.",Wonton ND+V,Cooked Wonton,308g*6c*6in,HC,Y3,740,26640,36.0,
23,07,2024,Korea,Consumer Package Commerce,R-Wonton egg past,Raw Wonton,154g*40in,S,ซุปซอง 5g.,468,18720,40.0,
15,06,2024,USA,"Bellisio Foods, Inc.",Wonton ND+V,Cooked Wonton,308g*6c*6in,HC,Y3,52,1872,36.0,
15,06,2024,USA,"Bellisio Foods, Inc.",Wonton ND+V,Cooked Wonton,308g*6c*6in,HC,Y3,792,28512,36.0,
17,06,2024,USA,"Bellisio Foods, Inc.",Wonton ND+V,Cooked Wonton,308g*6c*6in,HC,Y3,792,28512,36.0,
17,06,2024,USA,"Bellisio Foods, Inc.",Wonton ND+V,Cooked Wonton,308g*6c*6in,HC,Y3,792,28512,36.0,
17,06,2024,USA,"Bellisio Foods, Inc.",Wonton ND+V,Cooked Wonton,308g*6c*6in,HC,Y3,792,28512,36.0,
17,06,2024,USA,"Bellisio Foods, Inc.",Wonton ND+V,Cooked Wonton,308g*6c*6in,HC,Y3,792,28512,36.0,
17,06,2024,USA,"Bellisio Foods, Inc.",Wonton ND+V,Cooked Wonton,308g*6c*6in,HC,Y3,69,2484,36.0,
23,07,2024,Korea,Consumer Package Commerce,R-Wonton egg past,Raw Wonton,154g*40in,S,ซุปซอง 5g.,81,3240,40.0,
17,06,2024,MTFS,ซีพีเอฟ เทรดดิ้ง,R-Wonton no egg,Raw Wonton,220g*12in,SS,,347,4164,12.0,
17,06,2024,MTFS,ซีพีเอฟ เทรดดิ้ง,R-Wonton no egg,Raw Wonton,220g*12in,SS,,208,2496,12.0,
01,07,2024,HK,CPM Hongkong,R-Wonton egg past,Raw Wonton,101g*18in,S,ซุปซอง 5g.,287,5166,18.0,
01,07,2024,HK,CPM Hongkong,R-Minced egg past,Raw Wonton,90g*18in,BK,ซุปซอง 5g.,250,4500,18.0,
17,06,2024,USA,"Bellisio Foods, Inc.",Wonton ND+V,Cooked Wonton,308g*6c*6in,HC,Y3,723,26028,36.0,
18,06,2024,USA,"Bellisio Foods, Inc.",Wonton ND+V,Cooked Wonton,308g*6c*6in,HC,Y3,792,28512,36.0,
22,06,2024,USA,"Bellisio Foods, Inc.",Wonton ND+V,Cooked Wonton,308g*6c*6in,HC,Y3,792,28512,36.0,
22,06,2024,USA,"Bellisio Foods, Inc.",Wonton ND+V,Cooked Wonton,308g*6c*6in,HC,Y3,792,28512,36.0,
22,06,2024,USA,"Bellisio Foods, Inc.",Wonton ND+V,Cooked Wonton,308g*6c*6in,HC,Y3,792,28512,36.0,
22,06,2024,USA,"Bellisio Foods, Inc.",Wonton ND+V,Cooked Wonton,308g*6c*6in,HC,Y3,281,10116,36.0,
01,07,2024,HK,CPM Hongkong,R-Wonton egg past,Raw Wonton,101g*18in,S,ซุปซอง 5g.,1363,24534,18.0,
17,06,2024,.7-11,ถ้วยขาวพิมพ์กดสีฟ้า,Wonton,Cooked Wonton,130g*24,SS,Regular,878,21072,24.0,
24,06,2024,Belgium,CPF EUROPE S.A.,Wonton +V,Cooked Wonton,145g*8,HC,Regular,2700,21600,8.0,
03,07,2024,AUS,CPF Australia Pty Ltd.,Wonton ND+V,Cooked Wonton,308g*6c*6in,HC,Regular,792,28512,36.0,
03,07,2024,AUS,CPF Australia Pty Ltd.,Wonton ND+V,Cooked Wonton,308g*6c*6in,HC,Regular,792,28512,36.0,
03,07,2024,AUS,CPF Australia Pty Ltd.,Wonton ND+V+TY,Cooked Wonton,307g*4c*6in,M,TYEX+CO,924,22176,24.0,
24,07,2024,AUS,CPF Australia Pty Ltd.,Wonton ND+V+TY,Cooked Wonton,307g*4c*6in,M,TYEX+CO,924,22176,24.0,
01,07,2024,New Zealand,Lim Brothers,Minced ND+V+TY,Cooked Wonton,302g*8,BK,TYA+CO,594,4752,8.0,
13,07,2024,SG,CPI SINGAPORE,R-Wonton egg past,Raw Wonton,154g*20in,S,ซุปซอง 5g.,1088,21760,20.0,
20,06,2024,CAN,"CP Foods Canada,Inc (CPFC)",Wonton,Cooked Wonton,145g*6c*6in,HC,Y3,391,14076,36.0,
27,06,2024,CAN,"CP Foods Canada,Inc (CPFC)",Wonton,Cooked Wonton,145g*6c*6in,HC,Y3,1288,46368,36.0,
17,06,2024,.7-11,ถ้วยขาวพิมพ์กดสีฟ้า,Wonton,Cooked Wonton,130g*24,SS,Regular,3133,75192,24.0,
13,07,2024,SG,CPI SINGAPORE,R-Wonton egg past,Raw Wonton,154g*20in,S,ซุปซอง 5g.,912,18240,20.0,
18,06,2024,.7-11,ถ้วยขาวพิมพ์กดสีฟ้า,Wonton,Cooked Wonton,130g*24,SS,Regular,2140,51360,24.0,
26,06,2024,AUS,CPF Australia Pty Ltd.,Minced ND+Kee Mao,Cooked Wonton,219g*8,BK,Kee Mao 50G.,300,2400,8.0,
10,07,2024,AUS,CPF Australia Pty Ltd.,Minced ND+Kee Mao,Cooked Wonton,219g*8,BK,Kee Mao 50G.,200,1600,8.0,
01,07,2024,New Zealand,Lim Brothers,Minced ND+Kee Mao,Cooked Wonton,219g*8,BK,Kee Mao 50G.,108,864,8.0,
26,06,2024,Germany,CPF Distribution (under Paulsen Food),Minced ND+V+TK,Cooked Wonton,302g*12,BK,Tomkha+CM,2040,24480,12.0,
26,06,2024,Denmark,CPF DENMARK,Minced ND+V+TK,Cooked Wonton,302g*8,BK,Tomkha+CM,3500,28000,8.0,
08,07,2024,Denmark,CPF DENMARK,Minced ND+V+TK,Cooked Wonton,302g*8,BK,Tomkha+CM,3283,26264,8.0,
01,07,2024,New Zealand,Lim Brothers,Minced ND+V+TK,Cooked Wonton,302g*8,BK,Tomkha+CM,810,6480,8.0,
15,07,2024,AUS,CPF Australia Pty Ltd.,Minced ND+V+TK,Cooked Wonton,302g*8,BK,Tomkha+CM,350,2800,8.0,
03,07,2024,Korea,Consumer Package Commerce,R-Wonton egg past,Raw Wonton,630g*10inner,S,ซุปซอง 5g.,551,5510,10.0,
01,07,2024,.7-11,ถ้วยขาวพิมพ์กดสีฟ้า,Wonton,Cooked Wonton,130g*24,SS,Regular,3613,86712,24.0,
22,06,2024,USA,"Bellisio Foods, Inc.",Wonton ND+V,Cooked Wonton,308g*6c*6in,HC,Y3,511,18396,36.0,
22,06,2024,USA,"Bellisio Foods, Inc.",Wonton ND+V,Cooked Wonton,308g*6c*6in,HC,Y3,792,28512,36.0,
24,06,2024,USA,"Bellisio Foods, Inc.",Wonton ND+V,Cooked Wonton,308g*6c*6in,HC,Y3,327,11772,36.0,
03,07,2024,Korea,Consumer Package Commerce,R-Wonton egg past,Raw Wonton,630g*10inner,S,ซุปซอง 5g.,532,5320,10.0,
24,06,2024,USA,"Bellisio Foods, Inc.",Wonton ND+V,Cooked Wonton,308g*6c*6in,HC,Y3,465,16740,36.0,
24,06,2024,USA,"Bellisio Foods, Inc.",Wonton ND+V,Cooked Wonton,308g*6c*6in,HC,Y3,792,28512,36.0,
24,06,2024,USA,"Bellisio Foods, Inc.",Wonton ND+V,Cooked Wonton,308g*6c*6in,HC,Y3,792,28512,36.0,
24,06,2024,USA,"Bellisio Foods, Inc.",Wonton ND+V,Cooked Wonton,308g*6c*6in,HC,Y3,792,28512,36.0,
24,06,2024,USA,"Bellisio Foods, Inc.",Wonton ND+V,Cooked Wonton,308g*6c*6in,HC,Y3,792,28512,36.0,
24,06,2024,USA,"Bellisio Foods, Inc.",Wonton ND+V,Cooked Wonton,308g*6c*6in,HC,Y3,390,14040,36.0,
03,07,2024,Korea,Consumer Package Commerce,R-Wonton egg past,Raw Wonton,630g*10inner,S,ซุปซอง 5g.,537,5370,10.0,
24,06,2024,USA,"Bellisio Foods, Inc.",Wonton ND+V,Cooked Wonton,308g*6c*6in,HC,Y3,402,14472,36.0,
25,06,2024,USA,"Bellisio Foods, Inc.",Wonton ND+V,Cooked Wonton,308g*6c*6in,HC,Y3,792,28512,36.0,
01,07,2024,USA,"Bellisio Foods, Inc.",Wonton ND+V,Cooked Wonton,308g*6c*6in,HC,Y3,792,28512,36.0,
01,07,2024,USA,"Bellisio Foods, Inc.",Wonton ND+V,Cooked Wonton,308g*6c*6in,HC,Y3,792,28512,36.0,
01,07,2024,USA,"Bellisio Foods, Inc.",Wonton ND+V,Cooked Wonton,308g*6c*6in,HC,Y3,792,28512,36.0,
01,07,2024,USA,"Bellisio Foods, Inc.",Wonton ND+V,Cooked Wonton,308g*6c*6in,HC,Y3,658,23688,36.0,
03,07,2024,Korea,Consumer Package Commerce,R-Wonton egg past,Raw Wonton,630g*10inner,S,ซุปซอง 5g.,436,4360,10.0,
27,06,2024,MTFS,ซีพีเอฟ เทรดดิ้ง,E+Wonton NDE,Cooked Wonton,226g*12,M,Regular,121,1452,12.0,
27,06,2024,MTFS,ซีพีเอฟ เทรดดิ้ง,E+Wonton TY,Cooked Wonton,115g*12,M,TYTB3C 30G,650,7800,12.0,
,07,2024,.7-11,ซีพีเอฟ เทรดดิ้ง,E+Wonton+หมาล่า,Cooked Wonton,143g*24,SS,หมาล่า,4918,118032,24.0,
05,07,2024,China,"Sam's (Shanghai) Investment Co., Ltd.",R-Wonton no egg,Raw Wonton,750g*8in,S,ซุปซอง 5g.,605,4840,8.0,
27,06,2024,MTFS,ซีพีเอฟ เทรดดิ้ง,E+Wonton,Cooked Wonton,145g*12,M,Regular,1320,15840,12.0,
,07,2024,.7-11,Seven ถ้วยดำ,E+Wonton,Cooked Wonton,145g*24,M,Regular,3410,81840,24.0,
05,07,2024,China,"Sam's (Shanghai) Investment Co., Ltd.",R-Wonton no egg,Raw Wonton,750g*8in,S,ซุปซอง 5g.,582,4656,8.0,
01,07,2024,USA,"Bellisio Foods, Inc.",Wonton ND+V,Cooked Wonton,308g*6c*6in,HC,Y3,134,4824,36.0,
01,07,2024,USA,"Bellisio Foods, Inc.",Wonton ND+V,Cooked Wonton,308g*6c*6in,HC,Y3,792,28512,36.0,
01,07,2024,USA,"Bellisio Foods, Inc.",Wonton ND+V,Cooked Wonton,308g*6c*6in,HC,Y3,792,28512,36.0,
01,07,2024,USA,"Bellisio Foods, Inc.",Wonton ND+V,Cooked Wonton,308g*6c*6in,HC,Y3,792,28512,36.0,
01,07,2024,USA,"Bellisio Foods, Inc.",Wonton ND+V,Cooked Wonton,308g*6c*6in,HC,Y3,792,28512,36.0,
05,07,2024,USA,"Bellisio Foods, Inc.",Wonton ND+V,Cooked Wonton,308g*6c*6in,HC,Y3,792,28512,36.0,
05,07,2024,USA,"Bellisio Foods, Inc.",Wonton ND+V,Cooked Wonton,308g*6c*6in,HC,Y3,219,7884,36.0,
05,07,2024,China,"Sam's (Shanghai) Investment Co., Ltd.",R-Wonton no egg,Raw Wonton,750g*8in,S,ซุปซอง 5g.,221,1768,8.0,
05,07,2024,China,"Sam's (Shanghai) Investment Co., Ltd.",R-Wonton no egg,Raw Wonton,750g*8in,S,ซุปซอง 5g.,367,2936,8.0,
,07,2024,.7-11,ถ้วยขาวพิมพ์กดสีฟ้า,Wonton,Cooked Wonton,130g*24,SS,Regular,3777,90648,24.0,
22,07,2024,USA,"Bellisio Foods, Inc.",Minced WT,Cooked Wonton,145g*8,BK,Regular,1400,19800,14.142857142857142,
23,07,2024,USA,"Bellisio Foods, Inc.",Minced WT,Cooked Wonton,145g*8,BK,Regular,400,19800,49.5,
30,07,2024,USA,"Bellisio Foods, Inc.",Minced WT,Cooked Wonton,145g*8,BK,Regular,500,19800,39.6,
20,08,2024,USA,"Bellisio Foods, Inc.",Minced WT,Cooked Wonton,145g*8,BK,Regular,350,19800,56.57142857142857,
27,08,2024,USA,"Bellisio Foods, Inc.",Minced WT,Cooked Wonton,145g*8,BK,Regular,3000,19800,6.6,
30,09,2024,USA,"Bellisio Foods, Inc.",Minced WT,Cooked Wonton,145g*8,BK,Regular,1200,19800,16.5,
27,06,2024,CAN,"CP Foods Canada,Inc (CPFC)",Wonton,Cooked Wonton,145g*6c*6in,HC,Y3,542,19512,36.0,
11,07,2024,CAN,"CP Foods Canada,Inc (CPFC)",Wonton,Cooked Wonton,145g*6c*6in,HC,Y3,1288,46368,36.0,
18,07,2024,CAN,"CP Foods Canada,Inc (CPFC)",Wonton,Cooked Wonton,145g*6c*6in,HC,Y3,1020,36720,36.0,
11,07,2024,Japan,CPF JAPAN,Wonton,Cooked Wonton,148g*6c*6in,M,Regular,1288,46368,36.0,
02,07,2024,Korea,Consumer Package Commerce,Wonton+TY,Cooked Wonton,147g*6c*6in,M,TYEX+CO,1288,46368,36.0,
04,07,2024,Japan,CPF JAPAN,Wonton+TY,Cooked Wonton,147g*6c*6in,M,TYEX+CO,1288,46368,36.0,
04,07,2024,Japan,CPF JAPAN,Wonton+TY,Cooked Wonton,147g*6c*6in,M,TYEX+CO,1288,46368,36.0,
11,07,2024,CAN,"CP Foods Canada,Inc (CPFC)",Wonton+TY,Cooked Wonton,147g*6c*6in,M,TYEX+CO,1288,46368,36.0,
11,07,2024,CAN,"CP Foods Canada,Inc (CPFC)",Wonton+TY,Cooked Wonton,147g*6c*6in,M,TYEX+CO,1288,46368,36.0,
25,07,2024,CAN,"CP Foods Canada,Inc (CPFC)",Wonton+TY,Cooked Wonton,147g*6c*6in,M,TYEX+CO,1288,46368,36.0,
24,07,2024,CAN,Bellisio Foods Canada,Minced ND,Cooked Wonton,258g*12,BK,Regular,2600,31200,12.0,
08,08,2024,CAN,Bellisio Foods Canada,Minced ND,Cooked Wonton,258g*12,BK,Regular,2600,31200,12.0,
15,07,2024,AUS,CPF Australia Pty Ltd.,Wonton ND+V,Cooked Wonton,308g*6c*6in,HC,Regular,792,28512,36.0,
15,07,2024,AUS,CPF Australia Pty Ltd.,Wonton ND+V,Cooked Wonton,308g*6c*6in,HC,Regular,792,28512,36.0,
24,07,2024,AUS,CPF Australia Pty Ltd.,Wonton ND+V,Cooked Wonton,308g*6c*6in,HC,Regular,792,28512,36.0,
23,07,2024,Germany,CPF Distribution (under Paulsen Food),Wonton ND+V,Cooked Wonton,309g*12,HC,Regular,2040,24480,12.0,
,07,2024,.7-11,Seven ถ้วยดำ,E+Wonton,Cooked Wonton,145g*24,M,Regular,5692,136608,24.0,
08,08,2024,USA,"Bellisio Foods, Inc.",C-WT in tray no egg,Cooked Wonton,117*2tray*8in,M,Sesame 15g,16,256,16.0,
01,07,2024,New Zealand,Lim Brothers,C-Minced WT in tray no egg,Cooked Wonton,117*2tray*8in,BK,Sesame 15g,56,896,16.0,
05,07,2024,USA,"Bellisio Foods, Inc.",Wonton ND+V,Cooked Wonton,308g*6c*6in,HC,Y3,573,20628,36.0,
08,07,2024,USA,"Bellisio Foods, Inc.",Wonton ND+V,Cooked Wonton,308g*6c*6in,HC,Y3,792,28512,36.0,
08,07,2024,USA,"Bellisio Foods, Inc.",Wonton ND+V,Cooked Wonton,308g*6c*6in,HC,Y3,792,28512,36.0,
08,07,2024,USA,"Bellisio Foods, Inc.",Wonton ND+V,Cooked Wonton,308g*6c*6in,HC,Y3,792,28512,36.0,
09,07,2024,USA,"Bellisio Foods, Inc.",Wonton ND+V,Cooked Wonton,308g*6c*6in,HC,Y3,792,28512,36.0,
09,07,2024,USA,"Bellisio Foods, Inc.",Wonton ND+V,Cooked Wonton,308g*6c*6in,HC,Y3,204,7344,36.0,
05,07,2024,China,"Sam's (Shanghai) Investment Co., Ltd.",R-Wonton no egg,Raw Wonton,750g*8in,S,ซุปซอง 5g.,516,4128,8.0,
15,07,2024,.7-11,ถ้วยขาวพิมพ์กดสีฟ้า,Wonton,Cooked Wonton,130g*24,SS,Regular,4324,103776,24.0,
16,07,2024,Malay,CPM Malaysia,Wonton,Cooked Wonton,145g*24,M,Regular,900,21600,24.0,
16,07,2024,Malay,CPM Malaysia,Wonton+TY,Cooked Wonton,115g*24,M,TYTB3C 30G,850,20400,24.0,
05,07,2024,China,"Sam's (Shanghai) Investment Co., Ltd.",R-Wonton no egg,Raw Wonton,750g*8in,S,ซุปซอง 5g.,525,4200,8.0,
09,07,2024,USA,"Bellisio Foods, Inc.",Wonton ND+V,Cooked Wonton,308g*6c*6in,HC,Y3,588,21168,36.0,
09,07,2024,USA,"Bellisio Foods, Inc.",Wonton ND+V,Cooked Wonton,308g*6c*6in,HC,Y3,792,28512,36.0,
09,07,2024,USA,"Bellisio Foods, Inc.",Wonton ND+V,Cooked Wonton,308g*6c*6in,HC,Y3,792,28512,36.0,
12,07,2024,USA,"Bellisio Foods, Inc.",Wonton ND+V,Cooked Wonton,308g*6c*6in,HC,Y3,792,28512,36.0,
12,07,2024,USA,"Bellisio Foods, Inc.",Wonton ND+V,Cooked Wonton,308g*6c*6in,HC,Y3,792,28512,36.0,
12,07,2024,USA,"Bellisio Foods, Inc.",Wonton ND+V,Cooked Wonton,308g*6c*6in,HC,Y3,162,5832,36.0,
16,07,2024,Malay,CPM Malaysia,R-Wonton egg past,Raw Wonton,154g*20inner,S,ซุปซอง 5g.,400,8000,20.0,
07,08,2024,SG,CPI SINGAPORE,R-Wonton egg past,Raw Wonton,154g*20in,S,ซุปซอง 5g.,653,13060,20.0,
12,07,2024,USA,"Bellisio Foods, Inc.",Wonton ND+V,Cooked Wonton,308g*6c*6in,HC,Y3,630,22680,36.0,
12,07,2024,USA,"Bellisio Foods, Inc.",Wonton ND+V,Cooked Wonton,308g*6c*6in,HC,Y3,792,28512,36.0,
15,07,2024,USA,"Bellisio Foods, Inc.",Wonton ND+V,Cooked Wonton,308g*6c*6in,HC,Y3,792,28512,36.0,
15,07,2024,USA,"Bellisio Foods, Inc.",Wonton ND+V,Cooked Wonton,308g*6c*6in,HC,Y3,792,28512,36.0,
15,07,2024,USA,"Bellisio Foods, Inc.",Wonton ND+V,Cooked Wonton,308g*6c*6in,HC,Y3,792,28512,36.0,
15,07,2024,USA,"Bellisio Foods, Inc.",Wonton ND+V,Cooked Wonton,308g*6c*6in,HC,Y3,101,3636,36.0,
07,08,2024,SG,CPI SINGAPORE,R-Wonton egg past,Raw Wonton,154g*20in,S,ซุปซอง 5g.,947,18940,20.0,
15,07,2024,USA,"Bellisio Foods, Inc.",Wonton ND+V,Cooked Wonton,308g*6c*6in,HC,Y3,691,24876,36.0,
22,07,2024,USA,"Bellisio Foods, Inc.",Wonton ND+V,Cooked Wonton,308g*6c*6in,HC,Y3,792,28512,36.0,
22,07,2024,USA,"Bellisio Foods, Inc.",Wonton ND+V,Cooked Wonton,308g*6c*6in,HC,Y3,551,19836,36.0,
08,07,2024,Denmark,CPF DENMARK,Minced ND+V+TK,Cooked Wonton,302g*8,BK,Tomkha+CM,217,1736,8.0,
08,07,2024,MTFS,ซีพีเอฟ เทรดดิ้ง,R-Wonton no egg,Raw Wonton,220g*12in,SS,,399,4788,12.0,
23,07,2024,USA,"Bellisio Foods, Inc.",R-Wonton no egg,Raw Wonton,580g*10in,S,ซุปซอง 5g.,100,1000,10.0,
27,07,2024,USA,"Bellisio Foods, Inc.",R-Wonton no egg,Raw Wonton,580g*10in,S,ซุปซอง 5g.,100,1000,10.0,
08,08,2024,USA,"Bellisio Foods, Inc.",R-Wonton no egg,Raw Wonton,580g*10in,S,ซุปซอง 5g.,100,1000,10.0,
15,08,2024,USA,"Bellisio Foods, Inc.",R-Wonton no egg,Raw Wonton,580g*10in,S,ซุปซอง 5g.,400,4000,10.0,
24,07,2024,UK,Westbridge Foods Limited (One UK),Wonton,Cooked Wonton,148g*6c*6in,HC,Regular,1288,46368,36.0,
27,07,2024,USA,"Bellisio Foods, Inc.",Minced WT,Cooked Wonton,145g*6c*6,BK,Regular,450,19800,44.0,
15,08,2024,USA,"Bellisio Foods, Inc.",Minced WT,Cooked Wonton,145g*6c*6,BK,Regular,300,19800,66.0,
22,07,2024,.7-11,ถ้วยขาวพิมพ์กดสีฟ้า,Wonton,Cooked Wonton,130g*24,SS,Regular,2574,61776,24.0,
21,08,2024,New Zealand,Lim Brothers,Minced ND+V+TY,Cooked Wonton,302g*8,BK,TYA+CO,162,1296,8.0,
12,09,2024,New Zealand,Lim Brothers,Minced ND+V+TY,Cooked Wonton,302g*8,BK,TYA+CO,270,2160,8.0,
,07,2024,.7-11,ถ้วยขาวพิมพ์กดสีฟ้า,Wonton,Cooked Wonton,130g*24,SS,Regular,4507,108168,24.0,
23,07,2024,USA,"Bellisio Foods, Inc.",Minced ND,Cooked Wonton,258g*4c*6in,BK,Regular,750,18000,24.0,
27,07,2024,USA,"Bellisio Foods, Inc.",Minced ND,Cooked Wonton,258g*4c*6in,BK,Regular,700,16800,24.0,
30,07,2024,USA,"Bellisio Foods, Inc.",Minced ND,Cooked Wonton,258g*4c*6in,BK,Regular,106,2544,24.0,
30,07,2024,USA,"Bellisio Foods, Inc.",Minced ND,Cooked Wonton,258g*4c*6in,BK,Regular,594,14256,24.0,
15,08,2024,USA,"Bellisio Foods, Inc.",Minced ND,Cooked Wonton,258g*4c*6in,BK,Regular,800,19200,24.0,
07,10,2024,USA,"Bellisio Foods, Inc.",Minced ND,Cooked Wonton,258g*8,BK,Regular,1237,9896,8.0,
25,07,2024,BRUNEI,Ben Foods,Wonton,Cooked Wonton,145g*24,M,Regular,200,4800,24.0,
25,07,2024,BRUNEI,Ben Foods,Wonton+TY,Cooked Wonton,115g*24,M,TYTB3C 30G,405,9720,24.0,
,08,2024,.7-11,ถ้วยขาวพิมพ์กดสีฟ้า,Wonton,Cooked Wonton,130g*24,SS,Regular,2168,52032,24.0,
08,08,2024,Japan,CPF JAPAN,Wonton+TY,Cooked Wonton,147g*6c*6in,M,TYEX+CO,1288,46368,36.0,
14,08,2024,Japan,CPF JAPAN,Wonton+TY,Cooked Wonton,147g*6c*6in,M,TYEX+CO,1288,46368,36.0,
14,08,2024,Japan,CPF JAPAN,Wonton+TY,Cooked Wonton,147g*6c*6in,M,TYEX+CO,1205,43380,36.0,
22,07,2024,USA,"Bellisio Foods, Inc.",Wonton ND+V,Cooked Wonton,308g*6c*6in,HC,Y3,241,8676,36.0,
22,07,2024,USA,"Bellisio Foods, Inc.",Wonton ND+V,Cooked Wonton,308g*6c*6in,HC,Y3,792,28512,36.0,
22,07,2024,USA,"Bellisio Foods, Inc.",Wonton ND+V,Cooked Wonton,308g*6c*6in,HC,Y3,550,19800,36.0,
22,07,2024,USA,"Bellisio Foods, Inc.",Wonton ND+V,Cooked Wonton,308g*6c*6in,HC,Y3,792,28512,36.0,
22,07,2024,USA,"Bellisio Foods, Inc.",Wonton ND+V,Cooked Wonton,308g*6c*6in,HC,Y3,792,28512,36.0,
22,07,2024,USA,"Bellisio Foods, Inc.",Wonton ND+V,Cooked Wonton,308g*6c*6in,HC,Y3,768,27648,36.0,
22,07,2024,USA,"Bellisio Foods, Inc.",Wonton ND+V,Cooked Wonton,308g*6c*6in,HC,Y3,24,864,36.0,
22,07,2024,USA,"Bellisio Foods, Inc.",Wonton ND+V,Cooked Wonton,308g*6c*6in,HC,Y3,792,28512,36.0,
27,07,2024,USA,"Bellisio Foods, Inc.",Wonton ND+V,Cooked Wonton,308g*6c*6in,HC,Y3,792,28512,36.0,
27,07,2024,USA,"Bellisio Foods, Inc.",Wonton ND+V,Cooked Wonton,308g*6c*6in,HC,Y3,792,28512,36.0,
27,07,2024,USA,"Bellisio Foods, Inc.",Wonton ND+V,Cooked Wonton,308g*6c*6in,HC,Y3,792,28512,36.0,
27,07,2024,USA,"Bellisio Foods, Inc.",Wonton ND+V,Cooked Wonton,308g*6c*6in,HC,Y3,792,28512,36.0,
27,07,2024,USA,"Bellisio Foods, Inc.",Wonton ND+V,Cooked Wonton,308g*6c*6in,HC,Y3,68,2448,36.0,
27,07,2024,USA,"Bellisio Foods, Inc.",Wonton ND+V,Cooked Wonton,308g*6c*6in,HC,Y3,724,26064,36.0,
30,07,2024,USA,"Bellisio Foods, Inc.",Wonton ND+V,Cooked Wonton,308g*6c*6in,HC,Y3,792,28512,36.0,
30,07,2024,USA,"Bellisio Foods, Inc.",Wonton ND+V,Cooked Wonton,308g*6c*6in,HC,Y3,120,4320,36.0,
,07,2024,.7-11,ซีพีเอฟ เทรดดิ้ง,Wonton ND+V+TY,Cooked Wonton,211g*12,SS,TYNSF,7034,84408,12.0,
20,07,2024,CAN,"CP Foods Canada,Inc (CPFC)",Wonton,Cooked Wonton,145g*6c*6in,HC,Y3,268,9648,36.0,
25,07,2024,CAN,"CP Foods Canada,Inc (CPFC)",Wonton,Cooked Wonton,145g*6c*6in,HC,Y3,1288,46368,36.0,
01,08,2024,CAN,"CP Foods Canada,Inc (CPFC)",Wonton,Cooked Wonton,145g*6c*6in,HC,Y3,1288,46368,36.0,
01,08,2024,CAN,"CP Foods Canada,Inc (CPFC)",Wonton,Cooked Wonton,145g*6c*6in,HC,Y3,1288,46368,36.0,
08,08,2024,CAN,"CP Foods Canada,Inc (CPFC)",Wonton,Cooked Wonton,145g*6c*6in,HC,Y3,34,1224,36.0,
08,08,2024,CAN,"CP Foods Canada,Inc (CPFC)",Wonton+TY,Cooked Wonton,147g*6c*6in,M,TYEX+CO,1288,46368,36.0,
15,08,2024,CAN,"CP Foods Canada,Inc (CPFC)",Wonton+TY,Cooked Wonton,147g*6c*6in,M,TYEX+CO,1288,46368,36.0,
22,08,2024,CAN,"CP Foods Canada,Inc (CPFC)",Wonton+TY,Cooked Wonton,147g*6c*6in,M,TYEX+CO,1288,46368,36.0,
22,08,2024,CAN,"CP Foods Canada,Inc (CPFC)",Wonton+TY,Cooked Wonton,147g*6c*6in,M,TYEX+CO,69,2484,36.0,
14,08,2024,Japan,CPF JAPAN,Wonton+TY,Cooked Wonton,147g*6c*6in,M,TYEX+CO,83,2988,36.0,
,08,2024,.7-11,ถ้วยขาวพิมพ์กดสีฟ้า,Wonton,Cooked Wonton,130g*24,SS,Regular,3238,77712,24.0,
31,07,2024,New Zealand,Lim Brothers,Wonton ND+V,Cooked Wonton,308g*6c*6in,HC,Regular,320,11520,36.0,
31,07,2024,AUS,CPF Australia Pty Ltd.,Wonton ND+V,Cooked Wonton,308g*6c*6in,HC,Regular,792,28512,36.0,
15,08,2024,AUS,CPF Australia Pty Ltd.,Wonton ND+V,Cooked Wonton,308g*6c*6in,HC,Regular,792,28512,36.0,
23,07,2024,USA,"Bellisio Foods, Inc.",Minced ND+V,Cooked Wonton,308g*4c*6in,BK,Y3,200,4800,24.0,
30,07,2024,USA,"Bellisio Foods, Inc.",Minced ND+V,Cooked Wonton,308g*4c*6in,BK,Y3,200,4800,24.0,
20,08,2024,USA,"Bellisio Foods, Inc.",Minced ND+V,Cooked Wonton,308g*4c*6in,BK,Y3,200,4800,24.0,
30,07,2024,USA,"Bellisio Foods, Inc.",Wonton ND+V,Cooked Wonton,308g*6c*6in,HC,Y3,672,24192,36.0,
30,07,2024,USA,"Bellisio Foods, Inc.",Wonton ND+V,Cooked Wonton,308g*6c*6in,HC,Y3,792,28512,36.0,
05,08,2024,USA,"Bellisio Foods, Inc.",Wonton ND+V,Cooked Wonton,308g*6c*6in,HC,Y3,792,28512,36.0,
05,08,2024,USA,"Bellisio Foods, Inc.",Wonton ND+V,Cooked Wonton,308g*6c*6in,HC,Y3,289,10404,36.0,
01,08,2024,Spain,Mercadona,Wonton ND+V,Cooked Wonton,309g*12,HC,Regular,2520,30240,12.0,
06,08,2024,Korea,Consumer Package Commerce,R-Wonton egg past,Raw Wonton,630g*10inner,S,ซุปซอง 5g.,1263,12630,10.0,
06,08,2024,Korea,Consumer Package Commerce,R-Wonton egg past,Raw Wonton,630g*10inner,S,ซุปซอง 5g.,463,4630,10.0,
27,07,2024,China,"Charoen Pokphand Import&Export Trading (Shanghai) Co., Ltd",R-Wonton no egg,Raw Wonton,630g*8in,S,ซุปซอง 5g.,924,7392,8.0,
,08,2024,.7-11,ถ้วยขาวพิมพ์กดสีฟ้า,Wonton,Cooked Wonton,130g*24,SS,Regular,4121,98904,24.0,
07,08,2024,Japan,CPF JAPAN,Wonton,Cooked Wonton,148g*6c*6in,M,Regular,1288,46368,36.0,
01,08,2024,MTFS,ซีพีเอฟ เทรดดิ้ง,R-Wonton no egg,Raw Wonton,220g*12in,SS,,175,2100,12.0,
06,08,2024,Korea,Consumer Package Commerce,R-Wonton egg past,Raw Wonton,630g*10inner,S,ซุปซอง 5g.,330,3300,10.0,
10,09,2024,UK,Westbridge Foods Limited (One UK),Wonton,Cooked Wonton,148g*6c*6in,HC,Regular,1288,46368,36.0,
24,09,2024,UK,Westbridge Foods Limited (One UK),Wonton,Cooked Wonton,148g*6c*6in,HC,Regular,1288,46368,36.0,
,08,2024,.7-11,ถ้วยขาวพิมพ์กดสีฟ้า,Wonton,Cooked Wonton,130g*24,SS,Regular,1513,36312,24.0,
08,08,2024,HK,CPM Hongkong,R-Wonton egg past,Raw Wonton,101g*18in,S,ซุปซอง 5g.,1650,29700,18.0,
,08,2024,.7-11,ซีพีเอฟ เทรดดิ้ง,E+Wonton+หมาล่า,Cooked Wonton,143g*24,SS,หมาล่า,5699,136776,24.0,
07,08,2024,SG,CPI SINGAPORE,R-Minced egg past,Raw Wonton,90g*18in,BK,ซุปซอง 5g.,600,10800,18.0,
08,08,2024,HK,CPM Hongkong,R-Minced egg past,Raw Wonton,90g*18in,BK,ซุปซอง 5g.,250,4500,18.0,
27,08,2024,Malay,CPM Malaysia,R-Wonton egg past,Raw Wonton,154g*20inner,S,ซุปซอง 5g.,400,8000,20.0,
,07,2024,MTFS,ซีพีเอฟ เทรดดิ้ง,E+Wonton NDE,Cooked Wonton,226g*12,M,Regular,216,2592,12.0,
,08,2024,MTFS,ซีพีเอฟ เทรดดิ้ง,E+Wonton NDE,Cooked Wonton,226g*12,M,Regular,452,5424,12.0,
,08,2024,.7-11,Seven ถ้วยดำ,E+Wonton,Cooked Wonton,145g*24,M,Regular,4879,117096,24.0,
,07,2024,MTFS,ซีพีเอฟ เทรดดิ้ง,E+Wonton+หมาล่า,Cooked Wonton,143g*12,SS,หมาล่า,138,1656,12.0,
,08,2024,MTFS,ซีพีเอฟ เทรดดิ้ง,E+Wonton+หมาล่า,Cooked Wonton,143g*12,SS,หมาล่า,271,3252,12.0,
,08,2024,MTFS,ซีพีเอฟ เทรดดิ้ง,E+Wonton+หมาล่า,Cooked Wonton,143g*18,SS,หมาล่า,126,2268,18.0,
,08,2024,.7-11,ซีพีเอฟ เทรดดิ้ง,E+Wonton+หมาล่า,Cooked Wonton,143g*24,SS,หมาล่า,543,13032,24.0,
,07,2024,MTFS,ซีพีเอฟ เทรดดิ้ง,E+Minced WT,Cooked Wonton,135g*12,BK,Regular,301,3612,12.0,
,08,2024,MTFS,ซีพีเอฟ เทรดดิ้ง,E+Minced WT,Cooked Wonton,135g*12,BK,Regular,311,3732,12.0,
,08,2024,MTFS,ซีพีเอฟ เทรดดิ้ง,E+Wonton,Cooked Wonton,145g*12,M,Regular,12,144,12.0,
,07,2024,MTFS,ซีพีเอฟ เทรดดิ้ง,E+Wonton,Cooked Wonton,145g*12,M,Regular,1325,15900,12.0,
,08,2024,MTFS,ซีพีเอฟ เทรดดิ้ง,E+Wonton,Cooked Wonton,145g*12,M,Regular,2876,34512,12.0,
,08,2024,.7-11,Seven ถ้วยดำ,E+Wonton,Cooked Wonton,145g*24,M,Regular,2546,61104,24.0,
,08,2024,MTFS,ซีพีเอฟ เทรดดิ้ง,E+Wonton TY,Cooked Wonton,115g*12,M,TYTB3C 30G,429,5148,12.0,
,07,2024,MTFS,ซีพีเอฟ เทรดดิ้ง,E+Wonton,Cooked Wonton,90g*3B*6B,M,ซุปซอง 5g.,581,10458,18.0,
,08,2024,MTFS,ซีพีเอฟ เทรดดิ้ง,E+Wonton,Cooked Wonton,90g*3B*6B,M,ซุปซอง 5g.,519,9342,18.0,
15,08,2024,AUS,CPF Australia Pty Ltd.,Wonton ND+V,Cooked Wonton,308g*6c*6in,HC,Regular,792,28512,36.0,
22,08,2024,AUS,CPF Australia Pty Ltd.,Wonton ND+V,Cooked Wonton,308g*6c*6in,HC,Regular,792,28512,36.0,
29,08,2024,AUS,CPF Australia Pty Ltd.,Wonton ND+V,Cooked Wonton,308g*6c*6in,HC,Regular,385,13860,36.0,
26,08,2024,Spain,Mercadona,Wonton ND+V,Cooked Wonton,309g*12,HC,Regular,2520,30240,12.0,
13,08,2024,Denmark,CPF DENMARK,Wonton ND+V+TY,Cooked Wonton,309g*8,M,TYANS+CM,3500,28000,8.0,
13,08,2024,Korea,Consumer Package Commerce,Wonton,Cooked Wonton,145g*6c*6in,HC,Y3,1288,46368,36.0,
13,08,2024,Korea,Consumer Package Commerce,Wonton,Cooked Wonton,145g*6c*6in,HC,Y3,644,23184,36.0,
08,08,2024,CAN,"CP Foods Canada,Inc (CPFC)",Wonton,Cooked Wonton,145g*6c*6in,HC,Y3,1254,45144,36.0,
22,08,2024,CAN,"CP Foods Canada,Inc (CPFC)",Wonton,Cooked Wonton,145g*6c*6in,HC,Y3,755,27180,36.0,
14,08,2024,Japan,CPF JAPAN,Wonton,Cooked Wonton,148g*6c*6in,M,Regular,1288,46368,36.0,
21,08,2024,Japan,CPF JAPAN,Wonton,Cooked Wonton,148g*6c*6in,M,Regular,1288,46368,36.0,
21,08,2024,Japan,CPF JAPAN,Wonton,Cooked Wonton,148g*6c*6in,M,Regular,1288,46368,36.0,
07,08,2024,SG,CPI SINGAPORE,Wonton +TY,Cooked Wonton,115g*24,M,TYTB3C 30G,500,12000,24.0,
21,08,2024,New Zealand,Lim Brothers,Minced ND+Kee Mao,Cooked Wonton,219g*8,BK,Kee Mao 50G.,54,432,8.0,
29,08,2024,New Zealand,Lim Brothers,Minced ND+Kee Mao,Cooked Wonton,219g*8,BK,Kee Mao 50G.,108,864,8.0,
28,08,2024,CAN,Bellisio Foods Canada,Minced ND,Cooked Wonton,258g*12,BK,Regular,2600,31200,12.0,
20,08,2024,UK,Food Fellas,Wonton ND,Cooked Wonton,258g*8,HC,Regular,2000,16000,8.0,
06,09,2024,UK,Food Fellas,Wonton ND,Cooked Wonton,258g*12,HC,Regular,250,3000,12.0,
20,08,2024,UK,Food Fellas,Wonton,Cooked Wonton,145g*8,HC,Regular,1600,19800,12.375,
06,09,2024,UK,Food Fellas,Wonton,Cooked Wonton,145g*12,HC,Regular,250,19800,79.2,
,09,2024,.7-11,ถ้วยขาวพิมพ์กดสีฟ้า,Wonton,Cooked Wonton,130g*24,SS,Regular,2890,69360,24.0,
05,08,2024,USA,"Bellisio Foods, Inc.",Wonton ND+V,Cooked Wonton,308g*6c*6in,HC,Y3,503,18108,36.0,
05,08,2024,USA,"Bellisio Foods, Inc.",Wonton ND+V,Cooked Wonton,308g*6c*6in,HC,Y3,792,28512,36.0,
06,08,2024,USA,"Bellisio Foods, Inc.",Wonton ND+V,Cooked Wonton,308g*6c*6in,HC,Y3,792,28512,36.0,
06,08,2024,USA,"Bellisio Foods, Inc.",Wonton ND+V,Cooked Wonton,308g*6c*6in,HC,Y3,792,28512,36.0,
07,08,2024,USA,"Bellisio Foods, Inc.",Wonton ND+V,Cooked Wonton,308g*6c*6in,HC,Y3,195,7020,36.0,
07,08,2024,USA,"Bellisio Foods, Inc.",Wonton ND+V,Cooked Wonton,308g*6c*6in,HC,Y3,597,21492,36.0,
07,08,2024,USA,"Bellisio Foods, Inc.",Wonton ND+V,Cooked Wonton,308g*6c*6in,HC,Y3,792,28512,36.0,
07,08,2024,USA,"Bellisio Foods, Inc.",Wonton ND+V,Cooked Wonton,308g*6c*6in,HC,Y3,792,28512,36.0,
13,08,2024,USA,"Bellisio Foods, Inc.",Wonton ND+V,Cooked Wonton,308g*6c*6in,HC,Y3,792,28512,36.0,
13,08,2024,USA,"Bellisio Foods, Inc.",Wonton ND+V,Cooked Wonton,308g*6c*6in,HC,Y3,373,13428,36.0,
15,08,2024,AUS,CPF Australia Pty Ltd.,Wonton ND+V+TY,Cooked Wonton,307g*4c*6in,M,TYEX+CO,924,22176,24.0,
05,09,2024,Japan,CPF JAPAN,Wonton+TY,Cooked Wonton,147g*6c*6in,M,TYEX+CO,1288,46368,36.0,
13,08,2024,Korea,Consumer Package Commerce,Wonton+TY,Cooked Wonton,147g*6c*6in,M,TYEX+CO,644,23184,36.0,
22,08,2024,CAN,"CP Foods Canada,Inc (CPFC)",Wonton+TY,Cooked Wonton,147g*6c*6in,M,TYEX+CO,1219,43884,36.0,
12,09,2024,CAN,"CP Foods Canada,Inc (CPFC)",Wonton+TY,Cooked Wonton,147g*6c*6in,M,TYEX+CO,690,24840,36.0,
21,08,2024,New Zealand,Lim Brothers,C-Minced WT in tray no egg,Cooked Wonton,117*2tray*8in,BK,Sesame 15g,432,6912,16.0,
22,08,2024,CAN,"CP Foods Canada,Inc (CPFC)",Wonton,Cooked Wonton,145g*6c*6in,HC,Y3,526,18936,36.0,
,09,2024,.7-11,ถ้วยขาวพิมพ์กดสีฟ้า,Wonton,Cooked Wonton,130g*24,SS,Regular,4852,116448,24.0,
29,08,2024,New Zealand,Lim Brothers,C-Minced WT in tray no egg,Cooked Wonton,117*2tray*8in,BK,Sesame 15g,288,4608,16.0,
27,08,2024,Malay,CPM Malaysia,Wonton+TY,Cooked Wonton,115g*24,M,TYTB3C 30G,850,20400,24.0,
27,08,2024,Malay,CPM Malaysia,Wonton,Cooked Wonton,145g*24,M,Regular,900,21600,24.0,
,08,2024,.7-11,Seven ถ้วยดำ,E+Wonton,Cooked Wonton,145g*24,M,Regular,3685,88440,24.0,
06,09,2024,UK,Food Fellas,C-WT in tray no egg,Cooked Wonton,360g.*16Pack,M,ซุปซอง 5g.,350,5600,16.0,
29,11,2024,USA,"Bellisio Foods, Inc.",C-WT in tray no egg,Cooked Wonton,117*2tray*8in,M,Sesame 15g,4,64,16.0,
22,08,2024,CAN,"CP Foods Canada,Inc (CPFC)",Wonton,Cooked Wonton,145g*6c*6in,HC,Y3,7,252,36.0,
29,08,2024,CAN,"CP Foods Canada,Inc (CPFC)",Wonton,Cooked Wonton,145g*6c*6in,HC,Y3,1288,46368,36.0,
05,09,2024,CAN,"CP Foods Canada,Inc (CPFC)",Wonton,Cooked Wonton,145g*6c*6in,HC,Y3,1288,46368,36.0,
19,09,2024,CAN,"CP Foods Canada,Inc (CPFC)",Wonton,Cooked Wonton,145g*6c*6in,HC,Y3,1064,38304,36.0,
13,08,2024,USA,"Bellisio Foods, Inc.",Wonton ND+V,Cooked Wonton,308g*6c*6in,HC,Y3,419,15084,36.0,
15,08,2024,USA,"Bellisio Foods, Inc.",Wonton ND+V,Cooked Wonton,308g*6c*6in,HC,Y3,792,28512,36.0,
16,08,2024,USA,"Bellisio Foods, Inc.",Wonton ND+V,Cooked Wonton,308g*6c*6in,HC,Y3,494,17784,36.0,
18,09,2024,Japan,CPF JAPAN,Wonton,Cooked Wonton,148g*6c*6in,M,Regular,762,27432,36.0,
20,08,2024,China,"Sam's (Shanghai) Investment Co., Ltd.",R-Wonton no egg,Raw Wonton,750g*8in,S,ซุปซอง 5g.,1408,11264,8.0,
16,08,2024,USA,"Bellisio Foods, Inc.",Wonton ND+V,Cooked Wonton,308g*6c*6in,HC,Y3,298,10728,36.0,
16,08,2024,USA,"Bellisio Foods, Inc.",Wonton ND+V,Cooked Wonton,308g*6c*6in,HC,Y3,792,28512,36.0,
16,08,2024,USA,"Bellisio Foods, Inc.",Wonton ND+V,Cooked Wonton,308g*6c*6in,HC,Y3,792,28512,36.0,
16,08,2024,USA,"Bellisio Foods, Inc.",Wonton ND+V,Cooked Wonton,308g*6c*6in,HC,Y3,792,28512,36.0,
17,08,2024,USA,"Bellisio Foods, Inc.",Wonton ND+V,Cooked Wonton,308g*6c*6in,HC,Y3,792,28512,36.0,
17,08,2024,USA,"Bellisio Foods, Inc.",Wonton ND+V,Cooked Wonton,308g*6c*6in,HC,Y3,395,14220,36.0,
17,08,2024,USA,"Bellisio Foods, Inc.",Wonton ND+V,Cooked Wonton,308g*6c*6in,HC,Y3,397,14292,36.0,
17,08,2024,USA,"Bellisio Foods, Inc.",Wonton ND+V,Cooked Wonton,308g*6c*6in,HC,Y3,792,28512,36.0,
17,08,2024,USA,"Bellisio Foods, Inc.",Wonton ND+V,Cooked Wonton,308g*6c*6in,HC,Y3,792,28512,36.0,
24,08,2024,USA,"Bellisio Foods, Inc.",Wonton ND+V,Cooked Wonton,308g*6c*6in,HC,Y3,792,28512,36.0,
24,08,2024,USA,"Bellisio Foods, Inc.",Wonton ND+V,Cooked Wonton,308g*6c*6in,HC,Y3,792,28512,36.0,
24,08,2024,USA,"Bellisio Foods, Inc.",Wonton ND+V,Cooked Wonton,308g*6c*6in,HC,Y3,314,11304,36.0,
24,08,2024,USA,"Bellisio Foods, Inc.",Wonton ND+V,Cooked Wonton,308g*6c*6in,HC,Y3,478,17208,36.0,
24,08,2024,USA,"Bellisio Foods, Inc.",Wonton ND+V,Cooked Wonton,308g*6c*6in,HC,Y3,792,28512,36.0,
24,08,2024,USA,"Bellisio Foods, Inc.",Wonton ND+V,Cooked Wonton,308g*6c*6in,HC,Y3,792,28512,36.0,
24,08,2024,USA,"Bellisio Foods, Inc.",Wonton ND+V,Cooked Wonton,308g*6c*6in,HC,Y3,792,28512,36.0,
24,08,2024,USA,"Bellisio Foods, Inc.",Wonton ND+V,Cooked Wonton,308g*6c*6in,HC,Y3,541,19476,36.0,
03,09,2024,Korea,Consumer Package Commerce,R-Wonton egg past,Raw Wonton,630g*10inner,S,ซุปซอง 5g.,456,4560,10.0,
24,08,2024,USA,"Bellisio Foods, Inc.",Wonton ND+V,Cooked Wonton,308g*6c*6in,HC,Y3,251,9036,36.0,
26,08,2024,USA,"Bellisio Foods, Inc.",Wonton ND+V,Cooked Wonton,308g*6c*6in,HC,Y3,792,28512,36.0,
26,08,2024,USA,"Bellisio Foods, Inc.",Wonton ND+V,Cooked Wonton,308g*6c*6in,HC,Y3,792,28512,36.0,
31,08,2024,USA,"Bellisio Foods, Inc.",Wonton ND+V,Cooked Wonton,308g*6c*6in,HC,Y3,309,11124,36.0,
29,08,2024,AUS,CPF Australia Pty Ltd.,Wonton ND+V,Cooked Wonton,308g*6c*6in,HC,Regular,407,14652,36.0,
03,09,2024,Germany,CPF Distribution (under Paulsen Food),Wonton ND+V,Cooked Wonton,309g*12,HC,Regular,2040,24480,12.0,
03,09,2024,Korea,Consumer Package Commerce,R-Wonton egg past,Raw Wonton,630g*10inner,S,ซุปซอง 5g.,430,4300,10.0,
21,08,2024,New Zealand,Lim Brothers,Wonton ND+V,Cooked Wonton,305g*8,HC,Regular,610,4880,8.0,
29,08,2024,New Zealand,Lim Brothers,Wonton ND+V,Cooked Wonton,305g*8,HC,Regular,510,4080,8.0,
02,09,2024,Denmark,CPF DENMARK,Minced ND+V+TK,Cooked Wonton,302g*8,BK,Tomkha+CM,3500,28000,8.0,
10,09,2024,Germany,CPF Distribution (under Paulsen Food),Minced ND+V+TK,Cooked Wonton,302g*12,BK,Tomkha+CM,2040,24480,12.0,
21,08,2024,New Zealand,Lim Brothers,Minced ND+V+TK,Cooked Wonton,302g*8,BK,Tomkha+CM,216,1728,8.0,
29,08,2024,New Zealand,Lim Brothers,Minced ND+V+TK,Cooked Wonton,302g*8,BK,Tomkha+CM,270,2160,8.0,
03,09,2024,Korea,Consumer Package Commerce,R-Wonton egg past,Raw Wonton,630g*10inner,S,ซุปซอง 5g.,865,8650,10.0,
18,09,2024,Japan,CPF JAPAN,Wonton,Cooked Wonton,148g*6c*6in,M,Regular,526,18936,36.0,
04,09,2024,SG,CPI SINGAPORE,Wonton,Cooked Wonton,145g*24,M,Regular,500,12000,24.0,
,09,2024,.7-11,ถ้วยขาวพิมพ์กดสีฟ้า,Wonton,Cooked Wonton,130g*24,SS,Regular,4463,107112,24.0,
03,09,2024,Korea,Consumer Package Commerce,R-Wonton egg past,Raw Wonton,630g*10inner,S,ซุปซอง 5g.,305,3050,10.0,
26,08,2024,USA,"Bellisio Foods, Inc.",Wonton+TY,Cooked Wonton,147g*6c*6in,M,TYEX+CO,1288,46368,36.0,
27,08,2024,USA,"Bellisio Foods, Inc.",Wonton+TY,Cooked Wonton,147g*6c*6in,M,TYEX+CO,1288,46368,36.0,
02,09,2024,USA,"Bellisio Foods, Inc.",Wonton+TY,Cooked Wonton,147g*6c*6in,M,TYEX+CO,95,3420,36.0,
05,09,2024,AUS,CPF Australia Pty Ltd.,Wonton ND+V+TY,Cooked Wonton,307g*4c*6in,M,TYEX+CO,924,22176,24.0,
19,09,2024,AUS,CPF Australia Pty Ltd.,Wonton ND+V+TY,Cooked Wonton,307g*4c*6in,M,TYEX+CO,924,22176,24.0,
04,09,2024,SG,CPI SINGAPORE,R-Wonton egg past,Raw Wonton,154g*20in,S,ซุปซอง 5g.,1000,20000,20.0,
,10,2024,.7-11,ถ้วยขาวพิมพ์กดสีฟ้า,Wonton,Cooked Wonton,130g*24,SS,Regular,1817,43608,24.0,
23,08,2024,ขายภายใน,ซีพีเอฟ เทรดดิ้ง,R-Wonton egg past,Raw Wonton,600g.*8 packs,M,,500,4000,8.0,
,09,2024,MTFS,ซีพีเอฟ เทรดดิ้ง,R-Wonton no egg,Raw Wonton,220g*12in,SS,,236,2832,12.0,
04,09,2024,SG,CPI SINGAPORE,R-Minced egg past,Raw Wonton,90g*18in,BK,ซุปซอง 5g.,550,9900,18.0,
24,09,2024,Malay,CPM Malaysia,R-Wonton egg past,Raw Wonton,154g*20inner,S,ซุปซอง 5g.,400,8000,20.0,
17,09,2024,Korea,Consumer Package Commerce,R-Wonton egg past,Raw Wonton,154g*40in,S,ซุปซอง 5g.,130,5200,40.0,
28,08,2024,ขายภายใน,บริษัท อินสยาม ฟู้ด แอนด์ เบฟเวอเรจ จำกัด,E+Wonton,Cooked Wonton,90g*100B,M,ซุปซอง 5g.,10,1000,100.0,
29,08,2024,MTFS,ซีพีเอฟ เทรดดิ้ง,E+Wonton,Cooked Wonton,90g*3B*6B,M,ซุปซอง 5g.,678,12204,18.0,
,08,2024,.7-11,ซีพีเอฟ เทรดดิ้ง,E+Wonton+หมาล่า,Cooked Wonton,143g*24,SS,หมาล่า,8,192,24.0,
17,09,2024,Korea,Consumer Package Commerce,R-Wonton egg past,Raw Wonton,154g*40in,S,ซุปซอง 5g.,528,21120,40.0,
04,09,2024,SG,CPI Singapore,Wonton ND+V,Cooked Wonton,219g*24,HC,ซุปซอง 10g.,250,6000,24.0,
29,08,2024,New Zealand,Lim Brothers,Wonton ND+V,Cooked Wonton,308g*6c*6in,HC,Regular,320,11520,36.0,
05,09,2024,New Zealand,Lim Brothers,Wonton ND+V,Cooked Wonton,308g*6c*6in,HC,Regular,320,11520,36.0,
12,09,2024,AUS,CPF Australia Pty Ltd.,Wonton ND+V,Cooked Wonton,308g*6c*6in,HC,Regular,792,28512,36.0,
19,09,2024,AUS,CPF Australia Pty Ltd.,Wonton ND+V,Cooked Wonton,308g*6c*6in,HC,Regular,792,28512,36.0,
12,09,2024,Spain,Mercadona,Wonton ND+V,Cooked Wonton,309g*12,HC,Regular,2520,30240,12.0,
17,09,2024,Denmark,CPF DENMARK,Wonton ND+V+TY,Cooked Wonton,309g*8,M,TYANS+CM,3500,28000,8.0,
17,09,2024,Korea,Consumer Package Commerce,R-Wonton egg past,Raw Wonton,154g*40in,S,ซุปซอง 5g.,513,20520,40.0,
31,08,2024,USA,"Bellisio Foods, Inc.",Wonton ND+V,Cooked Wonton,308g*6c*6in,HC,Y3,483,17388,36.0,
31,08,2024,USA,"Bellisio Foods, Inc.",Wonton ND+V,Cooked Wonton,308g*6c*6in,HC,Y3,792,28512,36.0,
31,08,2024,USA,"Bellisio Foods, Inc.",Wonton ND+V,Cooked Wonton,308g*6c*6in,HC,Y3,792,28512,36.0,
31,08,2024,USA,"Bellisio Foods, Inc.",Wonton ND+V,Cooked Wonton,308g*6c*6in,HC,Y3,792,28512,36.0,
31,08,2024,USA,"Bellisio Foods, Inc.",Wonton ND+V,Cooked Wonton,308g*6c*6in,HC,Y3,792,28512,36.0,
02,09,2024,USA,"Bellisio Foods, Inc.",Wonton ND+V,Cooked Wonton,308g*6c*6in,HC,Y3,792,28512,36.0,
02,09,2024,USA,"Bellisio Foods, Inc.",Wonton ND+V,Cooked Wonton,308g*6c*6in,HC,Y3,58,2088,36.0,
17,09,2024,Korea,Consumer Package Commerce,R-Wonton egg past,Raw Wonton,154g*40in,S,ซุปซอง 5g.,453,18120,40.0,
02,09,2024,USA,"Bellisio Foods, Inc.",Wonton ND+V,Cooked Wonton,308g*6c*6in,HC,Y3,734,26424,36.0,
06,09,2024,USA,"Bellisio Foods, Inc.",Wonton ND+V,Cooked Wonton,308g*6c*6in,HC,Y3,792,28512,36.0,
06,09,2024,USA,"Bellisio Foods, Inc.",Wonton ND+V,Cooked Wonton,308g*6c*6in,HC,Y3,792,28512,36.0,
06,09,2024,USA,"Bellisio Foods, Inc.",Wonton ND+V,Cooked Wonton,308g*6c*6in,HC,Y3,792,28512,36.0,
06,09,2024,USA,"Bellisio Foods, Inc.",Wonton ND+V,Cooked Wonton,308g*6c*6in,HC,Y3,792,28512,36.0,
07,09,2024,USA,"Bellisio Foods, Inc.",Wonton ND+V,Cooked Wonton,308g*6c*6in,HC,Y3,616,22176,36.0,
23,09,2024,Taiwan,CP TAIWAN,R-Wonton no egg,Raw Wonton,154g*40inner,M,ซุปซอง 5g.,533,21320,40.0,
31,08,2024,CAN,"CP Foods Canada,Inc (CPFC)",Wonton+TY,Cooked Wonton,147g*6c*6in,M,TYEX+CO,598,21528,36.0,
12,09,2024,CAN,"CP Foods Canada,Inc (CPFC)",Wonton+TY,Cooked Wonton,147g*6c*6in,M,TYEX+CO,1288,46368,36.0,
12,09,2024,CAN,"CP Foods Canada,Inc (CPFC)",Wonton+TY,Cooked Wonton,147g*6c*6in,M,TYEX+CO,1288,46368,36.0,
02,09,2024,USA,"Bellisio Foods, Inc.",Wonton+TY,Cooked Wonton,147g*6c*6in,M,TYEX+CO,815,29340,36.0,
23,09,2024,Taiwan,CP TAIWAN,R-Wonton no egg,Raw Wonton,154g*40inner,M,ซุปซอง 5g.,524,20960,40.0,
02,09,2024,USA,"Bellisio Foods, Inc.",Wonton+TY,Cooked Wonton,147g*6c*6in,M,TYEX+CO,378,13608,36.0,
03,09,2024,USA,"Bellisio Foods, Inc.",Wonton+TY,Cooked Wonton,147g*6c*6in,M,TYEX+CO,1288,46368,36.0,
09,09,2024,USA,"Bellisio Foods, Inc.",Wonton+TY,Cooked Wonton,147g*6c*6in,M,TYEX+CO,1288,46368,36.0,
09,09,2024,USA,"Bellisio Foods, Inc.",Wonton+TY,Cooked Wonton,147g*6c*6in,M,TYEX+CO,1019,36684,36.0,
23,09,2024,Taiwan,CP TAIWAN,R-Wonton no egg,Raw Wonton,154g*40inner,M,ซุปซอง 5g.,567,22680,40.0,
07,09,2024,USA,"Bellisio Foods, Inc.",Wonton ND+V,Cooked Wonton,308g*6c*6in,HC,Y3,176,6336,36.0,
09,09,2024,USA,"Bellisio Foods, Inc.",Wonton ND+V,Cooked Wonton,308g*6c*6in,HC,Y3,792,28512,36.0,
09,09,2024,USA,"Bellisio Foods, Inc.",Wonton ND+V,Cooked Wonton,308g*6c*6in,HC,Y3,792,28512,36.0,
12,09,2024,USA,"Bellisio Foods, Inc.",Wonton ND+V,Cooked Wonton,308g*6c*6in,HC,Y3,792,28512,36.0,
12,09,2024,USA,"Bellisio Foods, Inc.",Wonton ND+V,Cooked Wonton,308g*6c*6in,HC,Y3,792,28512,36.0,
16,09,2024,USA,"Bellisio Foods, Inc.",Wonton ND+V,Cooked Wonton,308g*6c*6in,HC,Y3,792,28512,36.0,
20,09,2024,USA,"Bellisio Foods, Inc.",Wonton ND+V,Cooked Wonton,308g*6c*6in,HC,Y3,233,8388,36.0,
30,09,2024,HK,CPM Hongkong,R-Minced egg past,Raw Wonton,90g*18in,BK,ซุปซอง 5g.,300,5400,18.0,
30,09,2024,HK,CPM Hongkong,R-Wonton egg past,Raw Wonton,101g*18in,S,ซุปซอง 5g.,1126,20268,18.0,
20,09,2024,USA,"Bellisio Foods, Inc.",Wonton ND+V,Cooked Wonton,308g*6c*6in,HC,Y3,559,20124,36.0,
21,09,2024,USA,"Bellisio Foods, Inc.",Wonton ND+V,Cooked Wonton,308g*6c*6in,HC,Y3,792,28512,36.0,
21,09,2024,USA,"Bellisio Foods, Inc.",Wonton ND+V,Cooked Wonton,308g*6c*6in,HC,Y3,792,28512,36.0,
23,09,2024,USA,"Bellisio Foods, Inc.",Wonton ND+V,Cooked Wonton,308g*6c*6in,HC,Y3,792,28512,36.0,
23,09,2024,USA,"Bellisio Foods, Inc.",Wonton ND+V,Cooked Wonton,308g*6c*6in,HC,Y3,716,25776,36.0,
12,09,2024,New Zealand,Lim Brothers,Wonton ND+V,Cooked Wonton,308g*6c*6in,HC,Regular,320,11520,36.0,
19,09,2024,New Zealand,Lim Brothers,Wonton ND+V,Cooked Wonton,308g*6c*6in,HC,Regular,320,11520,36.0,
07,09,2024,China,"Charoen Pokphand Import&Export Trading (Shanghai) Co., Ltd",R-Wonton no egg,Raw Wonton,630g*8in,S,ซุปซอง 5g.,350,2800,8.0,
30,09,2024,HK,CPM Hongkong,R-Wonton egg past,Raw Wonton,101g*18in,S,ซุปซอง 5g.,474,8532,18.0,
17,09,2024,China,"Sam's (Shanghai) Investment Co., Ltd.",R-Wonton no egg,Raw Wonton,750g*8in,S,ซุปซอง 5g.,1408,11264,8.0,
17,09,2024,China,"Sam's (Shanghai) Investment Co., Ltd.",R-Wonton no egg,Raw Wonton,750g*8in,S,ซุปซอง 5g.,1408,11264,8.0,
19,09,2024,CAN,"CP Foods Canada,Inc (CPFC)",Wonton,Cooked Wonton,145g*6c*6in,HC,Y3,224,8064,36.0,
19,09,2024,CAN,"CP Foods Canada,Inc (CPFC)",Wonton,Cooked Wonton,145g*6c*6in,HC,Y3,1288,46368,36.0,
26,09,2024,CAN,"CP Foods Canada,Inc (CPFC)",Wonton,Cooked Wonton,145g*6c*6in,HC,Y3,1288,46368,36.0,
10,10,2024,CAN,"CP Foods Canada,Inc (CPFC)",Wonton,Cooked Wonton,145g*6c*6in,HC,Y3,202,7272,36.0,
07,09,2024,China,"Charoen Pokphand Import&Export Trading (Shanghai) Co., Ltd",Wonton+TY,Cooked Wonton,147g*6c*6in,M,TYEX+CO,1080,38880,36.0,
09,09,2024,USA,"Bellisio Foods, Inc.",Wonton+TY,Cooked Wonton,147g*6c*6in,M,TYEX+CO,269,9684,36.0,
20,09,2024,USA,"Bellisio Foods, Inc.",Wonton+TY,Cooked Wonton,147g*6c*6in,M,TYEX+CO,1288,46368,36.0,
20,09,2024,USA,"Bellisio Foods, Inc.",Wonton+TY,Cooked Wonton,147g*6c*6in,M,TYEX+CO,1288,46368,36.0,
20,09,2024,USA,"Bellisio Foods, Inc.",Wonton+TY,Cooked Wonton,147g*6c*6in,M,TYEX+CO,1052,37872,36.0,
13,09,2024,SG,CPI SINGAPORE,Wonton ND+Kee Mao,Cooked Wonton,250g*24,M,Kee Mao,420,10080,24.0,
,10,2024,.7-11,ถ้วยขาวพิมพ์กดสีฟ้า,Wonton,Cooked Wonton,130g*24,SS,Regular,3024,72576,24.0,
24,09,2024,Malay,CPM Malaysia,Wonton,Cooked Wonton,145g*24,M,Regular,900,21600,24.0,
25,09,2024,BRUNEI,Ben Foods,Wonton,Cooked Wonton,145g*24,M,Regular,200,4800,24.0,
24,09,2024,Malay,CPM Malaysia,Wonton+TY,Cooked Wonton,115g*24,M,TYTB3C 30G,850,20400,24.0,
25,09,2024,BRUNEI,Ben Foods,Wonton+TY,Cooked Wonton,115g*24,M,TYTB3C 30G,405,9720,24.0,
23,09,2024,USA,"Bellisio Foods, Inc.",Wonton ND+V,Cooked Wonton,308g*6c*6in,HC,Y3,76,2736,36.0,
28,09,2024,USA,"Bellisio Foods, Inc.",Wonton ND+V,Cooked Wonton,308g*6c*6in,HC,Y3,792,28512,36.0,
28,09,2024,USA,"Bellisio Foods, Inc.",Wonton ND+V,Cooked Wonton,308g*6c*6in,HC,Y3,792,28512,36.0,
30,01,2024,USA,"Bellisio Foods, Inc.",Wonton ND+V,Cooked Wonton,308g*6c*6in,HC,Y3,792,28512,36.0,
07,10,2024,USA,"Bellisio Foods, Inc.",Wonton ND+V,Cooked Wonton,308g*6c*6in,HC,Y3,792,28512,36.0,
07,10,2024,USA,"Bellisio Foods, Inc.",Wonton ND+V,Cooked Wonton,308g*6c*6in,HC,Y3,792,28512,36.0,
11,10,2024,USA,"Bellisio Foods, Inc.",Wonton ND+V,Cooked Wonton,308g*6c*6in,HC,Y3,62,2232,36.0,
01,10,2024,Korea,Consumer Package Commerce,R-Wonton egg past,Raw Wonton,630g*10inner,S,ซุปซอง 5g.,1436,14360,10.0,
01,10,2024,Korea,Consumer Package Commerce,R-Wonton egg past,Raw Wonton,630g*10inner,S,ซุปซอง 5g.,620,6200,10.0,
02,10,2024,SG,CPI SINGAPORE,R-Wonton egg past,Raw Wonton,154g*20in,S,ซุปซอง 5g.,1000,20000,20.0,
12,09,2024,ขายภายใน,บริษัท อินสยาม ฟู้ด แอนด์ เบฟเวอเรจ จำกัด,E+Wonton,Cooked Wonton,90g*100B,M,ซุปซอง 5g.,27,2700,100.0,
20,09,2024,USA,"Bellisio Foods, Inc.",Wonton+TY,Cooked Wonton,147g*6c*6in,M,TYEX+CO,236,8496,36.0,
21,09,2024,USA,"Bellisio Foods, Inc.",Wonton+TY,Cooked Wonton,147g*6c*6in,M,TYEX+CO,1288,46368,36.0,
27,09,2024,USA,"Bellisio Foods, Inc.",Wonton+TY,Cooked Wonton,147g*6c*6in,M,TYEX+CO,1288,46368,36.0,
27,09,2024,USA,"Bellisio Foods, Inc.",Wonton+TY,Cooked Wonton,147g*6c*6in,M,TYEX+CO,1167,42012,36.0,
10,10,2024,Belgium,CPF EUROPE S.A.,Wonton +V,Cooked Wonton,145g*8,HC,Regular,2100,16800,8.0,
26,09,2024,AUS,CPF Australia Pty Ltd.,Wonton ND+V,Cooked Wonton,308g*6c*6in,HC,Regular,792,28512,36.0,
10,10,2024,Spain,Mercadona,Wonton ND+V,Cooked Wonton,309g*12,HC,Regular,2520,30240,12.0,
24,09,2024,Denmark,CPF DENMARK,Minced ND+V+TK,Cooked Wonton,302g*8,BK,Tomkha+CM,3500,28000,8.0,
01,10,2024,Germany,CPF Distribution (under Paulsen Food),Minced ND+V+TK,Cooked Wonton,302g*12,BK,Tomkha+CM,2040,24480,12.0,
23,09,2024,New Zealand,Lim Brothers,Minced ND+V+TK,Cooked Wonton,302g*8,BK,Tomkha+CM,325,2600,8.0,
23,09,2024,New Zealand,Lim Brothers,Wonton ND+V,Cooked Wonton,305g*8,HC,Regular,756,6048,8.0,
10,10,2024,Belgium,CPF EUROPE S.A.,Wonton ND+V,Cooked Wonton,309g*8,HC,Regular,800,6400,8.0,
26,09,2024,AUS,CPF Australia Pty Ltd.,Wonton ND+V,Cooked Wonton,308g*6c*6in,HC,Regular,792,28512,36.0,
03,10,2024,AUS,CPF Australia Pty Ltd.,Wonton ND+V,Cooked Wonton,308g*6c*6in,HC,Regular,792,28512,36.0,
03,10,2024,AUS,CPF Australia Pty Ltd.,Wonton ND+V,Cooked Wonton,308g*6c*6in,HC,Regular,792,28512,36.0,
10,10,2024,AUS,CPF Australia Pty Ltd.,Wonton ND+V,Cooked Wonton,308g*6c*6in,HC,Regular,792,28512,36.0,
10,10,2024,AUS,CPF Australia Pty Ltd.,Wonton ND+V,Cooked Wonton,308g*6c*6in,HC,Regular,224,8064,36.0,
10,10,2024,Spain,Mercadona,Wonton ND+V,Cooked Wonton,309g*12,HC,Regular,2520,30240,12.0,
10,10,2024,AUS,CPF Australia Pty Ltd.,Wonton ND+V,Cooked Wonton,308g*6c*6in,HC,Regular,568,20448,36.0,
16,10,2024,AUS,CPF Australia Pty Ltd.,Wonton ND+V,Cooked Wonton,308g*6c*6in,HC,Regular,792,28512,36.0,
16,10,2024,AUS,CPF Australia Pty Ltd.,Wonton ND+V,Cooked Wonton,308g*6c*6in,HC,Regular,792,28512,36.0,
24,10,2024,AUS,CPF Australia Pty Ltd.,Wonton ND+V,Cooked Wonton,308g*6c*6in,HC,Regular,713,25668,36.0,
20,09,2024,5 Stars,CPFB,EP+Wonton,Cooked Wonton,20 pcs*16,S,,100,,,
15,10,2024,UK,Westbridge Foods Limited (One UK),Wonton,Cooked Wonton,148g*6c*6in,HC,Regular,1288,46368,36.0,
10,10,2024,CAN,"CP Foods Canada,Inc (CPFC)",Wonton,Cooked Wonton,145g*6c*6in,HC,Y3,1086,39096,36.0,
10,10,2024,CAN,"CP Foods Canada,Inc (CPFC)",Wonton,Cooked Wonton,145g*6c*6in,HC,Y3,60,2160,36.0,
30,10,2024,USA,"Bellisio Foods, Inc.",Wonton+TY,Cooked Wonton,147g*6c*6in,M,TYEX+CO,121,4356,36.0,
30,09,2024,USA,"Bellisio Foods, Inc.",Wonton+TY,Cooked Wonton,147g*6c*6in,M,TYEX+CO,1148,41328,36.0,
24,10,2024,AUS,CPF Australia Pty Ltd.,Wonton ND+V,Cooked Wonton,308g*6c*6in,HC,Regular,79,2844,36.0,
24,10,2024,AUS,CPF Australia Pty Ltd.,Wonton ND+V,Cooked Wonton,308g*6c*6in,HC,Regular,792,28512,36.0,
30,09,2024,USA,"Bellisio Foods, Inc.",Wonton+TY,Cooked Wonton,147g*6c*6in,M,TYEX+CO,140,5040,36.0,
05,10,2024,USA,"Bellisio Foods, Inc.",Wonton+TY,Cooked Wonton,147g*6c*6in,M,TYEX+CO,1288,46368,36.0,
05,10,2024,USA,"Bellisio Foods, Inc.",Wonton+TY,Cooked Wonton,147g*6c*6in,M,TYEX+CO,1288,46368,36.0,
07,10,2024,USA,"Bellisio Foods, Inc.",Wonton+TY,Cooked Wonton,147g*6c*6in,M,TYEX+CO,104,3744,36.0,
26,09,2024,China,"Charoen Pokphand Import&Export Trading (Shanghai) Co., Ltd",R-Wonton no egg,Raw Wonton,630g*8in,S,ซุปซอง 5g.,400,3200,8.0,
26,09,2024,China,"Charoen Pokphand Import&Export Trading (Shanghai) Co., Ltd",R-Wonton no egg,Raw Wonton,144g*20in,S,ซุปซอง 5g.,780,15600,20.0,
10,10,2024,Belgium,CPF EUROPE S.A.,R-Wonton no egg,Raw Wonton,630g*10inner,M,ซุปซอง 5g.,300,3000,10.0,
,09,2024,MTFS,ซีพีเอฟ เทรดดิ้ง,R-Wonton no egg,Raw Wonton,220g*12in,SS,,363,4356,12.0,
07,10,2024,USA,"Bellisio Foods, Inc.",Wonton+TY,Cooked Wonton,147g*6c*6in,M,TYEX+CO,1184,42624,36.0,
08,10,2024,USA,"Bellisio Foods, Inc.",Wonton+TY,Cooked Wonton,147g*6c*6in,M,TYEX+CO,1288,46368,36.0,
03,10,2024,CAN,"CP Foods Canada,Inc (CPFC)",Wonton+TY,Cooked Wonton,147g*6c*6in,M,TYEX+CO,1288,46368,36.0,
06,11,2024,CAN,"CP Foods Canada,Inc (CPFC)",Wonton+TY,Cooked Wonton,147g*6c*6in,M,TYEX+CO,39,1404,36.0,
10,10,2024,Belgium,CPF EUROPE S.A.,Wonton+TY,Cooked Wonton,129g*8,M,TYEX+CO,600,4800,8.0,
11,10,2024,USA,"Bellisio Foods, Inc.",Wonton ND+V,Cooked Wonton,308g*6c*6in,HC,Y3,508,18288,36.0,
11,10,2024,USA,"Bellisio Foods, Inc.",Wonton ND+V,Cooked Wonton,308g*6c*6in,HC,Y3,792,28512,36.0,
11,10,2024,USA,"Bellisio Foods, Inc.",Wonton ND+V,Cooked Wonton,308g*6c*6in,HC,Y3,792,28512,36.0,
11,10,2024,USA,"Bellisio Foods, Inc.",Wonton ND+V,Cooked Wonton,308g*6c*6in,HC,Y3,792,28512,36.0,
11,10,2024,USA,"Bellisio Foods, Inc.",Wonton ND+V,Cooked Wonton,308g*6c*6in,HC,Y3,161,5796,36.0,
08,10,2024,Denmark,CPF DENMARK,Wonton ND+V+TY,Cooked Wonton,309g*8,M,TYANS+CM,3500,28000,8.0,
01,10,2024,UK,Westbridge Foods Limited (One UK),Minced ND,Cooked Wonton,258g*4c*6in,BK,Regular,4,96,24.0,
01,10,2024,UK,Westbridge Foods Limited (One UK),Minced ND,Cooked Wonton,258g*4c*6in,BK,Regular,1176,28224,24.0,
03,10,2024,New Zealand,Lim Brothers,Wonton ND+V,Cooked Wonton,308g*6c*6in,HC,Regular,320,11520,36.0,
21,11,2024,New Zealand,Lim Brothers,Wonton ND+V,Cooked Wonton,308g*6c*6in,HC,Regular,320,11520,36.0,
10,10,2024,AUS,CPF Australia Pty Ltd.,Wonton ND+V+TY,Cooked Wonton,307g*4c*6in,M,TYEX+CO,924,22176,24.0,
01,10,2024,Denmark,CPF DENMARK,Minced ND+V+TY,Cooked Wonton,302g*12,BK,TYEX+CO,2520,30240,12.0,
08,10,2024,Germany,CPF Distribution (under Paulsen Food),Minced ND+V+TY,Cooked Wonton,302g*12,BK,TYEX+CO,2040,24480,12.0,
,10,2024,MTFS,ซีพีเอฟ เทรดดิ้ง,R-Wonton no egg,Raw Wonton,220g*12in,SS,,211,2532,12.0,
,10,2024,MTFS,ซีพีเอฟ เทรดดิ้ง,R-Wonton no egg,Raw Wonton,220g*12in,SS,,308,3696,12.0,
02,10,2024,SG,CPI SINGAPORE,R-Minced egg past,Raw Wonton,90g*18in,BK,ซุปซอง 5g.,600,10800,18.0,
29,10,2024,Malay,CPM Malaysia,R-Wonton egg past,Raw Wonton,154g*20inner,S,ซุปซอง 5g.,350,7000,20.0,
28,10,2024,HK,CPM Hongkong,R-Wonton egg past,Raw Wonton,101g*18in,S,ซุปซอง 5g.,1350,24300,18.0,
28,10,2024,HK,CPM Hongkong,R-Minced egg past,Raw Wonton,90g*18in,BK,ซุปซอง 5g.,550,9900,18.0,
16,10,2024,Japan,CPF JAPAN,Wonton,Cooked Wonton,148g*6c*6in,M,Regular,1288,46368,36.0,
11,10,2024,USA,"Bellisio Foods, Inc.",Wonton+TY,Cooked Wonton,147g*6c*6in,M,TYEX+CO,1288,46368,36.0,
18,10,2024,USA,"Bellisio Foods, Inc.",Wonton+TY,Cooked Wonton,147g*6c*6in,M,TYEX+CO,1288,46368,36.0,
18,10,2024,USA,"Bellisio Foods, Inc.",Wonton+TY,Cooked Wonton,147g*6c*6in,M,TYEX+CO,43,1548,36.0,
31,10,2024,CAN,Bellisio Foods Canada,Minced ND,Cooked Wonton,258g*12,BK,Regular,2600,31200,12.0,
07,10,2024,USA,"Bellisio Foods, Inc.",Minced ND,Cooked Wonton,258g*8,BK,Regular,163,1304,8.0,
04,11,2024,USA,"Bellisio Foods, Inc.",Minced ND,Cooked Wonton,258g*8,BK,Regular,1332,10656,8.0,
29,10,2024,Malay,CPM Malaysia,Wonton+TY,Cooked Wonton,115g*24,M,TYTB3C 30G,900,21600,24.0,
29,10,2024,Malay,CPM Malaysia,Wonton,Cooked Wonton,145g*24,M,Regular,900,21600,24.0,
,10,2024,.7-11,ถ้วยขาวพิมพ์กดสีฟ้า,Wonton,Cooked Wonton,130g*24,SS,Regular,2243,53832,24.0,
31,10,2024,AUS,CPF Australia Pty Ltd.,Wonton ND+V,Cooked Wonton,308g*6c*6in,HC,Regular,792,28512,36.0,
31,10,2024,AUS,CPF Australia Pty Ltd.,Wonton ND+V,Cooked Wonton,308g*6c*6in,HC,Regular,792,28512,36.0,
31,10,2024,AUS,CPF Australia Pty Ltd.,Wonton ND+V,Cooked Wonton,308g*6c*6in,HC,Regular,792,28512,36.0,
07,11,2024,AUS,CPF Australia Pty Ltd.,Wonton ND+V,Cooked Wonton,308g*6c*6in,HC,Regular,205,7380,36.0,
22,10,2024,Denmark,CPF DENMARK,Minced ND+V+TK,Cooked Wonton,302g*8,BK,Tomkha+CM,3500,28000,8.0,
16,10,2024,China,"Sam's (Shanghai) Investment Co., Ltd.",R-Wonton no egg,Raw Wonton,750g*8in,S,ซุปซอง 5g.,1408,11264,8.0,
,10,2024,.7-11,ถ้วยขาวพิมพ์กดสีฟ้า,Wonton,Cooked Wonton,130g*24,SS,Regular,785,18840,24.0,
11,10,2024,USA,"Bellisio Foods, Inc.",Wonton ND+V,Cooked Wonton,308g*6c*6in,HC,Y3,631,22716,36.0,
18,10,2024,USA,"Bellisio Foods, Inc.",Wonton ND+V,Cooked Wonton,308g*6c*6in,HC,Y3,792,28512,36.0,
18,10,2024,USA,"Bellisio Foods, Inc.",Wonton ND+V,Cooked Wonton,308g*6c*6in,HC,Y3,792,28512,36.0,
18,10,2024,USA,"Bellisio Foods, Inc.",Wonton ND+V,Cooked Wonton,308g*6c*6in,HC,Y3,792,28512,36.0,
25,10,2024,USA,"Bellisio Foods, Inc.",Wonton ND+V,Cooked Wonton,308g*6c*6in,HC,Y3,792,28512,36.0,
25,10,2024,USA,"Bellisio Foods, Inc.",Wonton ND+V,Cooked Wonton,308g*6c*6in,HC,Y3,792,28512,36.0,
01,11,2024,USA,"Bellisio Foods, Inc.",Wonton ND+V,Cooked Wonton,308g*6c*6in,HC,Y3,65,2340,36.0,
10,10,2024,CAN,"CP Foods Canada,Inc (CPFC)",Wonton,Cooked Wonton,145g*6c*6in,HC,Y3,1228,44208,36.0,
24,10,2024,CAN,"CP Foods Canada,Inc (CPFC)",Wonton,Cooked Wonton,145g*6c*6in,HC,Y3,62,2232,36.0,
18,10,2024,USA,"Bellisio Foods, Inc.",Wonton+TY,Cooked Wonton,147g*6c*6in,M,TYEX+CO,1245,44820,36.0,
25,10,2024,USA,"Bellisio Foods, Inc.",Wonton+TY,Cooked Wonton,147g*6c*6in,M,TYEX+CO,1288,46368,36.0,
25,10,2024,USA,"Bellisio Foods, Inc.",Wonton+TY,Cooked Wonton,147g*6c*6in,M,TYEX+CO,90,3240,36.0,
25,10,2024,USA,"Bellisio Foods, Inc.",Wonton+TY,Cooked Wonton,147g*6c*6in,M,TYEX+CO,1198,43128,36.0,
01,11,2024,USA,"Bellisio Foods, Inc.",Wonton+TY,Cooked Wonton,147g*6c*6in,M,TYEX+CO,1288,46368,36.0,
31,10,2024,CAN,"CP Foods Canada,Inc (CPFC)",Wonton+TY,Cooked Wonton,147g*6c*6in,M,TYEX+CO,1249,44964,36.0,
07,11,2024,AUS,CPF Australia Pty Ltd.,Wonton ND+V,Cooked Wonton,308g*6c*6in,HC,Regular,587,21132,36.0,
07,11,2024,AUS,CPF Australia Pty Ltd.,Wonton ND+V,Cooked Wonton,308g*6c*6in,HC,Regular,792,28512,36.0,
14,11,2024,AUS,CPF Australia Pty Ltd.,Wonton ND+V,Cooked Wonton,308g*6c*6in,HC,Regular,792,28512,36.0,
14,11,2024,AUS,CPF Australia Pty Ltd.,Wonton ND+V,Cooked Wonton,308g*6c*6in,HC,Regular,792,28512,36.0,
31,10,2024,New Zealand,Lim Brothers,Wonton ND+V,Cooked Wonton,305g*8,HC,Regular,300,2400,8.0,
06,11,2024,SG,CPI Singapore,Wonton ND+V,Cooked Wonton,219g*24,HC,ซุปซอง 10g.,500,12000,24.0,
18,10,2024,New Zealand,Lim Brothers,Wonton ND+V+TY,Cooked Wonton,307g*4c*6in,M,TYEX+CO,390,9360,24.0,
21,10,2024,China,"Sam's (Shanghai) Investment Co., Ltd.",R-Wonton no egg,Raw Wonton,750g*8in,S,ซุปซอง 5g.,1408,11264,8.0,
04,11,2024,Korea,Consumer Package Commerce,R-Wonton egg past,Raw Wonton,630g*10inner,S,ซุปซอง 5g.,1349,13490,10.0,
01,11,2024,Laos,บริษัท ปิก้าเทรดดิ้ง จำกัด,E+Wonton+หมาล่า,Cooked Wonton,143g*12,SS,หมาล่า,70,840,12.0,
25,10,2024,Cambodia,หจก.คิงฟู้ดส์,E+Wonton+หมาล่า,Cooked Wonton,143g*24,SS,หมาล่า,40,960,24.0,
01,11,2024,Laos,บริษัท ปิก้าเทรดดิ้ง จำกัด,E+Wonton,Cooked Wonton,145g*12,M,Regular,70,840,12.0,
25,10,2024,Cambodia,หจก.คิงฟู้ดส์,E+Wonton,Cooked Wonton,145g*24,M,Regular,30,720,24.0,
05,11,2024,UK,Westbridge Foods Limited (One UK),Wonton,Cooked Wonton,148g*6c*6in,HC,Regular,1288,46368,36.0,
24,10,2024,CAN,"CP Foods Canada,Inc (CPFC)",Wonton,Cooked Wonton,145g*6c*6in,HC,Y3,1226,44136,36.0,
31,10,2024,CAN,"CP Foods Canada,Inc (CPFC)",Wonton,Cooked Wonton,145g*6c*6in,HC,Y3,1288,46368,36.0,
30,10,2024,CAN,"CP Foods Canada,Inc (CPFC)",Wonton,Cooked Wonton,145g*6c*6in,HC,Y3,84,3024,36.0,
31,10,2024,New Zealand,Lim Brothers,C-Minced WT in tray no egg,Cooked Wonton,117*2tray*8in,BK,Sesame 15g,288,4608,16.0,
01,11,2024,USA,"Bellisio Foods, Inc.",Wonton ND+V,Cooked Wonton,308g*6c*6in,HC,Y3,727,26172,36.0,
01,11,2024,USA,"Bellisio Foods, Inc.",Wonton ND+V,Cooked Wonton,308g*6c*6in,HC,Y3,592,21312,36.0,
01,11,2024,USA,"Bellisio Foods, Inc.",Wonton ND+V,Cooked Wonton,308g*6c*6in,HC,Y3,151,5436,36.0,
11,11,2024,Belgium,CPF EUROPE S.A.,Wonton ND+V,Cooked Wonton,309g*8,HC,Regular,600,4800,8.0,
25,10,2024,Spain,Mercadona,Wonton ND+V,Cooked Wonton,309g*12,HC,Regular,2520,30240,12.0,
31,10,2024,New Zealand,Lim Brothers,Minced ND+V+TK,Cooked Wonton,302g*8,BK,Tomkha+CM,648,5184,8.0,
12,11,2024,Denmark,CPF DENMARK,Minced ND+V+TK,Cooked Wonton,302g*8,BK,Tomkha+CM,3500,28000,8.0,
25,11,2024,BRUNEI,Ben Foods,Minced ND+V+TK,Cooked Wonton,302g*8,BK,Tomkha+CM,180,1440,8.0,
,10,2024,.7-11,ถ้วยขาวพิมพ์กดสีฟ้า,Wonton,Cooked Wonton,130g*24,SS,Regular,3485,83640,24.0,
,11,2024,.7-11,ถ้วยขาวพิมพ์กดสีฟ้า,Wonton,Cooked Wonton,130g*24,SS,Regular,52,1248,24.0,
06,11,2024,SG,CPI SINGAPORE,Wonton,Cooked Wonton,145g*24,M,Regular,500,12000,24.0,
11,11,2024,Belgium,CPF EUROPE S.A.,Wonton +V,Cooked Wonton,145g*8,HC,Regular,2300,18400,8.0,
31,10,2024,New Zealand,Lim Brothers,Minced ND+V+TY,Cooked Wonton,302g*8,BK,TYA+CO,97,776,8.0,
31,10,2024,New Zealand,Lim Brothers,Minced ND+V+TY,Cooked Wonton,302g*8,BK,TYEX+CO,119,952,8.0,
25,11,2024,BRUNEI,Ben Foods,Minced ND+V+TY,Cooked Wonton,302g*8,BK,TYEX+CO,280,2240,8.0,
29,10,2024,Denmark,CPF DENMARK,Minced ND+V+TY,Cooked Wonton,302g*12,BK,TYEX+CO,2520,30240,12.0,
01,11,2024,USA,"Bellisio Foods, Inc.",Wonton ND+V,Cooked Wonton,308g*6c*6in,HC,Y3,641,23076,36.0,
01,11,2024,USA,"Bellisio Foods, Inc.",Wonton ND+V,Cooked Wonton,308g*6c*6in,HC,Y3,792,28512,36.0,
01,11,2024,USA,"Bellisio Foods, Inc.",Wonton ND+V,Cooked Wonton,308g*6c*6in,HC,Y3,792,28512,36.0,
01,11,2024,USA,"Bellisio Foods, Inc.",Wonton ND+V,Cooked Wonton,308g*6c*6in,HC,Y3,792,28512,36.0,
04,11,2024,USA,"Bellisio Foods, Inc.",Wonton ND+V,Cooked Wonton,308g*6c*6in,HC,Y3,792,28512,36.0,
04,11,2024,USA,"Bellisio Foods, Inc.",Wonton ND+V,Cooked Wonton,308g*6c*6in,HC,Y3,784,28224,36.0,
06,11,2024,SG,CPI SINGAPORE,Wonton ND+Kee Mao,Cooked Wonton,250g*24,M,Kee Mao,420,10080,24.0,
04,11,2024,USA,"Bellisio Foods, Inc.",Minced WT,Cooked Wonton,145g*8,BK,Regular,1500,19800,13.2,
19,11,2024,USA,"Bellisio Foods, Inc.",Minced WT,Cooked Wonton,145g*8,BK,Regular,400,19800,49.5,
,11,2024,.7-11,ถ้วยขาวพิมพ์กดสีฟ้า,Wonton,Cooked Wonton,130g*24,SS,Regular,2911,69864,24.0,
,11,2024,MTFS,ซีพีเอฟ เทรดดิ้ง,R-Wonton no egg,Raw Wonton,220g*12in,SS,,184,2208,12.0,
,11,2024,MTFS,ซีพีเอฟ เทรดดิ้ง,R-Wonton no egg,Raw Wonton,220g*12in,SS,,81,972,12.0,
,11,2024,MTFS,ซีพีเอฟ เทรดดิ้ง,R-Wonton no egg,Raw Wonton,220g*12in,SS,,82,984,12.0,
11,11,2024,Belgium,CPF EUROPE S.A.,R-Wonton no egg,Raw Wonton,630g*10inner,M,ซุปซอง 5g.,400,4000,10.0,
04,11,2024,Korea,Consumer Package Commerce,R-Wonton egg past,Raw Wonton,630g*10inner,S,ซุปซอง 5g.,707,7070,10.0,
06,11,2024,SG,CPI SINGAPORE,R-Minced egg past,Raw Wonton,90g*18in,BK,ซุปซอง 5g.,800,14400,18.0,
06,11,2024,SG,CPI SINGAPORE,R-Wonton egg past,Raw Wonton,194g*20in,JB,ซุปซอง 5g.,1000,20000,20.0,
06,11,2024,SG,CPI SINGAPORE,R-Wonton egg past,Raw Wonton,154g*20in,S,ซุปซอง 5g.,1200,24000,20.0,
,11,2024,.7-11,ถ้วยขาวพิมพ์กดสีฟ้า,Wonton,Cooked Wonton,130g*24,SS,Regular,4712,113088,24.0,
20,11,2024,CAN,Bellisio Foods Canada,Minced ND,Cooked Wonton,258g*12,BK,Regular,2579,30948,12.0,
30,10,2024,CAN,"CP Foods Canada,Inc (CPFC)",Wonton,Cooked Wonton,145g*6c*6in,HC,Y3,1204,43344,36.0,
14,11,2024,CAN,"CP Foods Canada,Inc (CPFC)",Wonton,Cooked Wonton,145g*6c*6in,HC,Y3,1288,46368,36.0,
14,11,2024,CAN,"CP Foods Canada,Inc (CPFC)",Wonton,Cooked Wonton,145g*6c*6in,HC,Y3,1288,46368,36.0,
21,11,2024,CAN,"CP Foods Canada,Inc (CPFC)",Wonton,Cooked Wonton,145g*6c*6in,HC,Y3,19,684,36.0,
,11,2024,.7-11,ซีพีเอฟ เทรดดิ้ง,Wonton ND+V+TY,Cooked Wonton,211g*12,SS,TYNSF,686,8232,12.0,
04,11,2024,USA,"Bellisio Foods, Inc.",Wonton ND+V,Cooked Wonton,308g*6c*6in,HC,Y3,8,288,36.0,
04,11,2024,USA,"Bellisio Foods, Inc.",Wonton ND+V,Cooked Wonton,308g*6c*6in,HC,Y3,792,28512,36.0,
06,11,2024,USA,"Bellisio Foods, Inc.",Wonton ND+V,Cooked Wonton,308g*6c*6in,HC,Y3,792,28512,36.0,
06,11,2024,USA,"Bellisio Foods, Inc.",Wonton ND+V,Cooked Wonton,308g*6c*6in,HC,Y3,792,28512,36.0,
13,11,2024,USA,"Bellisio Foods, Inc.",Wonton ND+V,Cooked Wonton,308g*6c*6in,HC,Y3,792,28512,36.0,
13,11,2024,USA,"Bellisio Foods, Inc.",Wonton ND+V,Cooked Wonton,308g*6c*6in,HC,Y3,792,28512,36.0,
13,11,2024,USA,"Bellisio Foods, Inc.",Wonton ND+V,Cooked Wonton,308g*6c*6in,HC,Y3,792,28512,36.0,
13,11,2024,USA,"Bellisio Foods, Inc.",Wonton ND+V,Cooked Wonton,308g*6c*6in,HC,Y3,108,3888,36.0,
21,11,2024,CAN,"CP Foods Canada,Inc (CPFC)",Wonton,Cooked Wonton,145g*6c*6in,HC,Y3,1269,45684,36.0,
07,11,2024,Japan,CPF JAPAN,Wonton,Cooked Wonton,148g*6c*6in,M,Regular,1288,46368,36.0,
14,11,2024,Japan,CPF JAPAN,Wonton,Cooked Wonton,148g*6c*6in,M,Regular,1242,44712,36.0,
12,11,2024,UK,Westbridge Foods Limited (One UK),Wonton,Cooked Wonton,148g*6c*6in,HC,Regular,1288,46368,36.0,
12,11,2024,UK,Westbridge Foods Limited (One UK),Wonton,Cooked Wonton,148g*6c*6in,HC,Regular,1288,46368,36.0,
19,11,2024,UK,Westbridge Foods Limited (One UK),Wonton,Cooked Wonton,148g*6c*6in,HC,Regular,1288,46368,36.0,
19,11,2024,Malay,CPM Malaysia,Wonton,Cooked Wonton,145g*24,M,Regular,1000,24000,24.0,
19,11,2024,Malay,CPM Malaysia,Wonton+TY,Cooked Wonton,115g*24,M,TYTB3C 30G,1150,27600,24.0,
,11,2024,.7-11,ถ้วยขาวพิมพ์กดสีฟ้า,Wonton,Cooked Wonton,130g*24,SS,Regular,2362,56688,24.0,
,11,2024,MTFS,ซีพีเอฟ เทรดดิ้ง,Wonton,Cooked Wonton,143g*18,SS,น้ำดำ,556,10008,18.0,
,11,2024,.7-11,ซีพีเอฟ เทรดดิ้ง,Wonton,Cooked Wonton,143g*24,SS,น้ำดำ,935,22440,24.0,
10,11,2024,China,"Sam's (Shanghai) Investment Co., Ltd.",R-Wonton no egg,Raw Wonton,750g*8in,S,ซุปซอง 5g.,1408,11264,8.0,
19,11,2024,USA,"Bellisio Foods, Inc.",R-Wonton no egg,Raw Wonton,580g*10in,S,ซุปซอง 5g.,100,1000,10.0,
13,11,2024,China,"Sam's (Shanghai) Investment Co., Ltd.",R-Wonton no egg,Raw Wonton,750g*8in,S,ซุปซอง 5g.,1408,11264,8.0,
04,12,2024,USA,"Bellisio Foods, Inc.",R-Wonton no egg,Raw Wonton,580g*10in,S,ซุปซอง 5g.,100,1000,10.0,
15,11,2024,China,"Sam's (Shanghai) Investment Co., Ltd.",R-Wonton no egg,Raw Wonton,750g*8in,S,ซุปซอง 5g.,1408,11264,8.0,
04,12,2024,USA,"Bellisio Foods, Inc.",R-Wonton no egg,Raw Wonton,580g*10in,S,ซุปซอง 5g.,100,1000,10.0,
03,12,2024,SG,CPI Singapore,Wonton ND+V,Cooked Wonton,219g*24,HC,ซุปซอง 10g.,500,12000,24.0,
13,11,2024,USA,"Bellisio Foods, Inc.",Wonton ND+V,Cooked Wonton,308g*6c*6in,HC,Y3,684,24624,36.0,
13,11,2024,USA,"Bellisio Foods, Inc.",Wonton ND+V,Cooked Wonton,308g*6c*6in,HC,Y3,792,28512,36.0,
18,11,2024,USA,"Bellisio Foods, Inc.",Wonton ND+V,Cooked Wonton,308g*6c*6in,HC,Y3,792,28512,36.0,
20,11,2024,USA,"Bellisio Foods, Inc.",Wonton ND+V,Cooked Wonton,308g*6c*6in,HC,Y3,411,14796,36.0,
26,11,2024,Denmark,CPF DENMARK,Wonton ND+V+TY,Cooked Wonton,309g*8,M,TYANSSG+CM,3500,28000,8.0,
20,11,2024,USA,"Bellisio Foods, Inc.",Wonton ND+V,Cooked Wonton,308g*6c*6in,HC,Y3,381,13716,36.0,
20,11,2024,USA,"Bellisio Foods, Inc.",Wonton ND+V,Cooked Wonton,308g*6c*6in,HC,Y3,792,28512,36.0,
20,11,2024,USA,"Bellisio Foods, Inc.",Wonton ND+V,Cooked Wonton,308g*6c*6in,HC,Y3,792,28512,36.0,
20,11,2024,USA,"Bellisio Foods, Inc.",Wonton ND+V,Cooked Wonton,308g*6c*6in,HC,Y3,792,28512,36.0,
25,11,2024,USA,"Bellisio Foods, Inc.",Wonton ND+V,Cooked Wonton,308g*6c*6in,HC,Y3,348,12528,36.0,
19,11,2024,USA,"Bellisio Foods, Inc.",Minced ND+V,Cooked Wonton,308g*4c*6in,BK,Y3,200,4800,24.0,
28,11,2024,AUS,CPF Australia Pty Ltd.,Wonton ND+V+TY,Cooked Wonton,307g*4c*6in,M,TYEX+CO,924,22176,24.0,
14,11,2024,SG,CPI SINGAPORE,R-Wonton egg past,Raw Wonton,204g*20in,S,sesame 30g,1200,24000,20.0,
27,11,2024,SG,CPI SINGAPORE,R-Wonton egg past,Raw Wonton,154g*20in,S,ซุปซอง 5g.,1021,20420,20.0,
27,11,2024,SG,CPI SINGAPORE,R-Wonton egg past,Raw Wonton,154g*20in,S,ซุปซอง 5g.,1501,30020,20.0,
04,12,2024,China,"Charoen Pokphand Import&Export Trading (Shanghai) Co., Ltd",R-Wonton no egg,Raw Wonton,630g*8in,S,ซุปซอง 5g.,400,3200,8.0,
,11,2024,MTFS,ซีพีเอฟ เทรดดิ้ง,R-Wonton no egg,Raw Wonton,220g*12in,SS,,429,5148,12.0,
,11,2024,MTFS,ซีพีเอฟ เทรดดิ้ง,R-Wonton no egg,Raw Wonton,220g*12in,SS,,201,2412,12.0,
11,11,2024,China,"Charoen Pokphand Import&Export Trading (Shanghai) Co., Ltd",R-Wonton no egg,Raw Wonton,144g*20in,S,ซุปซอง 5g.,1386,27720,20.0,
04,12,2024,China,"Charoen Pokphand Import&Export Trading (Shanghai) Co., Ltd",R-Wonton no egg,Raw Wonton,144g*20in,S,ซุปซอง 5g.,780,15600,20.0,
,11,2024,MTFS,ซีพีเอฟ เทรดดิ้ง,R-Wonton no egg,Raw Wonton,220g*12in,SS,,451,5412,12.0,
26,11,2024,Netherlands,Westbridge Foods Limited (One UK),Wonton,Cooked Wonton,148g*6c*6in,HC,Regular,1288,46368,36.0,
25,11,2024,USA,"Bellisio Foods, Inc.",Wonton ND+V,Cooked Wonton,308g*6c*6in,HC,Y3,444,15984,36.0,
27,11,2024,USA,"Bellisio Foods, Inc.",Wonton ND+V,Cooked Wonton,308g*6c*6in,HC,Y3,792,28512,36.0,
02,12,2024,USA,"Bellisio Foods, Inc.",Wonton ND+V,Cooked Wonton,308g*6c*6in,HC,Y3,792,28512,36.0,
02,12,2024,USA,"Bellisio Foods, Inc.",Wonton ND+V,Cooked Wonton,308g*6c*6in,HC,Y3,792,28512,36.0,
02,12,2024,USA,"Bellisio Foods, Inc.",Wonton ND+V,Cooked Wonton,308g*6c*6in,HC,Y3,468,16848,36.0,
26,11,2024,UK,Westbridge Foods Limited (One UK),Wonton,Cooked Wonton,148g*6c*6in,HC,Regular,1288,46368,36.0,
26,11,2024,UK,Westbridge Foods Limited (One UK),Wonton,Cooked Wonton,148g*6c*6in,HC,Regular,1288,46368,36.0,
28,11,2024,Japan,CPF JAPAN,Wonton,Cooked Wonton,148g*6c*6in,M,Regular,1278,46008,36.0,
,11,2024,.7-11,ถ้วยขาวพิมพ์กดสีฟ้า,Wonton,Cooked Wonton,130g*24,SS,Regular,3713,89112,24.0,
19,11,2024,USA,"Bellisio Foods, Inc.",Minced ND,Cooked Wonton,258g*4c*6in,BK,Regular,750,18000,24.0,
04,12,2024,USA,"Bellisio Foods, Inc.",Minced ND,Cooked Wonton,258g*4c*6in,BK,Regular,700,16800,24.0,
,12,2024,MTFS,ซีพีเอฟ เทรดดิ้ง,E+Wonton NDE,Cooked Wonton,226g*12,M,Regular,267,3204,12.0,
,12,2024,MTFS,ซีพีเอฟ เทรดดิ้ง,E+Wonton NDE,Cooked Wonton,226g*12,M,Regular,148,1776,12.0,
,12,2024,MTFS,ซีพีเอฟ เทรดดิ้ง,E+Minced NDE,Cooked Wonton,191g*12,BK,Regular,167,2004,12.0,
,12,2024,MTFS,ซีพีเอฟ เทรดดิ้ง,E+Minced NDE,Cooked Wonton,191g*12,BK,Regular,145,1740,12.0,
,12,2024,MTFS,ซีพีเอฟ เทรดดิ้ง,E+Minced WT,Cooked Wonton,135g*12,BK,Regular,73,876,12.0,
,12,2024,MTFS,ซีพีเอฟ เทรดดิ้ง,E+Minced WT,Cooked Wonton,135g*12,BK,Regular,345,4140,12.0,
,11,2024,MTFS,ซีพีเอฟ เทรดดิ้ง,Wonton,Cooked Wonton,143g*18,SS,น้ำดำ,556,10008,18.0,
,11,2024,MTFS,ซีพีเอฟ เทรดดิ้ง,Wonton,Cooked Wonton,143g*12,SS,น้ำดำ,1959,23508,12.0,
,11,2024,.7-11,ซีพีเอฟ เทรดดิ้ง,Wonton,Cooked Wonton,143g*24,SS,น้ำดำ,1808,43392,24.0,
,11,2024,.7-11,ซีพีเอฟ เทรดดิ้ง,Wonton,Cooked Wonton,143g*24,SS,น้ำดำ,2674,64176,24.0,
19,11,2024,ขายภายใน,บริษัท อินสยาม ฟู้ด แอนด์ เบฟเวอเรจ จำกัด,E+Wonton,Cooked Wonton,90g*100B,M,ซุปซอง 5g.,32,3200,100.0,
,12,2024,MTFS,ซีพีเอฟ เทรดดิ้ง,E+Wonton,Cooked Wonton,90g*3B*6B,M,ซุปซอง 5g.,350,6300,18.0,
,12,2024,MTFS,ซีพีเอฟ เทรดดิ้ง,E+Wonton,Cooked Wonton,90g*3B*6B,M,ซุปซอง 5g.,1226,22068,18.0,
,12,2024,.7-11,Seven ถ้วยดำ,E+Wonton,Cooked Wonton,145g*24,M,Regular,866,20784,24.0,
25,11,2024,Laos,บริษัท ปิก้าเทรดดิ้ง จำกัด,E+Wonton,Cooked Wonton,145g*12,M,Regular,80,960,12.0,
25,11,2024,Laos,บริษัท ปิก้าเทรดดิ้ง จำกัด,E+Wonton+หมาล่า,Cooked Wonton,143g*12,SS,หมาล่า,80,960,12.0,
,12,2024,MTFS,ซีพีเอฟ เทรดดิ้ง,E+Wonton+หมาล่า,Cooked Wonton,143g*18,SS,หมาล่า,150,2700,18.0,
,12,2024,.7-11,ซีพีเอฟ เทรดดิ้ง,E+Wonton+หมาล่า,Cooked Wonton,143g*24,SS,หมาล่า,1314,31536,24.0,
27,11,2024,SG,CPI SINGAPORE,R-Wonton egg past,Raw Wonton,154g*20in,S,ซุปซอง 5g.,478,9560,20.0,
02,12,2024,Korea,Consumer Package Commerce,R-Wonton egg past,Raw Wonton,630g*10inner,S,ซุปซอง 5g.,1083,10830,10.0,
02,12,2024,Korea,Consumer Package Commerce,R-Wonton egg past,Raw Wonton,630g*10inner,S,ซุปซอง 5g.,973,9730,10.0,
03,12,2024,SG,CPI SINGAPORE,R-Minced egg past,Raw Wonton,90g*18in,BK,ซุปซอง 5g.,800,14400,18.0,
20,11,2024,CAN,Bellisio Foods Canada,Minced ND,Cooked Wonton,258g*12,BK,Regular,21,252,12.0,
19,12,2024,CAN,Bellisio Foods Canada,Minced ND,Cooked Wonton,258g*12,BK,Regular,2600,31200,12.0,
04,12,2024,USA,"Bellisio Foods, Inc.",Minced ND,Cooked Wonton,258g*4c*6in,BK,Regular,800,19200,24.0,
21,11,2024,New Zealand,Lim Brothers,Wonton ND+V,Cooked Wonton,308g*6c*6in,HC,Regular,472,16992,36.0,
12,12,2024,New Zealand,Lim Brothers,Wonton ND+V,Cooked Wonton,308g*6c*6in,HC,Regular,320,11520,36.0,
12,12,2024,AUS,CPF Australia Pty Ltd.,Wonton ND+V,Cooked Wonton,308g*6c*6in,HC,Regular,792,28512,36.0,
14,12,2024,Germany,CPF Distribution (under Paulsen Food),Minced ND+V+TY,Cooked Wonton,302g*12,BK,TYEX+CO,2278,27336,12.0,
03,12,2024,SG,CPI SINGAPORE,R-Wonton egg past,Raw Wonton,194g*20in,JB,ซุปซอง 5g.,708,14160,20.0,
13,12,2024,HK,CPM Hongkong,R-Wonton egg past,Raw Wonton,101g*18in,S,ซุปซอง 5g.,1500,27000,18.0,
13,12,2024,HK,CPM Hongkong,R-Minced egg past,Raw Wonton,90g*18in,BK,ซุปซอง 5g.,300,5400,18.0,
03,12,2024,SG,CPI SINGAPORE,R-Wonton egg past,Raw Wonton,154g*20in,S,ซุปซอง 5g.,688,13760,20.0,
03,12,2024,SG,CPI SINGAPORE,R-Wonton egg past,Raw Wonton,154g*20in,S,ซุปซอง 5g.,2312,46240,20.0,
03,12,2024,SG,CPI SINGAPORE,R-Wonton egg past,Raw Wonton,194g*20in,JB,ซุปซอง 5g.,292,5840,20.0,
07,12,2024,UK,Westbridge Foods Limited (One UK),Wonton,Cooked Wonton,148g*6c*6in,HC,Regular,1288,46368,36.0,
04,12,2024,USA,"Bellisio Foods, Inc.",Minced WT,Cooked Wonton,145g*6c*6,BK,Regular,450,19800,44.0,
04,12,2024,USA,"Bellisio Foods, Inc.",Minced WT,Cooked Wonton,145g*6c*6,BK,Regular,300,19800,66.0,
21,01,2025,USA,"Bellisio Foods, Inc.",Minced WT,Cooked Wonton,145g*8,BK,Regular,400,19800,49.5,
25,11,2024,BRUNEI,Ben Foods,Wonton,Cooked Wonton,145g*24,M,Regular,100,2400,24.0,
25,11,2024,BRUNEI,Ben Foods,Wonton+TY,Cooked Wonton,115g*24,M,TYTB3C 30G,150,3600,24.0,
03,12,2024,SG,CPI SINGAPORE,Wonton,Cooked Wonton,145g*24,M,Regular,500,12000,24.0,
24,12,2024,Malay,CPM Malaysia,Wonton,Cooked Wonton,145g*24,M,Regular,1150,27600,24.0,
24,12,2024,Malay,CPM Malaysia,Wonton+TY,Cooked Wonton,115g*24,M,TYTB3C 30G,1000,24000,24.0,
03,12,2024,SG,CPI SINGAPORE,Wonton +TY,Cooked Wonton,115g*24,M,TYTB3C 30G,500,12000,24.0,
04,12,2024,CAN,"CP Foods Canada,Inc (CPFC)",Wonton,Cooked Wonton,145g*6c*6in,HC,Y3,1288,46368,36.0,
04,12,2024,CAN,"CP Foods Canada,Inc (CPFC)",Wonton,Cooked Wonton,145g*6c*6in,HC,Y3,1288,46368,36.0,
03,12,2024,Denmark,CPF DENMARK,Minced ND+V+TK,Cooked Wonton,302g*8,BK,Tomkha+CM,3500,28000,8.0,
12,12,2024,AUS,CPF Australia Pty Ltd.,Wonton ND+V,Cooked Wonton,308g*6c*6in,HC,Regular,792,28512,36.0,
19,12,2024,AUS,CPF Australia Pty Ltd.,Wonton ND+V,Cooked Wonton,308g*6c*6in,HC,Regular,792,28512,36.0,
09,12,2024,Spain,Mercadona,Wonton ND+V,Cooked Wonton,309g*12,HC,Regular,2520,30240,12.0,
19,12,2024,Spain,Mercadona,Wonton ND+V,Cooked Wonton,309g*12,HC,Regular,2520,30240,12.0,
09,12,2024,Germany,CPF Distribution (under Paulsen Food),Wonton ND+V,Cooked Wonton,309g*12,HC,Regular,2278,27336,12.0,
02,12,2024,USA,"Bellisio Foods, Inc.",Wonton ND+V,Cooked Wonton,308g*6c*6in,HC,Y3,324,11664,36.0,
02,12,2024,USA,"Bellisio Foods, Inc.",Wonton ND+V,Cooked Wonton,308g*6c*6in,HC,Y3,792,28512,36.0,
02,12,2024,USA,"Bellisio Foods, Inc.",Wonton ND+V,Cooked Wonton,308g*6c*6in,HC,Y3,792,28512,36.0,
04,12,2024,USA,"Bellisio Foods, Inc.",Wonton ND+V,Cooked Wonton,308g*6c*6in,HC,Y3,792,28512,36.0,
04,12,2024,USA,"Bellisio Foods, Inc.",Wonton ND+V,Cooked Wonton,308g*6c*6in,HC,Y3,792,28512,36.0,
04,12,2024,USA,"Bellisio Foods, Inc.",Wonton ND+V,Cooked Wonton,308g*6c*6in,HC,Y3,538,19368,36.0,
04,12,2024,USA,"Bellisio Foods, Inc.",Wonton ND+V,Cooked Wonton,308g*6c*6in,HC,Y3,254,9144,36.0,
04,12,2024,USA,"Bellisio Foods, Inc.",Wonton ND+V,Cooked Wonton,308g*6c*6in,HC,Y3,792,28512,36.0,
04,12,2024,USA,"Bellisio Foods, Inc.",Wonton ND+V,Cooked Wonton,308g*6c*6in,HC,Y3,792,28512,36.0,
11,12,2024,USA,"Bellisio Foods, Inc.",Wonton ND+V,Cooked Wonton,308g*6c*6in,HC,Y3,792,28512,36.0,
11,12,2024,USA,"Bellisio Foods, Inc.",Wonton ND+V,Cooked Wonton,308g*6c*6in,HC,Y3,792,28512,36.0,
16,12,2024,USA,"Bellisio Foods, Inc.",Wonton ND+V,Cooked Wonton,308g*6c*6in,HC,Y3,618,22248,36.0,
04,12,2024,China,"Charoen Pokphand Import&Export Trading (Shanghai) Co., Ltd",R-Wonton no egg,Raw Wonton,144g*20in,S,ซุปซอง 5g.,1110,22200,20.0,
04,12,2024,China,"Charoen Pokphand Import&Export Trading (Shanghai) Co., Ltd",R-Wonton no egg,Raw Wonton,630g*8in,S,ซุปซอง 5g.,600,4800,8.0,
,11,2024,MTFS,ซีพีเอฟ เทรดดิ้ง,R-Wonton no egg,Raw Wonton,220g*12in,SS,,6,72,12.0,
,12,2024,MTFS,ซีพีเอฟ เทรดดิ้ง,R-Wonton no egg,Raw Wonton,220g*12in,SS,,123,1476,12.0,
,12,2024,MTFS,ซีพีเอฟ เทรดดิ้ง,R-Wonton no egg,Raw Wonton,220g*12in,SS,,109,1308,12.0,
,12,2024,.7-11,Seven ถ้วยดำ,E+Wonton,Cooked Wonton,145g*24,M,Regular,5384,129216,24.0,
,01,2024,.7-11,Seven ถ้วยดำ,E+Wonton,Cooked Wonton,145g*24,M,Regular,81,1944,24.0,
,12,2024,MTFS,ซีพีเอฟ เทรดดิ้ง,E+Wonton,Cooked Wonton,90g*3B*6B,M,ซุปซอง 5g.,967,17406,18.0,
16,12,2024,USA,"Bellisio Foods, Inc.",Wonton ND+V,Cooked Wonton,308g*6c*6in,HC,Y3,174,6264,36.0,
16,12,2024,USA,"Bellisio Foods, Inc.",Wonton ND+V,Cooked Wonton,308g*6c*6in,HC,Y3,792,28512,36.0,
16,12,2024,USA,"Bellisio Foods, Inc.",Wonton ND+V,Cooked Wonton,308g*6c*6in,HC,Y3,792,28512,36.0,
16,12,2024,USA,"Bellisio Foods, Inc.",Wonton ND+V,Cooked Wonton,308g*6c*6in,HC,Y3,792,28512,36.0,
18,12,2024,USA,"Bellisio Foods, Inc.",Wonton ND+V,Cooked Wonton,308g*6c*6in,HC,Y3,792,28512,36.0,
03,01,2025,USA,"Bellisio Foods, Inc.",Wonton ND+V,Cooked Wonton,308g*6c*6in,HC,Y3,408,14688,36.0,
03,01,2025,USA,"Bellisio Foods, Inc.",Wonton ND+V,Cooked Wonton,308g*6c*6in,HC,Y3,384,13824,36.0,
08,01,2025,USA,"Bellisio Foods, Inc.",Wonton ND+V,Cooked Wonton,308g*6c*6in,HC,Y3,792,28512,36.0,
08,01,2025,USA,"Bellisio Foods, Inc.",Wonton ND+V,Cooked Wonton,308g*6c*6in,HC,Y3,792,28512,36.0,
08,01,2025,USA,"Bellisio Foods, Inc.",Wonton ND+V,Cooked Wonton,308g*6c*6in,HC,Y3,792,28512,36.0,
01,02,2025,USA,"Bellisio Foods, Inc.",Wonton ND+V,Cooked Wonton,308g*6c*6in,HC,Y3,113,4068,36.0,
07,01,2025,Denmark,CPF DENMARK,Wonton ND+V+TY,Cooked Wonton,309g*8,M,TYANSSG+CM,3500,28000,8.0,
14,12,2024,China,"Sam's (Shanghai) Investment Co., Ltd.",R-Wonton no egg,Raw Wonton,750g*8in,S,ซุปซอง 5g.,1408,11264,8.0,
09,12,2024,China,"Charoen Pokphand Import&Export Trading (Shanghai) Co., Ltd",R-Wonton no egg,Raw Wonton,255g*16in,S,ซุปซอง 5g.,301,4816,16.0,
14,12,2024,China,"Sam's (Shanghai) Investment Co., Ltd.",R-Wonton no egg,Raw Wonton,750g*8in,S,ซุปซอง 5g.,1408,11264,8.0,
09,12,2024,China,"Charoen Pokphand Import&Export Trading (Shanghai) Co., Ltd",R-Wonton no egg,Raw Wonton,255g*16in,S,ซุปซอง 5g.,312,4992,16.0,
19,12,2024,China,"Sam's (Shanghai) Investment Co., Ltd.",R-Wonton no egg,Raw Wonton,750g*8in,S,ซุปซอง 5g.,1408,11264,8.0,
09,12,2024,China,"Charoen Pokphand Import&Export Trading (Shanghai) Co., Ltd",R-Wonton no egg,Raw Wonton,255g*16in,S,ซุปซอง 5g.,297,4752,16.0,
,12,2024,.7-11,ถ้วยขาวพิมพ์ STKตุษจีน,Wonton,Cooked Wonton,130g*24,SS,Regular,3707,88968,24.0,
07,01,2025,UK,Westbridge Foods Limited (One UK),Wonton,Cooked Wonton,148g*6c*6in,HC,Regular,1288,46368,36.0,
,12,2024,.7-11,ถ้วยขาวพิมพ์ STKตุษจีน,Wonton,Cooked Wonton,130g*24,SS,Regular,4684,112416,24.0,
08,01,2025,SG,CPI SINGAPORE,Wonton ND+Kee Mao,Cooked Wonton,250g*24,M,Kee Mao,420,10080,24.0,
19,12,2024,CAN,"CP Foods Canada,Inc (CPFC)",Wonton,Cooked Wonton,145g*6c*6in,HC,Y3,1288,46368,36.0,
26,12,2024,CAN,"CP Foods Canada,Inc (CPFC)",Wonton,Cooked Wonton,145g*6c*6in,HC,Y3,1288,46368,36.0,
26,12,2024,CAN,"CP Foods Canada,Inc (CPFC)",Wonton,Cooked Wonton,145g*6c*6in,HC,Y3,1288,46368,36.0,
07,01,2025,UK,Westbridge Foods Limited (One UK),Wonton,Cooked Wonton,148g*6c*6in,HC,Regular,1288,46368,36.0,
01,02,2025,USA,"Bellisio Foods, Inc.",Wonton ND+V,Cooked Wonton,308g*6c*6in,HC,Y3,679,24444,36.0,
01,02,2025,USA,"Bellisio Foods, Inc.",Wonton ND+V,Cooked Wonton,308g*6c*6in,HC,Y3,792,28512,36.0,
04,02,2025,USA,"Bellisio Foods, Inc.",Wonton ND+V,Cooked Wonton,308g*6c*6in,HC,Y3,792,28512,36.0,
04,02,2025,USA,"Bellisio Foods, Inc.",Wonton ND+V,Cooked Wonton,308g*6c*6in,HC,Y3,524,18864,36.0,
,12,2024,.7-11,ถ้วยขาวพิมพ์กดสีฟ้า,Wonton,Cooked Wonton,130g*24,SS,Regular,3750,90000,24.0,
,01,2025,.7-11,ถ้วยขาวพิมพ์กดสีฟ้า,Wonton,Cooked Wonton,130g*24,SS,Regular,1736,41664,24.0,
08,01,2025,SG,CPI SINGAPORE,Wonton,Cooked Wonton,145g*24,M,Regular,500,12000,24.0,
03,01,2025,CAN,Bellisio Foods Canada,Minced ND,Cooked Wonton,258g*12,BK,Regular,2600,31200,12.0,
28,01,2025,CAN,Bellisio Foods Canada,Minced ND,Cooked Wonton,258g*12,BK,Regular,2600,31200,12.0,
08,01,2025,SG,CPI Singapore,Wonton ND+V,Cooked Wonton,219g*24,HC,ซุปซอง 10g.,500,12000,24.0,
26,12,2024,Taiwan,CP TAIWAN,R-Wonton no egg,Raw Wonton,154g*40inner,M,ซุปซอง 5g.,1282,51280,40.0,
26,12,2024,Taiwan,CP TAIWAN,R-Wonton no egg,Raw Wonton,154g*40inner,M,ซุปซอง 5g.,342,13680,40.0,
04,01,2025,SG,CPI SINGAPORE,R-Wonton egg past,Raw Wonton,154g*20in,S,ซุปซอง 5g.,1803,36060,20.0,
21,01,2025,USA,"Bellisio Foods, Inc.",Minced ND,Cooked Wonton,258g*4c*6in,BK,Regular,750,18000,24.0,
28,12,2024,Korea,Emart,Wonton ND,Cooked Wonton,239g*6c*6in,M,Regular,874,31464,36.0,
23,12,2024,UK,Westbridge Foods Limited,Wonton ND+V+TY,Cooked Wonton,307g*4c*6in,M,TYEX+CO,924,22176,24.0,
23,12,2024,UK,Westbridge Foods Limited,Wonton ND+V+TY,Cooked Wonton,307g*4c*6in,M,TYEX+CO,924,22176,24.0,
23,12,2024,Netherlands,Westbridge Foods Limited,Wonton ND+V+TY,Cooked Wonton,307g*4c*6in,M,TYEX+CO,924,22176,24.0,
25,12,2024,China,"Charoen Pokphand Import&Export Trading (Shanghai) Co., Ltd",Wonton+TY,Cooked Wonton,147g*6c*6in,M,TYEX+CO,60,2160,36.0,
03,01,2025,CAN,"CP Foods Canada,Inc (CPFC)",Wonton,Cooked Wonton,145g*6c*6in,HC,Y3,1288,46368,36.0,
03,01,2025,CAN,"CP Foods Canada,Inc (CPFC)",Wonton,Cooked Wonton,145g*6c*6in,HC,Y3,27,972,36.0,
14,01,2025,Spain,Mercadona,Wonton ND+V,Cooked Wonton,309g*12,HC,Regular,2520,30240,12.0,
07,01,2025,Denmark,CPF DENMARK,Minced ND+V+TK,Cooked Wonton,302g*8,BK,Tomkha+CM,3500,28000,8.0,
,12,2024,MTFS,ซีพีเอฟ เทรดดิ้ง,E+Wonton NDE,Cooked Wonton,226g*12,M,Regular,342,4104,12.0,
,01,2025,MTFS,ซีพีเอฟ เทรดดิ้ง,E+Wonton NDE,Cooked Wonton,226g*12,M,Regular,125,1500,12.0,
,12,2024,MTFS,ซีพีเอฟ เทรดดิ้ง,E+Minced NDE,Cooked Wonton,191g*12,BK,Regular,318,3816,12.0,
,01,2025,MTFS,ซีพีเอฟ เทรดดิ้ง,E+Minced NDE,Cooked Wonton,191g*12,BK,Regular,145,1740,12.0,
,12,2024,MTFS,ซีพีเอฟ เทรดดิ้ง,E+Minced WT,Cooked Wonton,135g*12,BK,Regular,262,3144,12.0,
,01,2025,MTFS,ซีพีเอฟ เทรดดิ้ง,E+Minced WT,Cooked Wonton,135g*12,BK,Regular,219,2628,12.0,
,12,2024,Laos,บริษัท ปิก้าเทรดดิ้ง จำกัด,E+Wonton,Cooked Wonton,145g*12,M,Regular,200,2400,12.0,
,01,2025,MTFS,ซีพีเอฟ เทรดดิ้ง,E+Wonton,Cooked Wonton,145g*12,M,Regular,12,144,12.0,
,01,2025,MTFS,ซีพีเอฟ เทรดดิ้ง,E+Wonton,Cooked Wonton,145g*12,M,Regular,2227,26724,12.0,
,12,2024,MTFS,ซีพีเอฟ เทรดดิ้ง,E+Wonton TY,Cooked Wonton,115g*12,M,TYTB3C 30G,274,3288,12.0,
,01,2025,MTFS,ซีพีเอฟ เทรดดิ้ง,E+Wonton TY,Cooked Wonton,115g*12,M,TYTB3C 30G,342,4104,12.0,
25,12,2024,Cambodia,หจก.คิงฟู้ดส์,E+Wonton,Cooked Wonton,145g*24,M,Regular,100,2400,24.0,
,01,2025,.7-11,Seven ถ้วยดำ,E+Wonton,Cooked Wonton,145g*24,M,Regular,3213,77112,24.0,
,12,2024,Laos,บริษัท ปิก้าเทรดดิ้ง จำกัด,E+Wonton+หมาล่า,Cooked Wonton,143g*12,SS,หมาล่า,200,2400,12.0,
25,12,2024,Cambodia,หจก.คิงฟู้ดส์,E+Wonton+หมาล่า,Cooked Wonton,143g*24,SS,หมาล่า,100,2400,24.0,
,01,2025,.7-11,ถ้วยขาวพิมพ์กดสีฟ้า,Wonton,Cooked Wonton,130g*24,SS,Regular,3043,73032,24.0,
,01,2025,.7-11,Seven ถ้วยดำ,E+Wonton,Cooked Wonton,145g*24,M,Regular,1706,40944,24.0,
,12,2024,MTFS,ซีพีเอฟ เทรดดิ้ง,E+Wonton,Cooked Wonton,90g*3B*6B,M,ซุปซอง 5g.,1000,18000,18.0,
,01,2025,MTFS,ซีพีเอฟ เทรดดิ้ง,E+Wonton,Cooked Wonton,90g*3B*6B,M,ซุปซอง 5g.,600,10800,18.0,
,12,2024,MTFS,ซีพีเอฟ เทรดดิ้ง,R-Wonton no egg,Raw Wonton,220g*12in,SS,,425,5100,12.0,
08,01,2025,SG,CPI SINGAPORE,R-Wonton egg past,Raw Wonton,194g*20in,JB,ซุปซอง 5g.,1000,20000,20.0,
24,12,2024,HK,CPM Hongkong,R-Wonton egg past,Raw Wonton,101g*18in,S,ซุปซอง 5g.,1400,25200,18.0,
24,12,2024,HK,CPM Hongkong,R-Minced egg past,Raw Wonton,90g*18in,BK,ซุปซอง 5g.,500,9000,18.0,
08,01,2025,SG,CPI SINGAPORE,R-Minced egg past,Raw Wonton,90g*18in,BK,ซุปซอง 5g.,600,10800,18.0,
04,01,2025,SG,CPI SINGAPORE,R-Wonton egg past,Raw Wonton,154g*20in,S,ซุปซอง 5g.,1197,23940,20.0,
08,01,2025,SG,CPI SINGAPORE,R-Wonton egg past,Raw Wonton,154g*20in,S,ซุปซอง 5g.,1000,20000,20.0,
14,01,2025,UK,Westbridge Foods Limited (One UK),Wonton,Cooked Wonton,148g*6c*6in,HC,Regular,1288,46368,36.0,
14,01,2025,Japan,CPF JAPAN,Wonton,Cooked Wonton,148g*6c*6in,M,Regular,1288,46368,36.0,
,01,2025,.7-11,ถ้วยขาวพิมพ์กดสีฟ้า,Wonton,Cooked Wonton,130g*24,SS,Regular,655,15720,24.0,
,11,2024,.7-11,ซีพีเอฟ เทรดดิ้ง,Wonton,Cooked Wonton,143g*24,SS,น้ำดำ,328,7872,24.0,
,12,2024,.7-11,ซีพีเอฟ เทรดดิ้ง,Wonton,Cooked Wonton,143g*24,SS,น้ำดำ,655,15720,24.0,
09,01,2025,AUS,CPF Australia Pty Ltd.,Wonton ND+V,Cooked Wonton,308g*6c*6in,HC,Regular,792,28512,36.0,
16,01,2025,AUS,CPF Australia Pty Ltd.,Wonton ND+V,Cooked Wonton,308g*6c*6in,HC,Regular,792,28512,36.0,
13,01,2025,UK,Westbridge Foods Limited,Wonton ND+V+TY,Cooked Wonton,307g*4c*6in,M,TYEXSG+CO,924,22176,24.0,
20,01,2025,UK,Westbridge Foods Limited,Wonton ND+V+TY,Cooked Wonton,307g*4c*6in,M,TYEXSG+CO,552,13248,24.0,
20,01,2025,UK,Westbridge Foods Limited,Wonton ND+V+TY,Cooked Wonton,307g*4c*6in,M,TYEXSG+CO,372,8928,24.0,
20,01,2025,UK,Westbridge Foods Limited,Wonton ND+V+TY,Cooked Wonton,307g*4c*6in,M,TYEXSG+CO,924,22176,24.0,
03,01,2025,CAN,"CP Foods Canada,Inc (CPFC)",Wonton,Cooked Wonton,145g*6c*6in,HC,Y3,1260,45360,36.0,
10,01,2025,CAN,"CP Foods Canada,Inc (CPFC)",Wonton,Cooked Wonton,145g*6c*6in,HC,Y3,1288,46368,36.0,
10,01,2025,CAN,"CP Foods Canada,Inc (CPFC)",Wonton,Cooked Wonton,145g*6c*6in,HC,Y3,1288,46368,36.0,
21,01,2025,USA,"Bellisio Foods, Inc.",R-Wonton no egg,Raw Wonton,580g*10in,S,ซุปซอง 5g.,100,1000,10.0,
13,01,2025,China,"Sam's (Shanghai) Investment Co., Ltd.",R-Wonton no egg,Raw Wonton,750g*8in,S,ซุปซอง 5g.,1408,11264,8.0,
21,01,2025,Korea,Consumer Package Commerce,R-Wonton egg past,Raw Wonton,630g*10inner,S,ซุปซอง 5g.,1398,13980,10.0,
16,01,2025,China,"Sam's (Shanghai) Investment Co., Ltd.",R-Wonton no egg,Raw Wonton,750g*8in,S,ซุปซอง 5g.,1408,11264,8.0,
,01,2024,MTFS,ซีพีเอฟ เทรดดิ้ง,R-Wonton no egg,Raw Wonton,220g*12in,SS,,242,2904,12.0,
21,01,2025,Korea,Consumer Package Commerce,R-Wonton egg past,Raw Wonton,630g*10inner,S,ซุปซอง 5g.,658,6580,10.0,
10,02,2025,Korea,Consumer Package Commerce,R-Wonton egg past,Raw Wonton,154g*40in,S,ซุปซอง 5g.,575,23000,40.0,
20,01,2025,CAN,"CP Foods Canada,Inc (CPFC)",Wonton,Cooked Wonton,145g*6c*6in,HC,Y3,1288,46368,36.0,
20,01,2025,CAN,"CP Foods Canada,Inc (CPFC)",Wonton,Cooked Wonton,145g*6c*6in,HC,Y3,1288,46368,36.0,
21,01,2025,USA,"Bellisio Foods, Inc.",Minced ND+V,Cooked Wonton,308g*4c*6in,BK,Y3,200,4800,24.0,
04,02,2025,USA,"Bellisio Foods, Inc.",Wonton ND+V,Cooked Wonton,308g*6c*6in,HC,Y3,268,9648,36.0,
05,02,2025,USA,"Bellisio Foods, Inc.",Wonton ND+V,Cooked Wonton,308g*6c*6in,HC,Y3,129,4644,36.0,
03,02,2025,Spain,Mercadona,Wonton ND+V,Cooked Wonton,309g*12,HC,Regular,2520,30240,12.0,
,01,2025,.7-11,ถ้วยขาวพิมพ์กดสีฟ้า,Wonton,Cooked Wonton,130g*24,SS,Regular,3316,79584,24.0,
,02,2025,.7-11,ถ้วยขาวพิมพ์กดสีฟ้า,Wonton,Cooked Wonton,130g*24,SS,Regular,333,7992,24.0,
30,01,2025,AUS,CPF Australia Pty Ltd.,Wonton ND+V,Cooked Wonton,308g*6c*6in,HC,Regular,792,28512,36.0,
21,01,2025,Germany,CPF Distribution (under Paulsen Food),Minced ND+V+TK,Cooked Wonton,302g*12,BK,Tomkha+CM,2278,27336,12.0,
13,02,2025,New Zealand,Lim Brothers,Minced ND+V+TK,Cooked Wonton,302g*8,BK,Tomkha+CM,378,3024,8.0,
27,02,2025,New Zealand,Lim Brothers,Minced ND+V+TK,Cooked Wonton,302g*8,BK,Tomkha+CM,270,2160,8.0,
18,01,2025,China,"Sam's (Shanghai) Investment Co., Ltd.",R-Wonton no egg,Raw Wonton,750g*8in,S,ซุปซอง 5g.,1408,11264,8.0,
20,01,2025,China,"Sam's (Shanghai) Investment Co., Ltd.",R-Wonton no egg,Raw Wonton,750g*8in,S,ซุปซอง 5g.,1408,11264,8.0,
10,02,2025,Korea,Consumer Package Commerce,R-Wonton egg past,Raw Wonton,154g*40in,S,ซุปซอง 5g.,1049,41960,40.0,
,01,2025,MTFS,ซีพีเอฟ เทรดดิ้ง,E+Wonton NDE,Cooked Wonton,226g*12,M,Regular,125,1500,12.0,
,02,2025,MTFS,ซีพีเอฟ เทรดดิ้ง,E+Wonton NDE,Cooked Wonton,226g*12,M,Regular,334,4008,12.0,
,01,2025,MTFS,ซีพีเอฟ เทรดดิ้ง,E+Minced NDE,Cooked Wonton,191g*12,BK,Regular,110,1320,12.0,
,02,2025,MTFS,ซีพีเอฟ เทรดดิ้ง,E+Minced NDE,Cooked Wonton,191g*12,BK,Regular,162,1944,12.0,
,02,2025,MTFS,ซีพีเอฟ เทรดดิ้ง,E+Minced WT,Cooked Wonton,135g*12,BK,Regular,111,1332,12.0,
,02,2025,MTFS,ซีพีเอฟ เทรดดิ้ง,E+Wonton,Cooked Wonton,145g*12,M,Regular,12,144,12.0,
,01,2025,MTFS,ซีพีเอฟ เทรดดิ้ง,E+Wonton,Cooked Wonton,145g*12,M,Regular,1773,21276,12.0,
,02,2025,MTFS,ซีพีเอฟ เทรดดิ้ง,E+Wonton,Cooked Wonton,145g*12,M,Regular,2252,27024,12.0,
,02,2025,.7-11,Seven ถ้วยดำ,E+Wonton,Cooked Wonton,145g*24,M,Regular,2616,62784,24.0,
,01,2025,MTFS,ซีพีเอฟ เทรดดิ้ง,E+Wonton TY,Cooked Wonton,115g*12,M,TYTB3C 30G,258,3096,12.0,
,02,2025,MTFS,ซีพีเอฟ เทรดดิ้ง,E+Wonton TY,Cooked Wonton,115g*12,M,TYTB3C 30G,412,4944,12.0,
23,01,2025,ขายภายใน,บริษัท อินสยาม ฟู้ด แอนด์ เบฟเวอเรจ จำกัด,E+Wonton,Cooked Wonton,90g*100B,M,ซุปซอง 5g.,32,3200,100.0,
,01,2025,MTFS,ซีพีเอฟ เทรดดิ้ง,E+Wonton,Cooked Wonton,90g*3B*6B,M,ซุปซอง 5g.,400,7200,18.0,
,02,2025,MTFS,ซีพีเอฟ เทรดดิ้ง,E+Wonton,Cooked Wonton,90g*3B*6B,M,ซุปซอง 5g.,1035,18630,18.0,
,02,2025,.7-11,Seven ถ้วยดำ,E+Wonton,Cooked Wonton,145g*24,M,Regular,4884,117216,24.0,
,01,2025,MTFS,ซีพีเอฟ เทรดดิ้ง,E+Wonton+หมาล่า,Cooked Wonton,143g*12,SS,หมาล่า,443,5316,12.0,
,02,2025,MTFS,ซีพีเอฟ เทรดดิ้ง,E+Wonton+หมาล่า,Cooked Wonton,143g*12,SS,หมาล่า,272,3264,12.0,
06,02,2025,AUS,CPF Australia Pty Ltd.,C-Minced WT in tray no egg,Cooked Wonton,117*2tray*8in,BK,Sesame 15g,120,1920,16.0,
13,02,2025,New Zealand,Lim Brothers,C-Minced WT in tray no egg,Cooked Wonton,117*2tray*8in,BK,Sesame 15g,216,3456,16.0,
27,02,2025,New Zealand,Lim Brothers,C-Minced WT in tray no egg,Cooked Wonton,117*2tray*8in,BK,Sesame 15g,144,2304,16.0,
13,02,2025,New Zealand,Lim Brothers,Minced ND+Kee Mao,Cooked Wonton,219g*8,BK,Kee Mao 50G.,270,2160,8.0,
27,02,2025,New Zealand,Lim Brothers,Minced ND+Kee Mao,Cooked Wonton,219g*8,BK,Kee Mao 50G.,54,432,8.0,
20,02,2025,AUS,CPF Australia Pty Ltd.,Wonton ND+V,Cooked Wonton,308g*6c*6in,HC,Regular,792,28512,36.0,
06,02,2025,AUS,CPF Australia Pty Ltd.,Wonton ND+V,Cooked Wonton,305g*8,HC,Regular,450,3600,8.0,
13,02,2025,New Zealand,Lim Brothers,Wonton ND+V,Cooked Wonton,305g*8,HC,Regular,440,3520,8.0,
27,02,2025,New Zealand,Lim Brothers,Wonton ND+V,Cooked Wonton,305g*8,HC,Regular,760,6080,8.0,
27,01,2025,Netherlands,Westbridge Foods Limited,Wonton ND+V+TY,Cooked Wonton,307g*4c*6in,M,TYEXSG+CO,924,22176,24.0,
11,02,2025,UK,Westbridge Foods Limited,Wonton ND+V+TY,Cooked Wonton,307g*4c*6in,M,TYEXSG+CO,924,22176,24.0,
06,02,2025,AUS,CPF Australia Pty Ltd.,Minced ND+V+TY,Cooked Wonton,302g*8,BK,TYEXSG+CO,400,3200,8.0,
13,02,2025,New Zealand,Lim Brothers,Minced ND+V+TY,Cooked Wonton,302g*8,BK,TYEXSG+CO,162,1296,8.0,
27,02,2025,New Zealand,Lim Brothers,Minced ND+V+TY,Cooked Wonton,302g*8,BK,TYEXSG+CO,216,1728,8.0,
23,01,2025,China,"Sam's (Shanghai) Investment Co., Ltd.",R-Wonton no egg,Raw Wonton,750g*8in,S,ซุปซอง 5g.,1408,11264,8.0,
,02,2025,MTFS,ซีพีเอฟ เทรดดิ้ง,R-Wonton no egg,Raw Wonton,220g*12in,SS,,237,2844,12.0,
28,01,2025,China,"Sam's (Shanghai) Investment Co., Ltd.",R-Wonton no egg,Raw Wonton,750g*8in,S,ซุปซอง 5g.,1408,11264,8.0,
12,02,2025,CAN,"CP Foods Canada,Inc (CPFC)",Wonton,Cooked Wonton,145g*6c*6in,HC,Y3,1288,46368,36.0,
12,02,2025,CAN,"CP Foods Canada,Inc (CPFC)",Wonton,Cooked Wonton,145g*6c*6in,HC,Y3,1288,46368,36.0,
19,02,2025,CAN,"CP Foods Canada,Inc (CPFC)",Wonton,Cooked Wonton,145g*6c*6in,HC,Y3,1288,46368,36.0,
30,01,2025,Japan,CPF JAPAN,Wonton,Cooked Wonton,148g*6c*6in,M,Regular,1288,46368,36.0,
30,01,2025,Japan,CPF JAPAN,Wonton,Cooked Wonton,148g*6c*6in,M,Regular,1288,46368,36.0,
06,02,2025,Japan,CPF JAPAN,Wonton,Cooked Wonton,148g*6c*6in,M,Regular,1288,46368,36.0,
18,02,2025,Netherlands,Westbridge Foods Limited (One UK),Wonton,Cooked Wonton,148g*6c*6in,HC,Regular,1288,46368,36.0,
24,02,2025,UK,Westbridge Foods Limited (One UK),Wonton,Cooked Wonton,148g*6c*6in,HC,Regular,1288,46368,36.0,
24,02,2025,UK,Westbridge Foods Limited (One UK),Wonton,Cooked Wonton,148g*6c*6in,HC,Regular,1288,46368,36.0,
06,02,2025,AUS,CPF Australia Pty Ltd.,Minced ND+หมาล่า,Cooked Minced ND No Egg หมาล่า,300g*8,BK,หมาล่า,300,2400,8.0,
,02,2025,.7-11,ถ้วยขาวพิมพ์กดสีฟ้า,Wonton,Cooked Wonton,130g*24,SS,Regular,4897,117528,24.0,
18,02,2025,Denmark,CPF DENMARK,Wonton ND+V+TY,Cooked Wonton,309g*8,M,TYANSSG+CM,3500,28000,8.0,
19,02,2025,CAN,Bellisio Foods Canada,Minced ND,Cooked Wonton,258g*12,BK,Regular,2600,31200,12.0,
,02,2025,.7-11,ถ้วยขาวพิมพ์กดสีฟ้า,Wonton,Cooked Wonton,130g*24,SS,Regular,2270,54480,24.0,
,03,2025,.7-11,ถ้วยขาวพิมพ์กดสีฟ้า,Wonton,Cooked Wonton,130g*24,SS,Regular,778,18672,24.0,
03,02,2025,China,"Charoen Pokphand Import&Export Trading (Shanghai) Co., Ltd",Wonton+TY,Cooked Wonton,147g*6c*6in,M,TYEXSG+CO,798,28728,36.0,
03,02,2025,China,"Charoen Pokphand Import&Export Trading (Shanghai) Co., Ltd",Wonton ND+V,Cooked Wonton,308g*6c*6in,HC,Y3,300,10800,36.0,
13,02,2025,USA,"Bellisio Foods, Inc.",Wonton ND+V,Cooked Wonton,308g*6c*6in,HC,Y3,663,23868,36.0,
13,02,2025,USA,"Bellisio Foods, Inc.",Wonton ND+V,Cooked Wonton,308g*6c*6in,HC,Y3,792,28512,36.0,
13,02,2025,USA,"Bellisio Foods, Inc.",Wonton ND+V,Cooked Wonton,308g*6c*6in,HC,Y3,460,16560,36.0,
14,02,2025,USA,"Bellisio Foods, Inc.",Wonton ND+V,Cooked Wonton,308g*6c*6in,HC,Y3,792,28512,36.0,
14,02,2025,USA,"Bellisio Foods, Inc.",Wonton ND+V,Cooked Wonton,308g*6c*6in,HC,Y3,767,27612,36.0,
05,02,2025,SG,CPI SINGAPORE,R-Wonton egg past,Raw Wonton,204g*20in,S,sesame 30g,1200,24000,20.0,
05,03,2025,CAN,Bellisio Foods Canada,Minced ND,Cooked Wonton,258g*12,BK,Regular,2600,31200,12.0,
11,02,2025,USA,"Bellisio Foods, Inc.",Minced ND,Cooked Wonton,258g*8,BK,Regular,1400,11200,8.0,
25,02,2025,USA,"Bellisio Foods, Inc.",Minced ND,Cooked Wonton,258g*8,BK,Regular,1400,11200,8.0,
14,02,2025,USA,"Bellisio Foods, Inc.",Wonton ND+V,Cooked Wonton,308g*6c*6in,HC,Y3,25,900,36.0,
14,02,2025,USA,"Bellisio Foods, Inc.",Wonton ND+V,Cooked Wonton,308g*6c*6in,HC,Y3,792,28512,36.0,
14,02,2025,USA,"Bellisio Foods, Inc.",Wonton ND+V,Cooked Wonton,308g*6c*6in,HC,Y3,792,28512,36.0,
20,02,2025,USA,"Bellisio Foods, Inc.",Wonton ND+V,Cooked Wonton,308g*6c*6in,HC,Y3,792,28512,36.0,
20,02,2025,USA,"Bellisio Foods, Inc.",Wonton ND+V,Cooked Wonton,308g*6c*6in,HC,Y3,792,28512,36.0,
21,02,2025,USA,"Bellisio Foods, Inc.",Wonton ND+V,Cooked Wonton,308g*6c*6in,HC,Y3,792,28512,36.0,
28,02,2025,USA,"Bellisio Foods, Inc.",Wonton ND+V,Cooked Wonton,308g*6c*6in,HC,Y3,37,1332,36.0,
28,02,2025,USA,"Bellisio Foods, Inc.",Wonton ND+V,Cooked Wonton,308g*6c*6in,HC,Y3,755,27180,36.0,
28,02,2025,USA,"Bellisio Foods, Inc.",Wonton ND+V,Cooked Wonton,308g*6c*6in,HC,Y3,792,28512,36.0,
28,02,2025,USA,"Bellisio Foods, Inc.",Wonton ND+V,Cooked Wonton,308g*6c*6in,HC,Y3,792,28512,36.0,
04,03,2025,USA,"Bellisio Foods, Inc.",Wonton ND+V,Cooked Wonton,308g*6c*6in,HC,Y3,792,28512,36.0,
04,03,2025,USA,"Bellisio Foods, Inc.",Wonton ND+V,Cooked Wonton,308g*6c*6in,HC,Y3,321,11556,36.0,
08,02,2025,China,"Sam's (Shanghai) Investment Co., Ltd.",R-Wonton no egg,Raw Wonton,750g*8in,S,ซุปซอง 5g.,1408,11264,8.0,
,02,2025,MTFS,ซีพีเอฟ เทรดดิ้ง,R-Wonton no egg,Raw Wonton,220g*12in,SS,,378,4536,12.0,
04,03,2025,USA,"Bellisio Foods, Inc.",Wonton ND+V,Cooked Wonton,308g*6c*6in,HC,Y3,471,16956,36.0,
04,03,2025,USA,"Bellisio Foods, Inc.",Wonton ND+V,Cooked Wonton,308g*6c*6in,HC,Y3,792,28512,36.0,
04,03,2025,USA,"Bellisio Foods, Inc.",Wonton ND+V,Cooked Wonton,308g*6c*6in,HC,Y3,792,28512,36.0,
04,03,2025,USA,"Bellisio Foods, Inc.",Wonton ND+V,Cooked Wonton,308g*6c*6in,HC,Y3,792,28512,36.0,
05,03,2025,USA,"Bellisio Foods, Inc.",Wonton ND+V,Cooked Wonton,308g*6c*6in,HC,Y3,792,28512,36.0,
11,03,2025,USA,"Bellisio Foods, Inc.",Wonton ND+V,Cooked Wonton,308g*6c*6in,HC,Y3,293,10548,36.0,
19,03,2025,CAN,Bellisio Foods Canada,Minced ND,Cooked Wonton,258g*12,BK,Regular,2558,30696,12.0,
,02,2025,.7-11,ซีพีเอฟ เทรดดิ้ง,E+Wonton+หมาล่า,Cooked Wonton,143g*24,SS,หมาล่า,4000,96000,24.0,
,02,2025,MTFS,ซีพีเอฟ เทรดดิ้ง,E+Wonton+หมาล่า,Cooked Wonton,143g*12,SS,หมาล่า,158,1896,12.0,
,02,2025,MTFS,ซีพีเอฟ เทรดดิ้ง,E+Wonton NDE,Cooked Wonton,226g*12,M,Regular,616,7392,12.0,
,02,2025,.7-11,Seven ถ้วยดำ,E+Wonton,Cooked Wonton,145g*24,M,Regular,3750,90000,24.0,
,02,2025,MTFS,ซีพีเอฟ เทรดดิ้ง,E+Wonton,Cooked Wonton,145g*12,M,Regular,1111,13332,12.0,
11,03,2025,USA,"Bellisio Foods, Inc.",Wonton ND+V,Cooked Wonton,308g*6c*6in,HC,Y3,499,17964,36.0,
28,02,2025,USA,"Bellisio Foods, Inc.",Wonton ND+V,Cooked Wonton,308g*6c*6in,HC,Y3,460,16560,36.0,
25,03,2025,USA,"Bellisio Foods, Inc.",Wonton ND+V,Cooked Wonton,308g*6c*6in,HC,Y3,155,5580,36.0,
27,02,2025,AUS,CPF Australia Pty Ltd.,Wonton ND+V,Cooked Wonton,308g*6c*6in,HC,Regular,792,28512,36.0,
06,03,2025,AUS,CPF Australia Pty Ltd.,Wonton ND+V,Cooked Wonton,308g*6c*6in,HC,Regular,792,28512,36.0,
06,03,2025,AUS,CPF Australia Pty Ltd.,Wonton ND+V,Cooked Wonton,308g*6c*6in,HC,Regular,792,28512,36.0,
28,02,2025,Taiwan,CP TAIWAN,R-Wonton no egg,Raw Wonton,154g*40inner,M,ซุปซอง 5g.,278,11120,40.0,
28,02,2025,HK,CPM Hongkong,R-Minced egg past,Raw Wonton,90g*18in,BK,ซุปซอง 5g.,300,5400,18.0,
17,02,2025,Korea,Consumer Package Commerce,R-Wonton egg past,Raw Wonton,630g*10inner,S,ซุปซอง 5g.,922,9220,10.0,
17,02,2025,Korea,Consumer Package Commerce,R-Wonton egg past,Raw Wonton,630g*10inner,S,ซุปซอง 5g.,226,2260,10.0,
28,02,2025,Taiwan,CP TAIWAN,R-Wonton no egg,Raw Wonton,154g*40inner,M,ซุปซอง 5g.,1100,44000,40.0,
05,03,2025,CAN,"CP Foods Canada,Inc (CPFC)",Wonton,Cooked Wonton,145g*6c*6in,HC,Y3,1288,46368,36.0,
05,03,2025,CAN,"CP Foods Canada,Inc (CPFC)",Wonton,Cooked Wonton,145g*6c*6in,HC,Y3,281,10116,36.0,
,03,2025,.7-11,ถ้วยขาวพิมพ์กดสีฟ้า,Wonton,Cooked Wonton,130g*24,SS,Regular,3885,93240,24.0,
17,02,2025,Korea,Consumer Package Commerce,R-Wonton egg past,Raw Wonton,630g*10inner,S,ซุปซอง 5g.,908,9080,10.0,
28,02,2025,Taiwan,CP TAIWAN,R-Wonton no egg,Raw Wonton,154g*40inner,M,ซุปซอง 5g.,246,9840,40.0,
03,03,2025,Netherlands,Westbridge Foods Limited (One UK),Wonton,Cooked Wonton,148g*6c*6in,HC,Regular,1288,46368,36.0,
,03,2025,.7-11,ถ้วยขาวพิมพ์กดสีฟ้า,Wonton,Cooked Wonton,130g*24,SS,Regular,2157,51768,24.0,
,03,2025,.7-11,ถ้วยขาวพิมพ์กดสีฟ้า,Wonton,Cooked Wonton,130g*24,SS,Regular,417,10008,24.0,
05,03,2025,CAN,"CP Foods Canada,Inc (CPFC)",Wonton,Cooked Wonton,145g*6c*6in,HC,Y3,1007,36252,36.0,
07,03,2025,USA,"Bellisio Foods, Inc.",Minced ND+V,Cooked Wonton,308g*4c*6in,BK,Y3,200,4800,24.0,
19,03,2025,USA,"Bellisio Foods, Inc.",Minced ND+V,Cooked Wonton,308g*4c*6in,BK,Y3,200,4800,24.0,
19,04,2025,USA,"Bellisio Foods, Inc.",Minced ND+V,Cooked Wonton,308g*4c*6in,BK,Y3,100,2400,24.0,
25,03,2025,USA,"Bellisio Foods, Inc.",Wonton ND+V,Cooked Wonton,308g*6c*6in,HC,Y3,792,28512,36.0,
01,04,2025,USA,"Bellisio Foods, Inc.",Wonton ND+V,Cooked Wonton,308g*6c*6in,HC,Y3,792,28512,36.0,
03,03,2025,UK,Westbridge Foods Limited,Wonton ND+V+TY,Cooked Wonton,307g*4c*6in,M,TYEXSG+CO,924,22176,24.0,
17,03,2025,UK,Westbridge Foods Limited,Wonton ND+V+TY,Cooked Wonton,307g*4c*6in,M,TYEXSG+CO,924,22176,24.0,
17,03,2025,Germany,CPF Distribution (under Paulsen Food),Minced ND+V+TY,Cooked Wonton,302g*12,BK,TYEXSG+CO,2278,27336,12.0,
28,02,2025,HK,CPM Hongkong,R-Wonton egg past,Raw Wonton,101g*18in,S,ซุปซอง 5g.,1600,28800,18.0,
05,03,2025,USA,"Bellisio Foods, Inc.",Minced ND,Cooked Wonton,258g*4c*6in,BK,Regular,900,21600,24.0,
05,03,2025,USA,"Bellisio Foods, Inc.",Minced ND,Cooked Wonton,258g*4c*6in,BK,Regular,800,19200,24.0,
07,03,2025,USA,"Bellisio Foods, Inc.",Minced ND,Cooked Wonton,258g*4c*6in,BK,Regular,800,19200,24.0,
19,03,2025,USA,"Bellisio Foods, Inc.",Minced ND,Cooked Wonton,258g*4c*6in,BK,Regular,700,16800,24.0,
10,03,2025,Korea,Consumer Package Commerce,R-Wonton egg past,Raw Wonton,154g*40in,S,ซุปซอง 5g.,421,16840,40.0,
18,03,2025,Malay,CPM Malaysia,R-Wonton egg past,Raw Wonton,154g*20inner,S,ซุปซอง 5g.,500,10000,20.0,
13,03,2025,Japan,CPF JAPAN,Wonton,Cooked Wonton,148g*6c*6in,M,Regular,1288,46368,36.0,
18,03,2025,Malay,CPM Malaysia,Wonton,Cooked Wonton,145g*24,M,Regular,500,12000,24.0,
05,03,2025,USA,"Bellisio Foods, Inc.",Minced WT,Cooked Wonton,145g*8,BK,Regular,512,19800,38.671875,
07,03,2025,USA,"Bellisio Foods, Inc.",Minced WT,Cooked Wonton,145g*8,BK,Regular,500,19800,39.6,
19,03,2025,USA,"Bellisio Foods, Inc.",Minced WT,Cooked Wonton,145g*8,BK,Regular,300,19800,66.0,
,03,2025,MTFS,ซีพีเอฟ เทรดดิ้ง,E+Wonton NDE,Cooked Wonton,226g*12,M,Regular,600,7200,12.0,
,03,2025,MTFS,ซีพีเอฟ เทรดดิ้ง,E+Minced NDE,Cooked Wonton,191g*12,BK,Regular,250,3000,12.0,
,03,2025,MTFS,ซีพีเอฟ เทรดดิ้ง,E+Minced WT,Cooked Wonton,135g*12,BK,Regular,511,6132,12.0,
,03,2025,MTFS,ซีพีเอฟ เทรดดิ้ง,E+Wonton TY,Cooked Wonton,115g*12,M,TYTB3C 30G,300,3600,12.0,
,03,2025,MTFS,ซีพีเอฟ เทรดดิ้ง,E+Wonton,Cooked Wonton,90g*3B*6B,M,ซุปซอง 5g.,1100,19800,18.0,
,02,2025,.7-11,ซีพีเอฟ เทรดดิ้ง,E+Wonton+หมาล่า,Cooked Wonton,143g*24,SS,หมาล่า,800,19200,24.0,
,03,2025,.7-11,ซีพีเอฟ เทรดดิ้ง,E+Wonton+หมาล่า,Cooked Wonton,143g*24,SS,หมาล่า,3200,76800,24.0,
,02,2025,MTFS,ซีพีเอฟ เทรดดิ้ง,E+Wonton+หมาล่า,Cooked Wonton,143g*12,SS,หมาล่า,700,8400,12.0,
,03,2025,MTFS,ซีพีเอฟ เทรดดิ้ง,E+Wonton+หมาล่า,Cooked Wonton,143g*12,SS,หมาล่า,750,9000,12.0,
,03,2025,MTFS,ซีพีเอฟ เทรดดิ้ง,E+Wonton,Cooked Wonton,145g*12,M,Regular,12,144,12.0,
,03,2025,MTFS,ซีพีเอฟ เทรดดิ้ง,E+Wonton,Cooked Wonton,145g*12,M,Regular,3500,42000,12.0,
,03,2025,.7-11,Seven ถ้วยดำ,E+Wonton,Cooked Wonton,145g*24,M,Regular,4256,102144,24.0,
,03,2025,.7-11,Seven ถ้วยดำ,E+Wonton,Cooked Wonton,145g*24,M,Regular,5744,137856,24.0,
,04,2025,.7-11,Seven ถ้วยดำ,E+Wonton,Cooked Wonton,145g*24,M,Regular,104,2496,24.0,
,03,2025,.7-11,ถ้วยขาวพิมพ์กดสีฟ้า,Wonton,Cooked Wonton,130g*24,SS,Regular,3763,90312,24.0,
,03,2025,.7-11,ถ้วยขาวพิมพ์กดสีฟ้า,Wonton,Cooked Wonton,130g*24,SS,Regular,1058,25392,24.0,
20,03,2025,AUS,CPF Australia Pty Ltd.,Wonton ND+V,Cooked Wonton,308g*6c*6in,HC,Regular,792,28512,36.0,
01,03,2025,China,"Sam's (Shanghai) Investment Co., Ltd.",R-Wonton no egg,Raw Wonton,750g*8in,S,ซุปซอง 5g.,1408,11264,8.0,
,03,2025,MTFS,ซีพีเอฟ เทรดดิ้ง,R-Wonton no egg,Raw Wonton,220g*12in,SS,,500,6000,12.0,
03,03,2025,China,"Sam's (Shanghai) Investment Co., Ltd.",R-Wonton no egg,Raw Wonton,750g*8in,S,ซุปซอง 5g.,1408,11264,8.0,
05,03,2025,USA,"Bellisio Foods, Inc.",R-Wonton no egg,Raw Wonton,580g*10in,S,ซุปซอง 5g.,200,2000,10.0,
06,03,2025,China,"Sam's (Shanghai) Investment Co., Ltd.",R-Wonton no egg,Raw Wonton,750g*8in,S,ซุปซอง 5g.,1408,11264,8.0,
19,03,2025,USA,"Bellisio Foods, Inc.",R-Wonton no egg,Raw Wonton,580g*10in,S,ซุปซอง 5g.,100,1000,10.0,
,03,2025,MTFS,ซีพีเอฟ เทรดดิ้ง,R-Wonton no egg,Raw Wonton,220g*12in,SS,,453,5436,12.0,
10,03,2025,SG,CPI SINGAPORE,R-Wonton egg past,Raw Wonton,154g*20in,S,ซุปซอง 5g.,1000,20000,20.0,
10,03,2025,SG,CPI SINGAPORE,R-Wonton egg past,Raw Wonton,194g*20in,JB,ซุปซอง 5g.,993,19860,20.0,
12,04,2025,USA,"Bellisio Foods, Inc.",Wonton ND+V,Cooked Wonton,308g*6c*6in,HC,Y3,792,28512,36.0,
12,04,2025,USA,"Bellisio Foods, Inc.",Wonton ND+V,Cooked Wonton,308g*6c*6in,HC,Y3,792,28512,36.0,
12,04,2025,USA,"Bellisio Foods, Inc.",Wonton ND+V,Cooked Wonton,308g*6c*6in,HC,Y3,792,28512,36.0,
19,04,2025,USA,"Bellisio Foods, Inc.",Wonton ND+V,Cooked Wonton,308g*6c*6in,HC,Y3,792,28512,36.0,
22,04,2025,USA,"Bellisio Foods, Inc.",Wonton ND+V,Cooked Wonton,308g*6c*6in,HC,Y3,792,28512,36.0,
10,03,2025,SG,CPI SINGAPORE,Wonton +TY,Cooked Wonton,115g*24,M,TYTB3C 30G,500,12000,24.0,
,03,2025,.7-11,ถ้วยขาวพิมพ์กดสีฟ้า,Wonton,Cooked Wonton,130g*24,SS,Regular,6,144,24.0,
19,03,2025,USA,"Bellisio Foods, Inc.",Minced ND,Cooked Wonton,258g*8,BK,Regular,3304.625,26437,8.0,
02,04,2025,USA,"Bellisio Foods, Inc.",Minced ND,Cooked Wonton,258g*4c*6in,BK,Regular,800,19200,24.0,
02,04,2025,USA,"Bellisio Foods, Inc.",Minced ND,Cooked Wonton,258g*4c*6in,BK,Regular,155,3720,24.0,
,03,2025,MTFS,ซีพีเอฟ เทรดดิ้ง,Wonton ND,Cooked Wonton,227g*12,SS,MK,3328,39936,12.0,
,03,2025,MTFS,ซีพีเอฟ เทรดดิ้ง,Wonton ND,Cooked Wonton,227g*12,SS,MK,6472,77664,12.0,
10,03,2025,SG,CPI SINGAPORE,R-Wonton egg past,Raw Wonton,194g*20in,JB,ซุปซอง 5g.,7,140,20.0,
24,03,2025,Korea,Consumer Package Commerce,R-Wonton egg past,Raw Wonton,630g*10inner,S,ซุปซอง 5g.,1434,14340,10.0,
10,03,2025,Korea,Consumer Package Commerce,R-Wonton egg past,Raw Wonton,154g*40in,S,ซุปซอง 5g.,1203,48120,40.0,
,03,2025,MTFS,ซีพีเอฟ เทรดดิ้ง,Wonton ND,Cooked Wonton,227g*12,SS,MK,11831,141972,12.0,
02,04,2025,HK,CPM Hongkong,R-Minced egg past,Raw Wonton,90g*18in,BK,ซุปซอง 5g.,250,4500,18.0,
02,04,2025,HK,CPM Hongkong,R-Wonton egg past,Raw Wonton,101g*18in,S,ซุปซอง 5g.,1650,29700,18.0,
07,04,2025,UK,Westbridge Foods Limited (One UK),Wonton,Cooked Wonton,148g*6c*6in,HC,Regular,1288,46368,36.0,
18,03,2025,Malay,CPM Malaysia,Wonton+TY,Cooked Wonton,115g*24,M,TYTB3C 30G,1150,27600,24.0,
02,04,2025,USA,"Bellisio Foods, Inc.",R-Wonton no egg,Raw Wonton,580g*10in,S,ซุปซอง 5g.,100,1000,10.0,
02,04,2025,USA,"Bellisio Foods, Inc.",R-Wonton no egg,Raw Wonton,580g*10in,S,ซุปซอง 5g.,100,1000,10.0,
19,04,2025,USA,"Bellisio Foods, Inc.",R-Wonton no egg,Raw Wonton,580g*10in,S,ซุปซอง 5g.,100,1000,10.0,
,03,2025,MTFS,ซีพีเอฟ เทรดดิ้ง,R-Wonton no egg,Raw Wonton,220g*12in,SS,,47,564,12.0,
,04,2025,MTFS,ซีพีเอฟ เทรดดิ้ง,R-Wonton no egg,Raw Wonton,220g*12in,SS,,360,4320,12.0,
24,03,2025,Korea,Consumer Package Commerce,R-Wonton egg past,Raw Wonton,630g*10inner,S,ซุปซอง 5g.,622,6220,10.0,
18,03,2025,CAN,"CP Foods Canada,Inc (CPFC)",Wonton,Cooked Wonton,145g*6c*6in,HC,Y3,307,11052,36.0,
18,03,2025,CAN,"CP Foods Canada,Inc (CPFC)",Wonton,Cooked Wonton,145g*6c*6in,HC,Y3,1288,46368,36.0,
18,03,2025,CAN,"CP Foods Canada,Inc (CPFC)",Wonton,Cooked Wonton,145g*6c*6in,HC,Y3,1288,46368,36.0,
02,04,2025,CAN,"CP Foods Canada,Inc (CPFC)",Wonton,Cooked Wonton,145g*6c*6in,HC,Y3,352,12672,36.0,
19,03,2025,USA,"Bellisio Foods, Inc.",Minced ND,Cooked Wonton,258g*8,BK,Regular,195.375,1563,8.0,
20,03,2025,AUS,CPF Australia Pty Ltd.,Wonton ND+V+TY,Cooked Wonton,307g*4c*6in,M,TYEXSG+CO,924,22176,24.0,
,04,2025,MTFS,ซีพีเอฟ เทรดดิ้ง,E+Wonton TY,Cooked Wonton,115g*12,M,TYTB3C 30G,400,4800,12.0,
,03,2025,MTFS,ซีพีเอฟ เทรดดิ้ง,E+Wonton,Cooked Wonton,90g*3B*6B,M,ซุปซอง 5g.,750,13500,18.0,
,04,2025,MTFS,ซีพีเอฟ เทรดดิ้ง,E+Wonton,Cooked Wonton,90g*3B*6B,M,ซุปซอง 5g.,500,9000,18.0,
,04,2025,MTFS,ซีพีเอฟ เทรดดิ้ง,E+Wonton,Cooked Wonton,90g*3B*6B,M,ซุปซอง 5g.,933,16794,18.0,
,04,2025,MTFS,ซีพีเอฟ เทรดดิ้ง,E+Minced WT,Cooked Wonton,135g*12,BK,Regular,300,3600,12.0,
,04,2025,MTFS,ซีพีเอฟ เทรดดิ้ง,E+Wonton,Cooked Wonton,145g*12,M,Regular,12,144,12.0,
,04,2025,MTFS,ซีพีเอฟ เทรดดิ้ง,E+Wonton,Cooked Wonton,145g*12,M,Regular,1000,12000,12.0,
21,03,2025,Cambodia,หจก.คิงฟู้ดส์,E+Wonton,Cooked Wonton,145g*24,M,Regular,100,2400,24.0,
,04,2025,.7-11,Seven ถ้วยดำ,E+Wonton,Cooked Wonton,145g*24,M,Regular,1495,35880,24.0,
,04,2025,MTFS,ซีพีเอฟ เทรดดิ้ง,E+Minced NDE,Cooked Wonton,191g*12,BK,Regular,400,4800,12.0,
,04,2025,MTFS,ซีพีเอฟ เทรดดิ้ง,E+Wonton NDE,Cooked Wonton,226g*12,M,Regular,950,11400,12.0,
,04,2025,MTFS,ซีพีเอฟ เทรดดิ้ง,E+Wonton+หมาล่า,Cooked Wonton,143g*12,SS,หมาล่า,700,8400,12.0,
21,03,2025,Cambodia,หจก.คิงฟู้ดส์,E+Wonton+หมาล่า,Cooked Wonton,143g*24,SS,หมาล่า,100,2400,24.0,
,04,2025,.7-11,ซีพีเอฟ เทรดดิ้ง,E+Wonton+หมาล่า,Cooked Wonton,143g*24,SS,หมาล่า,4700,112800,24.0,
01,04,2025,Korea,Emart,Wonton ND,Cooked Wonton,239g*6c*6in,M,Regular,874,31464,36.0,
17,03,2025,CAN,Bellisio Foods Canada,Minced ND,Cooked Wonton,258g*12,BK,Regular,42,504,12.0,
03,04,2025,CAN,Bellisio Foods Canada,Minced ND,Cooked Wonton,258g*12,BK,Regular,2600,31200,12.0,
02,04,2025,USA,"Bellisio Foods, Inc.",Minced ND,Cooked Wonton,258g*4c*6in,BK,Regular,545,13080,24.0,
,04,2025,.7-11,Seven ถ้วยดำ,E+Wonton,Cooked Wonton,145g*24,M,Regular,2520,60480,24.0,
,03,2025,.7-11,ถ้วยขาวพิมพ์กดสีฟ้า,Wonton,Cooked Wonton,130g*24,SS,Regular,2946,70704,24.0,
,04,2025,.7-11,ถ้วยขาวพิมพ์กดสีฟ้า,Wonton,Cooked Wonton,130g*24,SS,Regular,793,19032,24.0,
02,04,2025,USA,"Bellisio Foods, Inc.",Minced WT,Cooked Wonton,145g*6c*6,BK,Regular,300,19800,66.0,
02,04,2025,USA,"Bellisio Foods, Inc.",Minced WT,Cooked Wonton,145g*6c*6,BK,Regular,450,19800,44.0,
03,04,2025,AUS,CPF Australia Pty Ltd.,Wonton ND+V,Cooked Wonton,308g*6c*6in,HC,Regular,792,28512,36.0,
25,03,2025,China,"Sam's (Shanghai) Investment Co., Ltd.",R-Wonton no egg,Raw Wonton,750g*8in,S,ซุปซอง 5g.,1408,11264,8.0,
,04,2025,MTFS,ซีพีเอฟ เทรดดิ้ง,R-Wonton no egg,Raw Wonton,220g*12in,SS,,211,2532,12.0,
27,03,2025,China,"Sam's (Shanghai) Investment Co., Ltd.",R-Wonton no egg,Raw Wonton,750g*8in,S,ซุปซอง 5g.,1408,11264,8.0,
,04,2025,ขายภายใน,ซีพีเอฟ เทรดดิ้ง,R-Wonton egg past,Raw Wonton,600g.*8 packs,M,,200,1600,8.0,
,04,2025,MTFS,ซีพีเอฟ เทรดดิ้ง,R-Wonton no egg,Raw Wonton,220g*12in,SS,,177,2124,12.0,
27,03,2025,China,"Sam's (Shanghai) Investment Co., Ltd.",R-Wonton no egg,Raw Wonton,750g*8in,S,ซุปซอง 5g.,1408,11264,8.0,
07,04,2025,UK,Westbridge Foods Limited (One UK),Wonton,Cooked Wonton,148g*6c*6in,HC,Regular,1288,46368,36.0,
03,04,2025,Japan,CPF JAPAN,Wonton,Cooked Wonton,148g*6c*6in,M,Regular,889,32004,36.0,
31,03,2025,China,"Sam's (Shanghai) Investment Co., Ltd.",R-Wonton no egg,Raw Wonton,750g*8in,S,ซุปซอง 5g.,732,5856,8.0,
,04,2025,MTFS,ซีพีเอฟ เทรดดิ้ง,R-Wonton no egg,Raw Wonton,220g*12in,SS,,49,588,12.0,
03,04,2025,Japan,CPF JAPAN,Wonton,Cooked Wonton,148g*6c*6in,M,Regular,399,14364,36.0,
03,04,2025,Japan,CPF JAPAN,Wonton,Cooked Wonton,148g*6c*6in,M,Regular,1288,46368,36.0,
03,04,2025,New Zealand,Lim Brothers,Minced ND+V+TK,Cooked Wonton,302g*8,BK,Tomkha+CM,864,6912,8.0,
31,03,2025,China,"Sam's (Shanghai) Investment Co., Ltd.",R-Wonton no egg,Raw Wonton,750g*8in,S,ซุปซอง 5g.,676,5408,8.0,
03,04,2025,New Zealand,Lim Brothers,C-Minced WT in tray no egg,Cooked Wonton,117*2tray*8in,BK,Sesame 15g,372,5952,16.0,
03,04,2025,New Zealand,Lim Brothers,Minced ND+Kee Mao,Cooked Wonton,219g*8,BK,Kee Mao 50G.,150,1200,8.0,
03,04,2025,New Zealand,Lim Brothers,Wonton ND+V,Cooked Wonton,305g*8,HC,Regular,1296,10368,8.0,
10,04,2025,AUS,CPF Australia Pty Ltd.,Wonton ND+V,Cooked Wonton,308g*6c*6in,HC,Regular,792,28512,36.0,
17,04,2025,AUS,CPF Australia Pty Ltd.,Wonton ND+V,Cooked Wonton,308g*6c*6in,HC,Regular,792,28512,36.0,
08,04,2025,UK,Westbridge Foods Limited,Wonton ND+V+TY,Cooked Wonton,307g*4c*6in,M,TYEXSG+CO,924,22176,24.0,
08,04,2025,Netherlands,Westbridge Foods Limited,Wonton ND+V+TY,Cooked Wonton,307g*4c*6in,M,TYEXSG+CO,924,22176,24.0,
03,04,2025,New Zealand,Lim Brothers,Minced ND+V+TY,Cooked Wonton,302g*8,BK,TYEXSG+CO,756,6048,8.0,
07,04,2025,Korea,Consumer Package Commerce,R-Wonton egg past,Raw Wonton,154g*40in,S,ซุปซอง 5g.,588,23520,40.0,
07,04,2025,Korea,Consumer Package Commerce,R-Wonton egg past,Raw Wonton,630g*10inner,S,ซุปซอง 5g.,700,7000,10.0,
07,04,2025,Korea,Consumer Package Commerce,R-Wonton egg past,Raw Wonton,154g*40in,S,ซุปซอง 5g.,553,22120,40.0,
07,04,2025,Korea,Consumer Package Commerce,R-Wonton egg past,Raw Wonton,630g*10inner,S,ซุปซอง 5g.,685,6850,10.0,
07,04,2025,Korea,Consumer Package Commerce,Wonton,Cooked Wonton,145g*6c*6in,HC,Y3,200,7200,36.0,
05,04,2025,CAN,"CP Foods Canada,Inc (CPFC)",Wonton,Cooked Wonton,145g*6c*6in,HC,Y3,936,33696,36.0,
05,04,2025,CAN,"CP Foods Canada,Inc (CPFC)",Wonton,Cooked Wonton,145g*6c*6in,HC,Y3,837,30132,36.0,
07,04,2025,Taiwan,CP TAIWAN,Wonton+TY,Cooked Wonton,147g*6c*6in,M,TYEXSG+CO,1288,46368,36.0,
07,04,2025,Korea,Consumer Package Commerce,Wonton+TY,Cooked Wonton,147g*6c*6in,M,TYEXSG+CO,250,9000,36.0,
28,04,2025,Belgium,CPF EUROPE S.A.,Wonton+TY,Cooked Wonton,129g*8,M,TYEXSG+CO,1360,10880,8.0,
07,04,2025,Korea,Consumer Package Commerce,R-Wonton egg past,Raw Wonton,154g*40in,S,ซุปซอง 5g.,483,19320,40.0,
21,04,2025,Korea,Consumer Package Commerce,R-Wonton egg past,Raw Wonton,154g*40in,S,ซุปซอง 5g.,168,6720,40.0,
07,04,2025,Korea,Consumer Package Commerce,R-Wonton egg past,Raw Wonton,630g*10inner,S,ซุปซอง 5g.,671,6710,10.0,
21,04,2025,Korea,Consumer Package Commerce,R-Wonton egg past,Raw Wonton,154g*40in,S,ซุปซอง 5g.,1287,51480,40.0,
05,04,2025,CAN,"CP Foods Canada,Inc (CPFC)",Wonton,Cooked Wonton,145g*6c*6in,HC,Y3,451,16236,36.0,
19,04,2025,CAN,"CP Foods Canada,Inc (CPFC)",Wonton,Cooked Wonton,145g*6c*6in,HC,Y3,1288,46368,36.0,
08,04,2025,UK,Westbridge Foods Limited (One UK),Minced ND,Cooked Wonton,258g*4c*6in,BK,Regular,1176,28224,24.0,
24,04,2025,AUS,CPF Australia Pty Ltd.,Wonton ND+V+TY,Cooked Wonton,307g*4c*6in,M,TYEXSG+CO,924,22176,24.0,
08,04,2025,Netherlands,Westbridge Foods Limited,Wonton ND+V+TY,Cooked Wonton,307g*4c*6in,M,TYEXSG+CO,924,22176,24.0,
,04,2025,.7-11,ถ้วยขาวพิมพ์กดสีฟ้า,Wonton,Cooked Wonton,130g*24,SS,Regular,6678,160272,24.0,
10,04,2025,China,"Sam's (Shanghai) Investment Co., Ltd.",R-Wonton no egg,Raw Wonton,750g*8in,S,ซุปซอง 5g.,1408,11264,8.0,
21,04,2025,Korea,Consumer Package Commerce,R-Wonton egg past,Raw Wonton,154g*40in,S,ซุปซอง 5g.,169,6760,40.0,
10,04,2025,China,"Sam's (Shanghai) Investment Co., Ltd.",R-Wonton no egg,Raw Wonton,750g*8in,S,ซุปซอง 5g.,1408,11264,8.0,
28,04,2025,Belgium,CPF EUROPE S.A.,R-Wonton no egg,Raw Wonton,630g*10inner,M,ซุปซอง 5g.,179,1790,10.0,
11,04,2025,China,"Sam's (Shanghai) Investment Co., Ltd.",R-Wonton no egg,Raw Wonton,750g*8in,S,ซุปซอง 5g.,1222,9776,8.0,
28,04,2025,Belgium,CPF EUROPE S.A.,R-Wonton no egg,Raw Wonton,630g*10inner,M,ซุปซอง 5g.,321,3210,10.0,
23,04,2025,CAN,Bellisio Foods Canada,Minced ND,Cooked Wonton,258g*12,BK,Regular,2600,31200,12.0,
,04,2025,.7-11,ถ้วยขาวพิมพ์กดสีฟ้า,Wonton,Cooked Wonton,130g*24,SS,Regular,4638,111312,24.0,
,04,2025,.7-11,ถ้วยขาวพิมพ์กดสีฟ้า,Wonton,Cooked Wonton,130g*24,SS,Regular,1125,27000,24.0,
24,04,2025,SG,CPI SINGAPORE,Wonton +TY,Cooked Wonton,115g*24,M,TYTB3C 30G,500,12000,24.0,
19,04,2025,USA,"Bellisio Foods, Inc.",Minced WT,Cooked Wonton,145g*8,BK,Regular,400,19800,49.5,
28,04,2025,Belgium,CPF EUROPE S.A.,Wonton +V,Cooked Wonton,145g*8,HC,Regular,1200,9600,8.0,
,03,2025,MTFS,ซีพีเอฟ เทรดดิ้ง,Wonton ND,Cooked Wonton,227g*12,SS,MK,779,9348,12.0,
,04,2025,MTFS,ซีพีเอฟ เทรดดิ้ง,Wonton ND,Cooked Wonton,227g*12,SS,MK,6051,72612,12.0,
11,04,2025,China,"Sam's (Shanghai) Investment Co., Ltd.",R-Wonton no egg,Raw Wonton,750g*8in,S,ซุปซอง 5g.,186,1488,8.0,
11,04,2025,China,"Sam's (Shanghai) Investment Co., Ltd.",R-Wonton no egg,Raw Wonton,750g*8in,S,ซุปซอง 5g.,1408,11264,8.0,
,04,2025,.7-11,ถ้วยขาวพิมพ์กดสีฟ้า,Wonton,Cooked Wonton,130g*24,SS,Regular,1766,42384,24.0,
,05,2025,.7-11,ถ้วยขาวพิมพ์กดสีฟ้า,Wonton,Cooked Wonton,130g*24,SS,Regular,4546,109104,24.0,
,04,2025,MTFS,ซีพีเอฟ เทรดดิ้ง,E+Wonton,Cooked Wonton,90g*3B*6B,M,ซุปซอง 5g.,27,486,18.0,
,04,2025,MTFS,ซีพีเอฟ เทรดดิ้ง,E+Wonton,Cooked Wonton,90g*3B*6B,M,ซุปซอง 5g.,500,9000,18.0,
,04,2025,Laos,บริษัท ปิก้าเทรดดิ้ง จำกัด,E+Wonton,Cooked Wonton,145g*12,M,Regular,100,1200,12.0,
,04,2025,MTFS,ซีพีเอฟ เทรดดิ้ง,E+Wonton,Cooked Wonton,145g*12,M,Regular,1500,18000,12.0,
,04,2025,.7-11,Seven ถ้วยดำ,E+Wonton,Cooked Wonton,145g*24,M,Regular,4374,104976,24.0,
,04,2025,Laos,บริษัท ปิก้าเทรดดิ้ง จำกัด,E+Wonton+หมาล่า,Cooked Wonton,143g*12,SS,หมาล่า,100,1200,12.0,
,04,2025,MTFS,ซีพีเอฟ เทรดดิ้ง,E+Wonton+หมาล่า,Cooked Wonton,143g*12,SS,หมาล่า,900,10800,12.0,
19,04,2025,China,"Charoen Pokphand Import&Export Trading (Shanghai) Co., Ltd",Wonton ND+V,Cooked Wonton,308g*6c*6in,HC,Y3,320,11520,36.0,
24,04,2025,AUS,CPF Australia Pty Ltd.,Wonton ND+V,Cooked Wonton,308g*6c*6in,HC,Regular,792,28512,36.0,
08,05,2025,AUS,CPF Australia Pty Ltd.,Wonton ND+V,Cooked Wonton,308g*6c*6in,HC,Regular,792,28512,36.0,
16,05,2025,AUS,CPF Australia Pty Ltd.,Wonton ND+V,Cooked Wonton,308g*6c*6in,HC,Regular,792,28512,36.0,
22,05,2025,AUS,CPF Australia Pty Ltd.,Wonton ND+V,Cooked Wonton,308g*6c*6in,HC,Regular,792,28512,36.0,
30,04,2025,AUS,CPF Australia Pty Ltd.,Wonton ND+V,Cooked Wonton,305g*8,HC,Regular,400,3200,8.0,
15,05,2025,New Zealand,Lim Brothers,Wonton ND+V,Cooked Wonton,305g*8,HC,Regular,710,5680,8.0,
28,04,2025,Belgium,CPF EUROPE S.A.,Wonton ND+V,Cooked Wonton,309g*8,HC,Regular,720,5760,8.0,
30,04,2025,AUS,CPF Australia Pty Ltd.,Minced ND+V+TK,Cooked Wonton,302g*8,BK,Tomkha+CM,240,1920,8.0,
15,05,2025,New Zealand,Lim Brothers,Minced ND+V+TK,Cooked Wonton,302g*8,BK,Tomkha+CM,270,2160,8.0,
30,04,2025,AUS,CPF Australia Pty Ltd.,C-Minced WT in tray no egg,Cooked Wonton,117*2tray*8in,BK,Sesame 15g,300,4800,16.0,
15,05,2025,New Zealand,Lim Brothers,C-Minced WT in tray no egg,Cooked Wonton,117*2tray*8in,BK,Sesame 15g,144,2304,16.0,
30,04,2025,CAN,Bellisio Foods Canada,Minced ND,Cooked Wonton,258g*12,BK,Regular,2600,31200,12.0,
14,05,2025,CAN,Bellisio Foods Canada,Minced ND,Cooked Wonton,258g*12,BK,Regular,2600,31200,12.0,
19,04,2025,USA,"Bellisio Foods, Inc.",Minced ND,Cooked Wonton,258g*4c*6in,BK,Regular,800,19200,24.0,
22,04,2025,SG,CPI SINGAPORE,Wonton ND+Kee Mao,Cooked Wonton,250g*24,M,Kee Mao,420,10080,24.0,
15,05,2025,New Zealand,Lim Brothers,Minced ND+Kee Mao,Cooked Wonton,219g*8,BK,Kee Mao 50G.,108,864,8.0,
12,06,2025,New Zealand,Lim Brothers,Minced ND+Kee Mao,Cooked Wonton,219g*8,BK,Kee Mao 50G.,140,1120,8.0,
30,04,2025,AUS,CPF Australia Pty Ltd.,Minced ND+V+TY,Cooked Wonton,302g*8,BK,TYEXSG+CO,370,2960,8.0,
15,05,2025,New Zealand,Lim Brothers,Minced ND+V+TY,Cooked Wonton,302g*8,BK,TYEXSG+CO,216,1728,8.0,
,05,2025,.7-11,ถ้วยขาวพิมพ์กดสีฟ้า,Wonton,Cooked Wonton,130g*24,SS,Regular,3716,89184,24.0,
,04,2025,MTFS,ซีพีเอฟ เทรดดิ้ง,Wonton ND,Cooked Wonton,681g*6,SS,MK,1667,30006,18.0,
,04,2025,MTFS,ซีพีเอฟ เทรดดิ้ง,Wonton ND,Cooked Wonton,227g*12,SS,MK,1303,15636,12.0,
24,04,2025,China,"Sam's (Shanghai) Investment Co., Ltd.",R-Wonton no egg,Raw Wonton,750g*8in,S,ซุปซอง 5g.,1408,11264,8.0,
,04,2025,MTFS,ซีพีเอฟ เทรดดิ้ง,R-Wonton no egg,Raw Wonton,220g*12in,SS,,336,4032,12.0,
24,04,2025,China,"Sam's (Shanghai) Investment Co., Ltd.",R-Wonton no egg,Raw Wonton,750g*8in,S,ซุปซอง 5g.,1408,11264,8.0,
24,04,2025,SG,CPI SINGAPORE,R-Minced egg past,Raw Wonton,90g*18in,BK,ซุปซอง 5g.,600,10800,18.0,
24,04,2025,SG,CPI SINGAPORE,R-Wonton egg past,Raw Wonton,154g*20in,S,ซุปซอง 5g.,2000,40000,20.0,
06,05,2025,HK,CPM Hongkong,R-Minced egg past,Raw Wonton,90g*18in,BK,ซุปซอง 5g.,250,4500,18.0,
06,05,2025,HK,CPM Hongkong,R-Wonton egg past,Raw Wonton,101g*18in,S,ซุปซอง 5g.,689,12402,18.0,
02,05,2025,China,"Charoen Pokphand Import&Export Trading (Shanghai) Co., Ltd",R-Wonton no egg,Raw Wonton,630g*8in,S,ซุปซอง 5g.,441,3528,8.0,
06,05,2025,HK,CPM Hongkong,R-Wonton egg past,Raw Wonton,101g*18in,S,ซุปซอง 5g.,961,17298,18.0,
13,05,2025,Korea,Consumer Package Commerce,R-Wonton egg past,Raw Wonton,154g*40in,S,ซุปซอง 5g.,614,24560,40.0,
02,05,2025,China,"Charoen Pokphand Import&Export Trading (Shanghai) Co., Ltd",R-Wonton no egg,Raw Wonton,630g*8in,S,ซุปซอง 5g.,159,1272,8.0,
02,05,2025,China,"Charoen Pokphand Import&Export Trading (Shanghai) Co., Ltd",R-Wonton no egg,Raw Wonton,144g*20in,S,ซุปซอง 5g.,2200,44000,20.0,
,04,2025,MTFS,ซีพีเอฟ เทรดดิ้ง,E+Wonton NDE,Cooked Wonton,226g*12,M,Regular,150,1800,12.0,
,05,2025,MTFS,ซีพีเอฟ เทรดดิ้ง,E+Wonton NDE,Cooked Wonton,226g*12,M,Regular,400,4800,12.0,
,04,2025,MTFS,ซีพีเอฟ เทรดดิ้ง,E+Minced NDE,Cooked Wonton,191g*12,BK,Regular,200,2400,12.0,
,05,2025,MTFS,ซีพีเอฟ เทรดดิ้ง,E+Minced NDE,Cooked Wonton,191g*12,BK,Regular,400,4800,12.0,
,04,2025,MTFS,ซีพีเอฟ เทรดดิ้ง,E+Minced WT,Cooked Wonton,135g*12,BK,Regular,100,1200,12.0,
,05,2025,MTFS,ซีพีเอฟ เทรดดิ้ง,E+Minced WT,Cooked Wonton,135g*12,BK,Regular,300,3600,12.0,
,04,2025,MTFS,ซีพีเอฟ เทรดดิ้ง,E+Wonton TY,Cooked Wonton,115g*12,M,TYTB3C 30G,500,6000,12.0,
,05,2025,MTFS,ซีพีเอฟ เทรดดิ้ง,E+Wonton TY,Cooked Wonton,115g*12,M,TYTB3C 30G,703,8436,12.0,
,04,2025,.7-11,Seven ถ้วยดำ,E+Wonton,Cooked Wonton,145g*24,M,Regular,4016,96384,24.0,
,05,2025,.7-11,Seven ถ้วยดำ,E+Wonton,Cooked Wonton,145g*24,M,Regular,458,10992,24.0,
,05,2025,MTFS,ซีพีเอฟ เทรดดิ้ง,E+Wonton,Cooked Wonton,145g*12,M,Regular,12,144,12.0,
10,05,2025,Laos,บริษัท ปิก้าเทรดดิ้ง จำกัด,E+Wonton,Cooked Wonton,145g*12,M,Regular,100,1200,12.0,
,04,2025,MTFS,ซีพีเอฟ เทรดดิ้ง,E+Wonton,Cooked Wonton,145g*12,M,Regular,2700,32400,12.0,
,05,2025,MTFS,ซีพีเอฟ เทรดดิ้ง,E+Wonton,Cooked Wonton,145g*12,M,Regular,3509,42108,12.0,
10,05,2025,Cambodia,หจก.คิงฟู้ดส์,E+Wonton,Cooked Wonton,145g*24,M,Regular,50,1200,24.0,
,05,2025,.7-11,Seven ถ้วยดำ,E+Wonton,Cooked Wonton,145g*24,M,Regular,204,4896,24.0,
,04,2025,MTFS,ซีพีเอฟ เทรดดิ้ง,E+Wonton,Cooked Wonton,90g*3B*6B,M,ซุปซอง 5g.,907,16326,18.0,
,05,2025,MTFS,ซีพีเอฟ เทรดดิ้ง,E+Wonton,Cooked Wonton,90g*3B*6B,M,ซุปซอง 5g.,1200,21600,18.0,
10,05,2025,Cambodia,หจก.คิงฟู้ดส์,E+Wonton+หมาล่า,Cooked Wonton,143g*24,SS,หมาล่า,50,1200,24.0,
10,06,2025,Cambodia,หจก.คิงฟู้ดส์,E+Wonton+หมาล่า,Cooked Wonton,143g*24,SS,หมาล่า,50,1200,24.0,
15,06,2025,Cambodia,หจก.คิงฟู้ดส์,E+Wonton+หมาล่า,Cooked Wonton,143g*24,SS,หมาล่า,100,2400,24.0,
,04,2025,.7-11,ซีพีเอฟ เทรดดิ้ง,E+Wonton+หมาล่า,Cooked Wonton,143g*24,SS,หมาล่า,256,6144,24.0,
10,05,2025,Laos,บริษัท ปิก้าเทรดดิ้ง จำกัด,E+Wonton+หมาล่า,Cooked Wonton,143g*12,SS,หมาล่า,100,1200,12.0,
,05,2025,MTFS,ซีพีเอฟ เทรดดิ้ง,E+Wonton+หมาล่า,Cooked Wonton,143g*12,SS,หมาล่า,905,10860,12.0,
13,05,2025,UK,Westbridge Foods Limited (One UK),Wonton,Cooked Wonton,148g*6c*6in,HC,Regular,1288,46368,36.0,
,05,2025,.7-11,Seven ถ้วยดำ,E+Wonton,Cooked Wonton,145g*24,M,Regular,4316,103584,24.0,
,05,2025,.7-11,ถ้วยขาวพิมพ์กดสีฟ้า,Wonton,Cooked Wonton,130g*24,SS,Regular,2710,65040,24.0,
13,05,2025,Korea,Emart,Wonton ND,Cooked Wonton,239g*6c*6in,M,Regular,874,31464,36.0,
08,05,2025,AUS,CPF Australia Pty Ltd.,Wonton ND+V+TY,Cooked Wonton,307g*4c*6in,M,TYEXSG+CO,924,22176,24.0,
06,05,2025,Denmark,CPF DENMARK,Minced ND+V+TY,Cooked Wonton,302g*12,BK,TYEXSG+CO,2520,30240,12.0,
,05,2025,MTFS,ซีพีเอฟ เทรดดิ้ง,R-Wonton no egg,Raw Wonton,220g*12in,SS,,600,7200,12.0,
13,05,2025,Korea,Consumer Package Commerce,R-Wonton egg past,Raw Wonton,154g*40in,S,ซุปซอง 5g.,1010,40400,40.0,
,05,2025,ขายภายใน,ซีพีเอฟ เทรดดิ้ง,R-Wonton egg past,Raw Wonton,600g.*8 packs,M,,100,800,8.0,
08,05,2025,USA,"Bellisio Foods, Inc.",Wonton ND+V,Cooked Wonton,308g*6c*6in,HC,Y3,172,6192,36.0,
13,05,2025,UK,Westbridge Foods Limited (One UK),Wonton,Cooked Wonton,148g*6c*6in,HC,Regular,1288,46368,36.0,
19,05,2025,Korea,Consumer Package Commerce,R-Wonton egg past,Raw Wonton,630g*10inner,S,ซุปซอง 5g.,819,8190,10.0,
08,05,2025,USA,"Bellisio Foods, Inc.",Wonton ND+V,Cooked Wonton,308g*6c*6in,HC,Y3,620,22320,36.0,
08,05,2025,USA,"Bellisio Foods, Inc.",Wonton ND+V,Cooked Wonton,308g*6c*6in,HC,Y3,792,28512,36.0,
08,05,2025,USA,"Bellisio Foods, Inc.",Wonton ND+V,Cooked Wonton,308g*6c*6in,HC,Y3,540.4722222222222,19457,36.0,
,04,2025,MTFS,ซีพีเอฟ เทรดดิ้ง,Wonton ND,Cooked Wonton,227g*12,SS,MK,146,1752,12.0,
,05,2025,MTFS,ซีพีเอฟ เทรดดิ้ง,Wonton ND,Cooked Wonton,227g*12,SS,MK,5323,63876,12.0,
13,05,2025,USA,"Bellisio Foods, Inc.",Minced ND,Cooked Wonton,258g*8,BK,Regular,3500,28000,8.0,
08,05,2025,USA,"Bellisio Foods, Inc.",Wonton ND+V,Cooked Wonton,308g*6c*6in,HC,Y3,251.52777777777777,9055,36.0,
08,05,2025,USA,"Bellisio Foods, Inc.",Wonton ND+V,Cooked Wonton,308g*6c*6in,HC,Y3,792,28512,36.0,
08,05,2025,USA,"Bellisio Foods, Inc.",Wonton ND+V,Cooked Wonton,308g*6c*6in,HC,Y3,792,28512,36.0,
14,05,2025,USA,"Bellisio Foods, Inc.",Wonton ND+V,Cooked Wonton,308g*6c*6in,HC,Y3,792,28512,36.0,
15,05,2025,USA,"Bellisio Foods, Inc.",Wonton ND+V,Cooked Wonton,308g*6c*6in,HC,Y3,526,18936,36.0,
15,05,2025,USA,"Bellisio Foods, Inc.",Wonton ND+V,Cooked Wonton,308g*6c*6in,HC,Y3,266,9576,36.0,
15,05,2025,USA,"Bellisio Foods, Inc.",Wonton ND+V,Cooked Wonton,308g*6c*6in,HC,Y3,792,28512,36.0,
15,05,2025,USA,"Bellisio Foods, Inc.",Wonton ND+V,Cooked Wonton,308g*6c*6in,HC,Y3,792,28512,36.0,
15,05,2025,USA,"Bellisio Foods, Inc.",Wonton ND+V,Cooked Wonton,308g*6c*6in,HC,Y3,575,20700,36.0,
16,05,2025,AUS,CPF Australia Pty Ltd.,Wonton ND+V+TY,Cooked Wonton,307g*4c*6in,M,TYEXSG+CO,907,21768,24.0,
13,05,2025,Denmark,CPF DENMARK,Minced ND+V+TY,Cooked Wonton,302g*12,BK,TYEXSG+CO,2520,30240,12.0,
13,05,2025,USA,"Bellisio Foods, Inc.",Wonton,Cooked Wonton,145g*6c*6in,HC,Y3,1288,46368,36.0,
13,05,2025,USA,"Bellisio Foods, Inc.",Wonton,Cooked Wonton,145g*6c*6in,HC,Y3,1288,46368,36.0,
13,05,2025,USA,"Bellisio Foods, Inc.",Wonton,Cooked Wonton,145g*6c*6in,HC,Y3,1288,46368,36.0,
13,05,2025,USA,"Bellisio Foods, Inc.",Wonton,Cooked Wonton,145g*6c*6in,HC,Y3,52,1872,36.0,
13,05,2025,USA,"Bellisio Foods, Inc.",Wonton,Cooked Wonton,145g*6c*6in,HC,Y3,1236,44496,36.0,
14,05,2025,USA,"Bellisio Foods, Inc.",Wonton,Cooked Wonton,145g*6c*6in,HC,Y3,1288,46368,36.0,
20,05,2025,USA,"Bellisio Foods, Inc.",Wonton,Cooked Wonton,145g*6c*6in,HC,Y3,1245,44820,36.0,
,05,2025,MTFS,ซีพีเอฟ เทรดดิ้ง,Wonton ND,Cooked Wonton,227g*12,SS,MK,677,8124,12.0,
,05,2025,MTFS,ซีพีเอฟ เทรดดิ้ง,Wonton ND,Cooked Wonton,227g*12,SS,MK,16,192,12.0,
,05,2025,MTFS,ซีพีเอฟ เทรดดิ้ง,Wonton ND,Cooked Wonton,227g*12,SS,MK,63,756,12.0,
20,05,2025,USA,"Bellisio Foods, Inc.",Wonton,Cooked Wonton,145g*6c*6in,HC,Y3,43,1548,36.0,
20,05,2025,USA,"Bellisio Foods, Inc.",Wonton,Cooked Wonton,145g*6c*6in,HC,Y3,1288,46368,36.0,
20,05,2025,USA,"Bellisio Foods, Inc.",Wonton,Cooked Wonton,145g*6c*6in,HC,Y3,1288,46368,36.0,
20,05,2025,USA,"Bellisio Foods, Inc.",Wonton,Cooked Wonton,145g*6c*6in,HC,Y3,1288,46368,36.0,
13,05,2025,USA,"Bellisio Foods, Inc.",R-Wonton no egg,Raw Wonton,580g*10in,S,ซุปซอง 5g.,1750,17500,10.0,
15,05,2025,USA,"Bellisio Foods, Inc.",Wonton ND+V,Cooked Wonton,308g*6c*6in,HC,Y3,217,7812,36.0,
15,05,2025,USA,"Bellisio Foods, Inc.",Wonton ND+V,Cooked Wonton,308g*6c*6in,HC,Y3,792,28512,36.0,
15,05,2025,USA,"Bellisio Foods, Inc.",Wonton ND+V,Cooked Wonton,308g*6c*6in,HC,Y3,792,28512,36.0,
15,05,2025,USA,"Bellisio Foods, Inc.",Wonton ND+V,Cooked Wonton,308g*6c*6in,HC,Y3,792,28512,36.0,
21,05,2025,USA,"Bellisio Foods, Inc.",Wonton ND+V,Cooked Wonton,308g*6c*6in,HC,Y3,335,12060,36.0,
15,05,2025,Japan,CPF JAPAN,Wonton,Cooked Wonton,148g*6c*6in,M,Regular,1288,46368,36.0,
,05,2025,.7-11,ถ้วยขาวพิมพ์กดสีฟ้า,Wonton,Cooked Wonton,130g*24,SS,Regular,2375,57000,24.0,
16,05,2025,AUS,CPF Australia Pty Ltd.,Wonton ND+V+TY,Cooked Wonton,307g*4c*6in,M,TYEXSG+CO,17,408,24.0,
29,05,2025,AUS,CPF Australia Pty Ltd.,Wonton ND+V+TY,Cooked Wonton,307g*4c*6in,M,TYEXSG+CO,924,22176,24.0,
05,06,2025,AUS,CPF Australia Pty Ltd.,Wonton ND+V+TY,Cooked Wonton,307g*4c*6in,M,TYEXSG+CO,924,22176,24.0,
19,05,2025,Korea,Consumer Package Commerce,R-Wonton egg past,Raw Wonton,630g*10inner,S,ซุปซอง 5g.,628,6280,10.0,
26,05,2025,5 Stars,CPFB,EP+Wonton,Cooked Wonton,20 pcs*16,S,,100,,,
21,05,2025,USA,"Bellisio Foods, Inc.",Wonton ND+V,Cooked Wonton,308g*6c*6in,HC,Y3,457,16452,36.0,
21,05,2025,USA,"Bellisio Foods, Inc.",Wonton ND+V,Cooked Wonton,308g*6c*6in,HC,Y3,792,28512,36.0,
21,05,2025,USA,"Bellisio Foods, Inc.",Wonton ND+V,Cooked Wonton,308g*6c*6in,HC,Y3,714,25704,36.0,
19,05,2025,Korea,Consumer Package Commerce,R-Wonton egg past,Raw Wonton,630g*10inner,S,ซุปซอง 5g.,609,6090,10.0,
19,05,2025,Korea,Consumer Package Commerce,R-Wonton egg past,Raw Wonton,154g*40in,S,ซุปซอง 5g.,724,28960,40.0,
19,05,2025,Korea,Consumer Package Commerce,R-Wonton egg past,Raw Wonton,154g*40in,S,ซุปซอง 5g.,900,36000,40.0,
10,06,2025,Malay,CPM Malaysia,R-Wonton egg past,Raw Wonton,154g*20inner,S,ซุปซอง 5g.,350,7000,20.0,
21,05,2025,USA,"Bellisio Foods, Inc.",Wonton ND+V,Cooked Wonton,308g*6c*6in,HC,Y3,78,2808,36.0,
21,05,2025,USA,"Bellisio Foods, Inc.",Wonton ND+V,Cooked Wonton,308g*6c*6in,HC,Y3,792,28512,36.0,
21,05,2025,USA,"Bellisio Foods, Inc.",Wonton ND+V,Cooked Wonton,308g*6c*6in,HC,Y3,792,28512,36.0,
27,05,2025,New Zealand,Lim Brothers,Wonton ND+V,Cooked Wonton,308g*6c*6in,HC,Regular,792,28512,36.0,
29,05,2025,AUS,CPF Australia Pty Ltd.,Wonton ND+V,Cooked Wonton,308g*6c*6in,HC,Regular,792,28512,36.0,
05,06,2025,AUS,CPF Australia Pty Ltd.,Wonton ND+V,Cooked Wonton,308g*6c*6in,HC,Regular,582,20952,36.0,
,05,2025,.7-11,ซีพีเอฟ เทรดดิ้ง,Wonton ND,Cooked Wonton,227g*12,SS,MK,3543,42516,12.0,
05,06,2025,AUS,CPF Australia Pty Ltd.,Wonton ND+V,Cooked Wonton,308g*6c*6in,HC,Regular,210,7560,36.0,
30,05,2025,Spain,Mercadona,Wonton ND+V,Cooked Wonton,309g*12,S,Regular,2520,30240,12.0,
30,05,2025,Spain,Mercadona,Wonton ND+V,Cooked Wonton,309g*12,S,Regular,2520,30240,12.0,
,05,2025,.7-11,ซีพีเอฟ เทรดดิ้ง,Wonton ND,Cooked Wonton,227g*12,SS,MK,894,10728,12.0,
,05,2025,MTFS,ซีพีเอฟ เทรดดิ้ง,Wonton ND,Cooked Wonton,227g*12,SS,MK,1500,18000,12.0,
04,06,2025,Malay,CPM Malaysia,Wonton+TY,Cooked Wonton,115g*24,M,TYTB3C 30G,800,19200,24.0,
04,06,2025,Malay,CPM Malaysia,Wonton,Cooked Wonton,145g*24,M,Regular,1000,24000,24.0,
12,06,2025,AUS,CPF Australia Pty Ltd.,Wonton ND+V,Cooked Wonton,308g*6c*6in,HC,Regular,792,28512,36.0,
23,06,2025,Germany,CPF Distribution (under Paulsen Food),Wonton ND+V,Cooked Wonton,309g*12,S,Regular,2278,27336,12.0,
12,06,2025,AUS,CPF Australia Pty Ltd.,Wonton ND+V+TY,Cooked Wonton,307g*4c*6in,M,TYEXSG+CO,924,22176,24.0,
12,06,2025,New Zealand,Lim Brothers,Minced ND+V+TY,Cooked Wonton,302g*8,BK,TYEXSG+CO,216,1728,8.0,
03,07,2025,New Zealand,Lim Brothers,Minced ND+V+TY,Cooked Wonton,302g*8,BK,TYEXSG+CO,216,1728,8.0,
14,06,2025,AUS,CPF Australia Pty Ltd.,Minced ND+V+TY,Cooked Wonton,302g*8,BK,TYEXSG+CO,400,3200,8.0,
24,07,2025,AUS,CPF Australia Pty Ltd.,Minced ND+V+TY,Cooked Wonton,302g*8,BK,TYEXSG+CO,200,1600,8.0,
24,07,2025,AUS,CPF Australia Pty Ltd.,Minced ND+V+TY,Cooked Wonton,302g*8,BK,TYEXSG+CO,300,2400,8.0,
24,07,2025,AUS,CPF Australia Pty Ltd.,Minced ND+V+TY,Cooked Wonton,302g*8,BK,TYEXSG+CO,250,2000,8.0,
24,07,2025,AUS,CPF Australia Pty Ltd.,Minced ND+V+TY,Cooked Wonton,302g*8,BK,TYEXSG+CO,250,2000,8.0,
21,08,2025,AUS,CPF Australia Pty Ltd.,Minced ND+V+TY,Cooked Wonton,302g*8,BK,TYEXSG+CO,56,448,8.0,
11,06,2025,Japan,CPF JAPAN,Wonton,Cooked Wonton,148g*6c*6in,M,Regular,1288,46368,36.0,
,05,2025,.7-11,ถ้วยขาวพิมพ์กดสีฟ้า,Wonton,Cooked Wonton,130g*24,SS,Regular,1106,26544,24.0,
,06,2025,MTFS,ซีพีเอฟ เทรดดิ้ง,Wonton ND,Cooked Wonton,227g*12,SS,MK,1500,18000,12.0,
,06,2025,.7-11,ซีพีเอฟ เทรดดิ้ง,Wonton ND,Cooked Wonton,227g*12,SS,MK,4500,54000,12.0,
04,06,2025,CAN,Bellisio Foods Canada,Minced ND,Cooked Wonton,258g*12,BK,Regular,2600,31200,12.0,
04,06,2025,CAN,Bellisio Foods Canada,Minced ND,Cooked Wonton,258g*12,BK,Regular,2600,31200,12.0,
,05,2025,.7-11,ถ้วยขาวพิมพ์กดสีฟ้า,Wonton,Cooked Wonton,130g*24,SS,Regular,698,16752,24.0,
,06,2025,MTFS,ซีพีเอฟ เทรดดิ้ง,E+Wonton,Cooked Wonton,145g*12,M,Regular,12,144,12.0,
15,06,2025,Laos,บริษัท ปิก้าเทรดดิ้ง จำกัด,E+Wonton,Cooked Wonton,145g*12,M,Regular,100,1200,12.0,
,06,2025,MTFS,ซีพีเอฟ เทรดดิ้ง,E+Wonton,Cooked Wonton,145g*12,M,Regular,2000,24000,12.0,
,06,2025,MTFS,ซีพีเอฟ เทรดดิ้ง,E+Wonton,Cooked Wonton,90g*3B*6B,M,ซุปซอง 5g.,1200,21600,18.0,
,06,2025,MTFS,ซีพีเอฟ เทรดดิ้ง,E+Minced WT,Cooked Wonton,135g*12,BK,Regular,400,4800,12.0,
10,06,2025,Cambodia,หจก.คิงฟู้ดส์,E+Wonton,Cooked Wonton,145g*24,M,Regular,50,1200,24.0,
15,06,2025,Cambodia,หจก.คิงฟู้ดส์,E+Wonton,Cooked Wonton,145g*24,M,Regular,100,2400,24.0,
,05,2025,.7-11,Seven ถ้วยดำ,E+Wonton,Cooked Wonton,145g*24,M,Regular,22,528,24.0,
,06,2025,.7-11,Seven ถ้วยดำ,E+Wonton,Cooked Wonton,145g*24,M,Regular,4973,119352,24.0,
,06,2025,MTFS,ซีพีเอฟ เทรดดิ้ง,E+Wonton NDE,Cooked Wonton,226g*12,M,Regular,400,4800,12.0,
17,06,2025,UK,Westbridge Foods Limited (One UK),Wonton,Cooked Wonton,148g*6c*6in,HC,Regular,1288,46368,36.0,
10,06,2025,SG,CPI SINGAPORE,Minced ND+หมาล่า,Cooked Wonton,300g*24,BK,หมาล่า,420,10080,24.0,
24,07,2025,AUS,CPF Australia Pty Ltd.,Minced ND+หมาล่า,Cooked Wonton,300g*8,BK,หมาล่า,300,2400,8.0,
24,07,2025,AUS,CPF Australia Pty Ltd.,Minced ND+หมาล่า,Cooked Wonton,300g*8,BK,หมาล่า,150,1200,8.0,
24,07,2025,AUS,CPF Australia Pty Ltd.,Minced ND+หมาล่า,Cooked Wonton,300g*8,BK,หมาล่า,150,1200,8.0,
24,07,2025,AUS,CPF Australia Pty Ltd.,Minced ND+หมาล่า,Cooked Wonton,300g*8,BK,หมาล่า,150,1200,8.0,
21,08,2025,AUS,CPF Australia Pty Ltd.,Minced ND+หมาล่า,Cooked Wonton,300g*8,BK,หมาล่า,707,5656,8.0,
24,06,2025,Malay,CPM Malaysia,E+Wonton+หมาล่า,Cooked Wonton,143g*24,SS,หมาล่า,2100,50400,24.0,
,06,2025,MTFS,ซีพีเอฟ เทรดดิ้ง,R-Wonton no egg,Raw Wonton,220g*12in,SS,,400,4800,12.0,
09,06,2025,Korea,Consumer Package Commerce,R-Wonton egg past,Raw Wonton,154g*40in,S,ซุปซอง 5g.,578,23120,40.0,
09,06,2025,Korea,Consumer Package Commerce,R-Wonton egg past,Raw Wonton,630g*10inner,S,ซุปซอง 5g.,698,6980,10.0,
09,06,2025,Korea,Consumer Package Commerce,R-Wonton egg past,Raw Wonton,154g*40in,S,ซุปซอง 5g.,581,23240,40.0,
09,06,2025,Korea,Consumer Package Commerce,R-Wonton egg past,Raw Wonton,630g*10inner,S,ซุปซอง 5g.,720,7200,10.0,
09,06,2025,Korea,Consumer Package Commerce,R-Wonton egg past,Raw Wonton,154g*40in,S,ซุปซอง 5g.,465,18600,40.0,
09,06,2025,Korea,Consumer Package Commerce,R-Wonton egg past,Raw Wonton,630g*10inner,S,ซุปซอง 5g.,638,6380,10.0,
16,06,2025,SG,CPI SINGAPORE,R-Wonton egg past,Raw Wonton,204g*20in,S,sesame 30g,128,2560,20.0,
,06,2025,MTFS,ซีพีเอฟ เทรดดิ้ง,Wonton ND,Cooked Wonton,227g*12,SS,MK,3000,36000,12.0,
,06,2025,.7-11,ซีพีเอฟ เทรดดิ้ง,Wonton ND,Cooked Wonton,227g*12,SS,MK,9000,108000,12.0,
10,06,2025,UK,Westbridge Foods Limited (One UK),Minced ND,Cooked Wonton,258g*4c*6in,BK,Regular,1176,28224,24.0,
10,06,2025,CAN,Bellisio Foods Canada,Minced ND,Cooked Wonton,258g*12,BK,Regular,2600,31200,12.0,
19,06,2025,AUS,CPF Australia Pty Ltd.,Wonton ND+V,Cooked Wonton,308g*6c*6in,HC,Regular,792,28512,36.0,
19,06,2025,AUS,CPF Australia Pty Ltd.,Wonton ND+V,Cooked Wonton,308g*6c*6in,HC,Regular,114,4104,36.0,
23,06,2025,Denmark,CPF DENMARK,Wonton ND+V+TY,Cooked Wonton,309g*8,M,TYANSSG+CM,3500,28000,8.0,
12,06,2025,New Zealand,Lim Brothers,C-Minced WT in tray no egg,Cooked Wonton,117*2tray*8in,BK,Sesame 15g,144,2304,16.0,
03,07,2025,New Zealand,Lim Brothers,C-Minced WT in tray no egg,Cooked Wonton,117*2tray*8in,BK,Sesame 15g,216,3456,16.0,
14,06,2025,AUS,CPF Australia Pty Ltd.,Minced ND+Kee Mao,Cooked Wonton,219g*8,BK,Kee Mao 50G.,120,960,8.0,
24,07,2025,AUS,CPF Australia Pty Ltd.,Minced ND+Kee Mao,Cooked Wonton,219g*8,BK,Kee Mao 50G.,150,1200,8.0,
24,07,2025,AUS,CPF Australia Pty Ltd.,Minced ND+Kee Mao,Cooked Wonton,219g*8,BK,Kee Mao 50G.,150,1200,8.0,
24,07,2025,AUS,CPF Australia Pty Ltd.,Minced ND+Kee Mao,Cooked Wonton,219g*8,BK,Kee Mao 50G.,150,1200,8.0,
21,08,2025,AUS,CPF Australia Pty Ltd.,Minced ND+Kee Mao,Cooked Wonton,219g*8,BK,Kee Mao 50G.,887,7096,8.0,
12,06,2025,New Zealand,Lim Brothers,Wonton ND+V,Cooked Wonton,305g*8,HC,Regular,570,4560,8.0,
14,06,2025,AUS,CPF Australia Pty Ltd.,Wonton ND+V,Cooked Wonton,305g*8,HC,Regular,635,5080,8.0,
24,07,2025,AUS,CPF Australia Pty Ltd.,Wonton ND+V,Cooked Wonton,305g*8,HC,Regular,450,3600,8.0,
24,07,2025,AUS,CPF Australia Pty Ltd.,Wonton ND+V,Cooked Wonton,305g*8,HC,Regular,389.75,3118,8.0,
12,06,2025,New Zealand,Lim Brothers,Minced ND+V+TK,Cooked Wonton,302g*8,BK,Tomkha+CM,378,3024,8.0,
03,07,2025,New Zealand,Lim Brothers,Minced ND+V+TK,Cooked Wonton,302g*8,BK,Tomkha+CM,550,4400,8.0,
14,06,2025,AUS,CPF Australia Pty Ltd.,Minced ND+V+TK,Cooked Wonton,302g*8,BK,Tomkha+CM,300,2400,8.0,
24,07,2025,AUS,CPF Australia Pty Ltd.,Minced ND+V+TK,Cooked Wonton,302g*8,BK,Tomkha+CM,200,1600,8.0,
24,07,2025,AUS,CPF Australia Pty Ltd.,Minced ND+V+TK,Cooked Wonton,302g*8,BK,Tomkha+CM,200,1600,8.0,
24,07,2025,AUS,CPF Australia Pty Ltd.,Minced ND+V+TK,Cooked Wonton,302g*8,BK,Tomkha+CM,200,1600,8.0,
21,08,2025,AUS,CPF Australia Pty Ltd.,Minced ND+V+TK,Cooked Wonton,302g*8,BK,Tomkha+CM,556,4448,8.0,
23,06,2025,Germany,CPF Distribution (under Paulsen Food),Minced ND+V+TK,Cooked Wonton,302g*12,BK,Tomkha+CM,2278,27336,12.0,
14,06,2025,China,"Sam's (Shanghai) Investment Co., Ltd.",R-Wonton no egg,Raw Wonton,750g*8in,S,ซุปซอง 5g.,1408,11264,8.0,
16,06,2025,SG,CPI SINGAPORE,R-Wonton egg past,Raw Wonton,204g*20in,S,sesame 30g,234,4680,20.0,
16,06,2025,China,"Sam's (Shanghai) Investment Co., Ltd.",R-Wonton no egg,Raw Wonton,750g*8in,S,ซุปซอง 5g.,781,6248,8.0,
24,06,2025,Belgium,CPF EUROPE S.A.,Wonton +V,Cooked Wonton,145g*8,HC,Regular,1200,9600,8.0,
19,06,2025,AUS,CPF Australia Pty Ltd.,Wonton ND+V,Cooked Wonton,308g*6c*6in,HC,Regular,678,24408,36.0,
03,07,2025,New Zealand,Lim Brothers,Wonton ND+V,Cooked Wonton,305g*8,HC,Regular,485,3880,8.0,
24,06,2025,Belgium,CPF EUROPE S.A.,Wonton ND+V,Cooked Wonton,309g*8,HC,Regular,720,5760,8.0,
26,06,2025,Spain,Mercadona,Wonton ND+V,Cooked Wonton,309g*12,S,Regular,2451,29412,12.0,
16,06,2025,China,"Sam's (Shanghai) Investment Co., Ltd.",R-Wonton no egg,Raw Wonton,750g*8in,S,ซุปซอง 5g.,627,5016,8.0,
,06,2025,.7-11,ถ้วยใหม่,Wonton,Cooked Wonton,130g*24,SS,Regular,2197,52728,24.0,
,06,2025,.7-11,ซีพีเอฟ เทรดดิ้ง,Wonton ND,Cooked Wonton,227g*12,SS,MK,12000,144000,12.0,
,06,2025,.7-11,ถ้วยใหม่,Wonton,Cooked Wonton,130g*24,SS,Regular,6669,160056,24.0,
16,06,2025,SG,CPI SINGAPORE,R-Wonton egg past,Raw Wonton,204g*20in,S,sesame 30g,838,16760,20.0,
26,06,2025,AUS,CPF Australia Pty Ltd.,Wonton ND+V,Cooked Wonton,308g*6c*6in,HC,Regular,792,28512,36.0,
26,06,2025,AUS,CPF Australia Pty Ltd.,Wonton ND+V,Cooked Wonton,308g*6c*6in,HC,Regular,792,28512,36.0,
26,06,2025,AUS,CPF Australia Pty Ltd.,Wonton ND+V,Cooked Wonton,308g*6c*6in,HC,Regular,792,28512,36.0,
24,06,2025,China,"Sam's (Shanghai) Investment Co., Ltd.",R-Wonton no egg,Raw Wonton,750g*8in,S,ซุปซอง 5g.,737,5896,8.0,
,06,2025,.7-11,ถ้วยใหม่,Wonton,Cooked Wonton,130g*24,SS,Regular,1997,47928,24.0,
23,06,2025,Denmark,CPF DENMARK,Minced ND+V+TK,Cooked Wonton,302g*8,BK,Tomkha+CM,3500,28000,8.0,
24,06,2025,China,"Sam's (Shanghai) Investment Co., Ltd.",R-Wonton no egg,Raw Wonton,750g*8in,S,ซุปซอง 5g.,671,5368,8.0,
24,06,2025,UK,Westbridge Foods Limited (One UK),Wonton+TY,Cooked Wonton,147g*8,M,TYEXSG+CO,2574,20592,8.0,
26,06,2025,AUS,CPF Australia Pty Ltd.,Wonton ND+V+TY,Cooked Wonton,307g*4c*6in,M,TYEXSG+CO,924,22176,24.0,
23,06,2025,Germany,CPF Distribution (under Paulsen Food),Minced ND+V+TY,Cooked Wonton,302g*12,BK,TYEXSG+CO,2278,27336,12.0,
24,07,2025,New Zealand,Lim Brothers,Minced ND+V+TY,Cooked Wonton,302g*8,BK,TYEXSG+CO,190,1520,8.0,
27,06,2025,China,"Sam's (Shanghai) Investment Co., Ltd.",R-Wonton no egg,Raw Wonton,750g*8in,S,ซุปซอง 5g.,760,6080,8.0,
26,06,2025,Spain,Mercadona,Wonton ND+V,Cooked Wonton,309g*12,S,Regular,69,828,12.0,
03,07,2025,AUS,CPF Australia Pty Ltd.,Wonton ND+V,Cooked Wonton,308g*6c*6in,HC,Regular,792,28512,36.0,
24,06,2025,UK,Westbridge Foods Limited,Wonton ND+V+TY,Cooked Wonton,307g*4c*6in,M,TYEXSG+CO,924,22176,24.0,
24,06,2025,UK,Westbridge Foods Limited,Wonton ND+V+TY,Cooked Wonton,307g*4c*6in,M,TYEXSG+CO,924,22176,24.0,
27,06,2025,China,"Sam's (Shanghai) Investment Co., Ltd.",R-Wonton no egg,Raw Wonton,750g*8in,S,ซุปซอง 5g.,648,5184,8.0,
23,06,2025,CAN,Bellisio Foods Canada,Wonton ND+BC,Cooked Wonton,308g*6c*6in,HC,Y3,792,28512,36.0,
23,06,2025,CAN,Bellisio Foods Canada,Wonton ND+BC,Cooked Wonton,308g*6c*6in,HC,Y3,792,28512,36.0,
23,06,2025,CAN,Bellisio Foods Canada,Wonton ND+BC,Cooked Wonton,308g*6c*6in,HC,Y3,562,20232,36.0,
24,06,2025,Belgium,CPF EUROPE S.A.,R-Wonton no egg,Raw Wonton,630g*10inner,M,ซุปซอง 5g.,500,5000,10.0,
08,07,2025,Malay,CPM Malaysia,R-Wonton egg past,Raw Wonton,154g*20inner,S,ซุปซอง 5g.,350,7000,20.0,
,06,2025,.7-11,ถ้วยใหม่,Wonton,Cooked Wonton,130g*24,SS,Regular,868,20832,24.0,
,06,2025,.7-11,ซีพีเอฟ เทรดดิ้ง,Wonton ND,Cooked Wonton,227g*12,SS,MK,3000,36000,12.0,
,07,2025,.7-11,ซีพีเอฟ เทรดดิ้ง,Wonton ND,Cooked Wonton,227g*12,SS,MK,1621,19452,12.0,
30,06,2025,China,"Sam's (Shanghai) Investment Co., Ltd.",R-Wonton no egg,Raw Wonton,750g*8in,S,ซุปซอง 5g.,828,6624,8.0,
24,06,2025,UK,Westbridge Foods Limited (One UK),Minced ND+Kee Mao,Cooked Wonton,300g*6,BK,Kee Mao,4000,24000,6.0,
24,07,2025,New Zealand,Lim Brothers,Minced ND+Kee Mao,Cooked Wonton,219g*8,BK,Kee Mao 50G.,375,3000,8.0,
30,06,2025,China,"Sam's (Shanghai) Investment Co., Ltd.",R-Wonton no egg,Raw Wonton,750g*8in,S,ซุปซอง 5g.,580,4640,8.0,
23,06,2025,CAN,Bellisio Foods Canada,Wonton ND+BC,Cooked Wonton,308g*6c*6in,HC,Y3,230,8280,36.0,
23,06,2025,CAN,Bellisio Foods Canada,Wonton ND+BC,Cooked Wonton,308g*6c*6in,HC,Y3,792,28512,36.0,
23,06,2025,CAN,Bellisio Foods Canada,Wonton ND+BC,Cooked Wonton,308g*6c*6in,HC,Y3,792,28512,36.0,
30,06,2025,CAN,Bellisio Foods Canada,Wonton ND+BC,Cooked Wonton,308g*6c*6in,HC,Y3,24,864,36.0,
01,07,2025,Denmark,CPF DENMARK,Wonton ND+V+TY,Cooked Wonton,309g*8,M,TYANSSG+CM,3500,28000,8.0,
,06,2025,.7-11,ถ้วยใหม่,Wonton,Cooked Wonton,130g*24,SS,Regular,769,18456,24.0,
,07,2025,.7-11,ถ้วยใหม่,Wonton,Cooked Wonton,130g*24,SS,Regular,2211,53064,24.0,
,07,2025,MTFS,ซีพีเอฟ เทรดดิ้ง,E+Minced WT,Cooked Wonton,135g*12,BK,Regular,450,5400,12.0,
,07,2025,MTFS,ซีพีเอฟ เทรดดิ้ง,E+Wonton,Cooked Wonton,145g*12,M,Regular,12,144,12.0,
,07,2025,MTFS,ซีพีเอฟ เทรดดิ้ง,E+Wonton,Cooked Wonton,145g*12,M,Regular,2000,24000,12.0,
,06,2025,MTFS,ซีพีเอฟ เทรดดิ้ง,E+Wonton TY,Cooked Wonton,115g*12,M,TYTB3C 30G,700,8400,12.0,
,07,2025,MTFS,ซีพีเอฟ เทรดดิ้ง,E+Wonton,Cooked Wonton,90g*3B*6B,M,ซุปซอง 5g.,790,14220,18.0,
,06,2025,MTFS,ซีพีเอฟ เทรดดิ้ง,E+Wonton NDE,Cooked Wonton,226g*12,M,Regular,500,6000,12.0,
,07,2025,MTFS,ซีพีเอฟ เทรดดิ้ง,E+Wonton NDE,Cooked Wonton,226g*12,M,Regular,1200,14400,12.0,
,07,2025,MTFS,ซีพีเอฟ เทรดดิ้ง,E+Wonton,Cooked Wonton,90g*3B*6B,M,ซุปซอง 5g.,1910,34380,18.0,
,06,2025,.7-11,Seven ถ้วยดำ,E+Wonton,Cooked Wonton,145g*24,M,Regular,2527,60648,24.0,
,07,2025,.7-11,Seven ถ้วยดำ,E+Wonton,Cooked Wonton,145g*24,M,Regular,1696,40704,24.0,
,06,2025,.7-11,ซีพีเอฟ เทรดดิ้ง,E+Wonton+หมาล่า,Cooked Wonton,143g*24,SS,หมาล่า,3750,90000,24.0,
,07,2025,.7-11,ซีพีเอฟ เทรดดิ้ง,E+Wonton+หมาล่า,Cooked Wonton,143g*24,SS,หมาล่า,2115,50760,24.0,
,07,2025,.7-11,ถ้วยใหม่,Wonton,Cooked Wonton,130g*24,SS,Regular,1280,30720,24.0,
30,06,2025,CAN,Bellisio Foods Canada,Wonton ND+BC,Cooked Wonton,308g*6c*6in,HC,Y3,768,27648,36.0,
01,07,2025,CAN,Bellisio Foods Canada,Wonton ND+BC,Cooked Wonton,308g*6c*6in,HC,Y3,792,28512,36.0,
07,07,2025,CAN,Bellisio Foods Canada,Wonton ND+BC,Cooked Wonton,308g*6c*6in,HC,Y3,792,28512,36.0,
15,07,2025,CAN,Bellisio Foods Canada,Wonton ND+BC,Cooked Wonton,308g*6c*6in,HC,Y3,792,28512,36.0,
10,07,2025,AUS,CPF Australia Pty Ltd.,Wonton ND+V,Cooked Wonton,308g*6c*6in,HC,Regular,792,28512,36.0,
10,07,2025,AUS,CPF Australia Pty Ltd.,Wonton ND+V,Cooked Wonton,308g*6c*6in,HC,Regular,792,28512,36.0,
17,07,2025,AUS,CPF Australia Pty Ltd.,Wonton ND+V,Cooked Wonton,308g*6c*6in,HC,Regular,792,28512,36.0,
24,07,2025,New Zealand,Lim Brothers,Wonton ND+V,Cooked Wonton,305g*8,HC,Regular,390,3120,8.0,
24,07,2025,AUS,CPF Australia Pty Ltd.,Wonton ND+V,Cooked Wonton,305g*8,HC,Regular,60.25,482,8.0,
24,07,2025,AUS,CPF Australia Pty Ltd.,Wonton ND+V,Cooked Wonton,305g*8,HC,Regular,500,4000,8.0,
24,07,2025,AUS,CPF Australia Pty Ltd.,Wonton ND+V,Cooked Wonton,305g*8,HC,Regular,500,4000,8.0,
21,08,2025,AUS,CPF Australia Pty Ltd.,Wonton ND+V,Cooked Wonton,305g*8,HC,Regular,200,1600,8.0,
02,07,2025,Denmark,CPF DENMARK,Minced ND+V+TK,Cooked Wonton,302g*8,BK,Tomkha+CM,3500,28000,8.0,
24,07,2025,New Zealand,Lim Brothers,Minced ND+V+TK,Cooked Wonton,302g*8,BK,Tomkha+CM,500,4000,8.0,
08,07,2025,Malay,CPM Malaysia,Wonton+TY,Cooked Wonton,115g*24,M,TYTB3C 30G,900,21600,24.0,
08,07,2025,Malay,CPM Malaysia,Wonton,Cooked Wonton,145g*24,M,Regular,900,21600,24.0,
04,07,2025,Japan,CPF JAPAN,Wonton,Cooked Wonton,148g*6c*6in,M,Regular,1288,46368,36.0,
,07,2025,.7-11,ถ้วยใหม่,Wonton,Cooked Wonton,130g*24,SS,Regular,2323,55752,24.0,
,07,2025,.7-11,ถ้วยใหม่,Wonton,Cooked Wonton,130g*24,SS,Regular,1817,43608,24.0,
,07,2025,MTFS,ซีพีเอฟ เทรดดิ้ง,E+Wonton TY,Cooked Wonton,115g*12,M,TYTB3C 30G,536,6432,12.0,
,07,2025,.7-11,Seven ถ้วยดำ,E+Wonton,Cooked Wonton,145g*24,M,Regular,4110,98640,24.0,
,07,2025,.7-11,Seven ถ้วยดำ,E+Wonton,Cooked Wonton,145g*24,M,Regular,4194,100656,24.0,
,08,2025,.7-11,Seven ถ้วยดำ,E+Wonton,Cooked Wonton,145g*24,M,Regular,128,3072,24.0,
,07,2025,.7-11,ซีพีเอฟ เทรดดิ้ง,E+Wonton+หมาล่า,Cooked Wonton,143g*24,SS,หมาล่า,1735,41640,24.0,
24,07,2025,AUS,CPF Australia Pty Ltd.,C-Minced WT in tray no egg,Cooked Wonton,117*2tray*8in,BK,Sesame 15g,600,9600,16.0,
24,07,2025,AUS,CPF Australia Pty Ltd.,C-Minced WT in tray no egg,Cooked Wonton,117*2tray*8in,BK,Sesame 15g,250,4000,16.0,
24,07,2025,AUS,CPF Australia Pty Ltd.,C-Minced WT in tray no egg,Cooked Wonton,117*2tray*8in,BK,Sesame 15g,250,4000,16.0,
24,07,2025,AUS,CPF Australia Pty Ltd.,C-Minced WT in tray no egg,Cooked Wonton,117*2tray*8in,BK,Sesame 15g,250,4000,16.0,
15,07,2025,SG,CPI SINGAPORE,Wonton +TY,Cooked Wonton,115g*24,M,TYTB3C 30G,500,12000,24.0,
15,07,2025,SG,CPI SINGAPORE,Wonton,Cooked Wonton,145g*24,M,Regular,500,12000,24.0,
24,07,2025,Spain,Mercadona,Wonton ND+V,Cooked Wonton,309g*12,S,Regular,2520,30240,12.0,
15,07,2025,SG,CPI Singapore,Wonton ND+V,Cooked Wonton,219g*24,HC,ซุปซอง 10g.,500,12000,24.0,
31,07,2025,AUS,CPF Australia Pty Ltd.,Wonton ND+V+TY,Cooked Wonton,307g*4c*6in,M,TYEXSG+CO,924,22176,24.0,
,07,2025,MTFS,ซีพีเอฟ เทรดดิ้ง,R-Wonton no egg,Raw Wonton,220g*12in,SS,,500,6000,12.0,
15,07,2025,SG,CPI SINGAPORE,R-Minced egg past,Raw Wonton,90g*18in,BK,ซุปซอง 5g.,600,10800,18.0,
15,07,2025,SG,CPI SINGAPORE,R-Wonton egg past,Raw Wonton,126g*18in,S,TYTB3C 30G,500,9000,18.0,
,07,2025,.7-11,ถ้วยใหม่,Wonton,Cooked Wonton,130g*24,SS,Regular,2755,66120,24.0,
07,07,2025,Denmark,CPF DENMARK,Minced ND+V+TY,Cooked Wonton,302g*12,BK,TYEXSG+CO,2520,30240,12.0,
15,07,2025,SG,CPI SINGAPORE,R-Wonton egg past,Raw Wonton,154g*20in,S,ซุปซอง 5g.,1000,20000,20.0,
,07,2025,.7-11,ถ้วยใหม่,Wonton,Cooked Wonton,130g*24,SS,Regular,2114,50736,24.0,
31,07,2025,AUS,CPF Australia Pty Ltd.,Wonton ND+V,Cooked Wonton,308g*6c*6in,HC,Regular,792,28512,36.0,
16,08,2025,HK,CPM Hongkong,R-Minced egg past,Raw Wonton,90g*18in,BK,ซุปซอง 5g.,300,5400,18.0,
16,08,2025,HK,CPM Hongkong,R-Wonton egg past,Raw Wonton,101g*18in,S,ซุปซอง 5g.,1600,28800,18.0,
13,08,2025,UK,Westbridge Foods Limited (One UK),Wonton+TY,Cooked Wonton,147g*8,M,TYEXSG+CO,5148,41184,8.0,
05,08,2025,China,"Charoen Pokphand Import&Export Trading (Shanghai) Co., Ltd",Minced ND+BC+TY,Cooked Wonton,302g*2c*8in,BK,TYEXSG+CO,370,5920,16.0,
13,08,2025,Denmark,CPF DENMARK,Minced ND+V+TY,Cooked Wonton,302g*12,BK,TYEXSG+CO,2520,30240,12.0,
11,08,2025,Japan,CPF JAPAN,Wonton,Cooked Wonton,148g*6c*6in,M,Regular,1288,46368,36.0,
05,08,2025,China,"Charoen Pokphand Import&Export Trading (Shanghai) Co., Ltd",Wonton ND+BC,Cooked Wonton,305g*2c*8in,S,Regular,300,4800,16.0,
14,08,2025,AUS,CPF Australia Pty Ltd.,Wonton ND+V,Cooked Wonton,308g*6c*6in,HC,Regular,792,28512,36.0,
14,08,2025,AUS,CPF Australia Pty Ltd.,Wonton ND+V,Cooked Wonton,308g*6c*6in,HC,Regular,792,28512,36.0,
13,08,2025,Denmark,CPF DENMARK,Wonton ND+V+TY,Cooked Wonton,309g*8,M,TYANSSG+CM,3500,28000,8.0,
19,08,2025,Malay,CPM Malaysia,Wonton+TY,Cooked Wonton,115g*24,M,TYTB3C 30G,1250,30000,24.0,
19,08,2025,Malay,CPM Malaysia,Wonton,Cooked Wonton,145g*24,M,Regular,900,21600,24.0,
19,08,2025,UK,Westbridge Foods Limited,Minced ND+V+TY,Cooked Wonton,258g*4c*6in,BK,TYEXSG+CO,1176,28224,24.0,
19,08,2025,Netherlands,Westbridge Foods Limited,Wonton ND+V+TY,Cooked Wonton,307g*4c*6in,M,TYEXSG+CO,645,15480,24.0,
19,08,2025,UK,Westbridge Foods Limited (One UK),Minced ND+Kee Mao,Cooked Wonton,300g*6,BK,Kee Mao,1319,7914,6.0,
19,08,2025,Korea,Emart,Wonton ND,Cooked Wonton,239g*6c*6in,M,Regular,874,31464,36.0,
14,08,2025,Japan,CPF JAPAN,Wonton,Cooked Wonton,148g*6c*6in,M,Regular,1288,46368,36.0,
14,08,2025,Japan,CPF JAPAN,Wonton,Cooked Wonton,148g*6c*6in,M,Regular,1288,46368,36.0,
19,08,2025,UK,Westbridge Foods Limited (One UK),Minced ND+Kee Mao,Cooked Wonton,300g*6,BK,Kee Mao,1522,9132,6.0,
19,08,2025,Netherlands,Westbridge Foods Limited (One UK),Wonton,Cooked Wonton,148g*6c*6in,HC,Regular,385,13860,36.0,
,08,2025,.7-11,ถ้วยใหม่,Wonton,Cooked Wonton,130g*24,SS,Regular,2687,64488,24.0,
19,08,2025,UK,Westbridge Foods Limited,Minced ND+V+TK,Cooked Wonton,258g*4c*6in,BK,Tomkha1+CM,1176,28224,24.0,
19,08,2025,UK,Westbridge Foods Limited (One UK),Minced ND+Kee Mao,Cooked Wonton,300g*6,BK,Kee Mao,1232,7392,6.0,
21,08,2025,AUS,CPF Australia Pty Ltd.,Wonton ND+V,Cooked Wonton,308g*6c*6in,HC,Regular,792,28512,36.0,
21,08,2025,AUS,CPF Australia Pty Ltd.,Wonton ND+V,Cooked Wonton,308g*6c*6in,HC,Regular,792,28512,36.0,
18,08,2025,Spain,Mercadona,Wonton ND+V,Cooked Wonton,309g*12,S,Regular,2520,30240,12.0,
19,08,2025,UK,Westbridge Foods Limited (One UK),Minced ND+Kee Mao,Cooked Wonton,300g*6,BK,Kee Mao,1467,8802,6.0,
,08,2025,.7-11,ถ้วยใหม่,Wonton,Cooked Wonton,130g*24,SS,Regular,2502,60048,24.0,
18,08,2025,SG,CPI SINGAPORE,Wonton,Cooked Wonton,145g*24,M,Regular,250,6000,24.0,
18,08,2025,SG,CPI SINGAPORE,Wonton +TY,Cooked Wonton,115g*24,M,TYTB3C 30G,250,6000,24.0,
19,08,2025,UK,Westbridge Foods Limited (One UK),Minced ND+Kee Mao,Cooked Wonton,300g*6,BK,Kee Mao,2460,14760,6.0,
,08,2025,MTFS,ซีพีเอฟ เทรดดิ้ง,E+Wonton NDE,Cooked Wonton,226g*12,M,Regular,500,6000,12.0,
,08,2025,MTFS,ซีพีเอฟ เทรดดิ้ง,E+Minced NDE,Cooked Wonton,191g*12,BK,Regular,200,2400,12.0,
,08,2025,MTFS,ซีพีเอฟ เทรดดิ้ง,E+Minced WT,Cooked Wonton,135g*12,BK,Regular,350,4200,12.0,
,08,2025,MTFS,ซีพีเอฟ เทรดดิ้ง,E+Minced WT,Cooked Wonton,135g*12,BK,Regular,150,1800,12.0,
,08,2025,MTFS,ซีพีเอฟ เทรดดิ้ง,E+Wonton,Cooked Wonton,90g*3B*6B,M,ซุปซอง 5g.,1200,21600,18.0,
,08,2025,.7-11,Seven ถ้วยดำ,E+Wonton,Cooked Wonton,145g*24,M,Regular,6122,146928,24.0,
18,08,2025,SG,CPI SINGAPORE,R-Wonton egg past,Raw Wonton,154g*20in,S,ซุปซอง 5g.,1000,20000,20.0,
21,08,2025,AUS,CPF Australia Pty Ltd.,C-Minced WT in tray no egg,Cooked Wonton,117*2tray*8in,BK,Sesame 15g,750,12000,16.0,
11,09,2025,New Zealand,Lim Brothers,C-Minced WT in tray no egg,Cooked Wonton,117*2tray*8in,BK,Sesame 15g,500,8000,16.0,
18,08,2025,SG,CPI Singapore,Wonton ND+V,Cooked Wonton,219g*24,HC,ซุปซอง 10g.,250,6000,24.0,
20,08,2025,CAN,Bellisio Foods Canada,Minced ND,Cooked Wonton,258g*12,BK,Regular,2600,31200,12.0,
20,08,2025,Taiwan,CP TAIWAN,R-Wonton no egg,Raw Wonton,154g*40inner,M,ซุปซอง 5g.,561,22440,40.0,
,08,2025,.7-11,ถ้วยใหม่,Wonton,Cooked Wonton,130g*24,SS,Regular,3790,90960,24.0,
20,08,2025,Taiwan,CP TAIWAN,R-Wonton no egg,Raw Wonton,154g*40inner,M,ซุปซอง 5g.,560,22400,40.0,
26,08,2025,UK,Westbridge Foods Limited (One UK),Wonton,Cooked Wonton,148g*6c*6in,HC,Regular,1288,46368,36.0,
26,08,2025,Denmark,CPF DENMARK,Minced ND+V+TK,Cooked Wonton,302g*8,BK,Tomkha+CM,3500,28000,8.0,
11,09,2025,New Zealand,Lim Brothers,Minced ND+V+TK,Cooked Wonton,302g*8,BK,Tomkha+CM,550,4400,8.0,
20,08,2025,Taiwan,CP TAIWAN,R-Wonton no egg,Raw Wonton,154g*40inner,M,ซุปซอง 5g.,503,20120,40.0,
26,08,2025,UK,Westbridge Foods Limited (One UK),Wonton,Cooked Wonton,148g*6c*6in,HC,Regular,1288,46368,36.0,
26,08,2025,UK,Westbridge Foods Limited (One UK),Wonton,Cooked Wonton,148g*6c*6in,HC,Regular,1288,46368,36.0,
02,09,2025,Belgium,CPF EUROPE S.A.,R-Wonton no egg,Raw Wonton,630g*10inner,M,ซุปซอง 5g.,525,5250,10.0,
04,09,2025,AUS,CPF Australia Pty Ltd.,Wonton ND+V,Cooked Wonton,308g*6c*6in,HC,Regular,792,28512,36.0,
04,09,2025,AUS,CPF Australia Pty Ltd.,Wonton ND+V,Cooked Wonton,308g*6c*6in,HC,Regular,792,28512,36.0,
04,09,2025,AUS,CPF Australia Pty Ltd.,Wonton ND+V+TY,Cooked Wonton,307g*4c*6in,M,TYEXSG+CO,924,22176,24.0,
11,09,2025,New Zealand,Lim Brothers,Minced ND+V+TY,Cooked Wonton,302g*8,BK,TYEXSG+CO,650,5200,8.0,
28,08,2025,Korea,Consumer Package Commerce,R-Wonton egg past,Raw Wonton,154g*40in,S,ซุปซอง 5g.,583,23320,40.0,
,08,2025,.7-11,ถ้วยใหม่,Wonton,Cooked Wonton,130g*24,SS,Regular,999,23976,24.0,
02,09,2025,UK,Food Fellas,Wonton,Cooked Wonton,145g*8,HC,Regular,1900,19800,10.421052631578947,
02,09,2025,Belgium,CPF EUROPE S.A.,Wonton +V,Cooked Wonton,145g*8,HC,Regular,3000,24000,8.0,
28,08,2025,Korea,Consumer Package Commerce,R-Wonton egg past,Raw Wonton,154g*40in,S,ซุปซอง 5g.,588,23520,40.0,
11,09,2025,New Zealand,Lim Brothers,Minced ND+Kee Mao,Cooked Wonton,242g*8,BK,Kee Mao,350,2800,8.0,
08,09,2025,CAN,Bellisio Foods Canada,Minced ND,Cooked Wonton,258g*12,BK,Regular,2600,31200,12.0,
02,09,2025,UK,Food Fellas,Wonton ND,Cooked Wonton,258g*8,HC,Regular,1700,13600,8.0,
11,09,2025,New Zealand,Lim Brothers,Wonton ND+V,Cooked Wonton,305g*8,HC,Regular,1450,11600,8.0,
28,08,2025,Korea,Consumer Package Commerce,R-Wonton egg past,Raw Wonton,630g*10inner,S,ซุปซอง 5g.,715,7150,10.0,
,09,2025,MTFS,ซีพีเอฟ เทรดดิ้ง,E+Wonton NDE,Cooked Wonton,226g*12,M,Regular,500,6000,12.0,
,09,2025,MTFS,ซีพีเอฟ เทรดดิ้ง,E+Wonton NDE,Cooked Wonton,226g*12,M,Regular,200,2400,12.0,
,09,2025,MTFS,ซีพีเอฟ เทรดดิ้ง,E+Minced WT,Cooked Wonton,135g*12,BK,Regular,350,4200,12.0,
,09,2025,MTFS,ซีพีเอฟ เทรดดิ้ง,E+Minced WT,Cooked Wonton,135g*12,BK,Regular,50,600,12.0,
,09,2025,MTFS,ซีพีเอฟ เทรดดิ้ง,E+Minced WT,Cooked Wonton,135g*12,BK,Regular,400,4800,12.0,
,09,2025,MTFS,ซีพีเอฟ เทรดดิ้ง,E+Wonton,Cooked Wonton,145g*12,M,Regular,12,144,12.0,
,09,2025,MTFS,ซีพีเอฟ เทรดดิ้ง,E+Wonton,Cooked Wonton,145g*12,M,Regular,1250,15000,12.0,
,09,2025,MTFS,ซีพีเอฟ เทรดดิ้ง,E+Wonton,Cooked Wonton,90g*3B*6B,M,ซุปซอง 5g.,1200,21600,18.0,
,09,2025,.7-11,Seven ถ้วยดำ,E+Wonton,Cooked Wonton,145g*24,M,Regular,1037,24888,24.0,
28,08,2025,Korea,Consumer Package Commerce,R-Wonton egg past,Raw Wonton,154g*40in,S,ซุปซอง 5g.,453,18120,40.0,
28,08,2025,Korea,Consumer Package Commerce,R-Wonton egg past,Raw Wonton,630g*10inner,S,ซุปซอง 5g.,101,1010,10.0,
,09,2025,.7-11,Seven ถ้วยดำ,E+Wonton,Cooked Wonton,145g*24,M,Regular,3507,84168,24.0,
,09,2025,MTFS,ซีพีเอฟ เทรดดิ้ง,R-Wonton no egg,Raw Wonton,220g*12in,SS,,500,6000,12.0,
,09,2025,MTFS,ซีพีเอฟ เทรดดิ้ง,R-Wonton no egg,Raw Wonton,220g*12in,SS,,500,6000,12.0,
,09,2025,MTFS,ซีพีเอฟ เทรดดิ้ง,R-Wonton no egg,Raw Wonton,220g*12in,SS,,200,2400,12.0,
,09,2025,.7-11,Seven ถ้วยดำ,E+Wonton,Cooked Wonton,145g*24,M,Regular,2956,70944,24.0,
,10,2025,.7-11,Seven ถ้วยดำ,E+Wonton,Cooked Wonton,145g*24,M,Regular,334,8016,24.0,
,09,2025,MTFS,ซีพีเอฟ เทรดดิ้ง,E+Wonton TY,Cooked Wonton,115g*12,M,TYTB3C 30G,250,3000,12.0,
28,08,2025,Korea,Consumer Package Commerce,R-Wonton egg past,Raw Wonton,630g*10inner,S,ซุปซอง 5g.,731,7310,10.0,
27,08,2025,CAN,Bellisio Foods Canada,Wonton ND+BC,Cooked Wonton,308g*6c*6in,HC,Y3,792,28512,36.0,
27,08,2025,CAN,Bellisio Foods Canada,Wonton ND+BC,Cooked Wonton,308g*6c*6in,HC,Y3,792,28512,36.0,
03,09,2025,CAN,Bellisio Foods Canada,Wonton ND+BC,Cooked Wonton,308g*6c*6in,HC,Y3,37,1332,36.0,
01,09,2025,SG,CPI SINGAPORE,Minced ND+หมาล่า,Cooked Wonton,300g*24,BK,หมาล่า,420,10080,24.0,
28,08,2025,Korea,Consumer Package Commerce,R-Wonton egg past,Raw Wonton,630g*10inner,S,ซุปซอง 5g.,509,5090,10.0,
,09,2025,.7-11,ถ้วยใหม่,Wonton,Cooked Wonton,130g*24,SS,Regular,3749,89976,24.0,
02,09,2025,China,"Sam's (Shanghai) Investment Co., Ltd.",R-Wonton no egg,Raw Wonton,750g*8in,S,ซุปซอง 5g.,724,5792,8.0,
03,09,2025,CAN,Bellisio Foods Canada,Wonton ND+BC,Cooked Wonton,308g*6c*6in,HC,Y3,755,27180,36.0,
03,09,2025,CAN,Bellisio Foods Canada,Wonton ND+BC,Cooked Wonton,308g*6c*6in,HC,Y3,792,28512,36.0,
03,09,2025,CAN,Bellisio Foods Canada,Wonton ND+BC,Cooked Wonton,308g*6c*6in,HC,Y3,792,28512,36.0,
03,09,2025,CAN,Bellisio Foods Canada,Wonton ND+BC,Cooked Wonton,308g*6c*6in,HC,Y3,106,3816,36.0,
02,09,2025,China,"Sam's (Shanghai) Investment Co., Ltd.",R-Wonton no egg,Raw Wonton,750g*8in,S,ซุปซอง 5g.,684,5472,8.0,
03,09,2025,CAN,Bellisio Foods Canada,Wonton ND+BC,Cooked Wonton,308g*6c*6in,HC,Y3,686,24696,36.0,
03,09,2025,CAN,Bellisio Foods Canada,Wonton ND+BC,Cooked Wonton,308g*6c*6in,HC,Y3,792,28512,36.0,
03,09,2025,CAN,Bellisio Foods Canada,Wonton ND+BC,Cooked Wonton,308g*6c*6in,HC,Y3,792,28512,36.0,
11,09,2025,CAN,Bellisio Foods Canada,Wonton ND+BC,Cooked Wonton,308g*6c*6in,HC,Y3,117,4212,36.0,
02,09,2025,China,"Sam's (Shanghai) Investment Co., Ltd.",R-Wonton no egg,Raw Wonton,750g*8in,S,ซุปซอง 5g.,727,5816,8.0,
09,09,2025,UK,Westbridge Foods Limited (One UK),Wonton,Cooked Wonton,148g*6c*6in,HC,Regular,1288,46368,36.0,
29,09,2025,Denmark,CPF DENMARK,Minced ND+V+TY,Cooked Wonton,302g*12,BK,TYEXSG+CO,2520,30240,12.0,
02,09,2025,China,"Sam's (Shanghai) Investment Co., Ltd.",R-Wonton no egg,Raw Wonton,750g*8in,S,ซุปซอง 5g.,681,5448,8.0,
09,09,2025,SG,CPI SINGAPORE,Wonton +TY,Cooked Wonton,115g*24,M,TYTB3C 30G,250,6000,24.0,
09,09,2025,UK,Westbridge Foods Limited (One UK),Minced ND,Cooked Wonton,258g*4c*6in,BK,Regular,705,16920,24.0,
09,09,2025,SG,CPI Singapore,Wonton ND+V,Cooked Wonton,219g*24,HC,ซุปซอง 10g.,500,12000,24.0,
29,09,2025,Denmark,CPF DENMARK,Wonton ND+V+TY,Cooked Wonton,309g*8,M,TYANSSG+CM,3500,28000,8.0,
06,09,2025,China,"Sam's (Shanghai) Investment Co., Ltd.",R-Wonton no egg,Raw Wonton,750g*8in,S,ซุปซอง 5g.,716,5728,8.0,
,09,2025,MTFS,ซีพีเอฟ เทรดดิ้ง,Wonton ND,Cooked Wonton,227g*12,SS,MK,250,3000,12.0,
,09,2025,.7-11,ซีพีเอฟ เทรดดิ้ง,Wonton ND,Cooked Wonton,227g*12,SS,MK,5450,65400,12.0,
,10,2025,.7-11,ซีพีเอฟ เทรดดิ้ง,Wonton ND,Cooked Wonton,227g*12,SS,MK,2770,33240,12.0,
06,09,2025,China,"Sam's (Shanghai) Investment Co., Ltd.",R-Wonton no egg,Raw Wonton,750g*8in,S,ซุปซอง 5g.,692,5536,8.0,
08,09,2025,USA,"Bellisio Foods, Inc.",Minced WT,Cooked Wonton,145g*8,BK,Regular,1400,19800,14.142857142857142,
12,09,2025,USA,"Bellisio Foods, Inc.",Minced WT,Cooked Wonton,145g*8,BK,Regular,1400,19800,14.142857142857142,
27,09,2025,Malay,CPM Malaysia,Wonton,Cooked Wonton,145g*24,M,Regular,600,14400,24.0,
,09,2025,.7-11,ถ้วยใหม่,Wonton,Cooked Wonton,130g*24,SS,Regular,2044,49056,24.0,
,09,2025,ขายภายใน,ซีพีเอฟ เทรดดิ้ง,R-Wonton egg past,Raw Wonton,600g.*8 packs,M,,200,1600,8.0,
27,09,2025,Malay,CPM Malaysia,R-Wonton egg past,Raw Wonton,154g*20inner,S,ซุปซอง 5g.,350,7000,20.0,
09,09,2025,SG,CPI SINGAPORE,R-Minced egg past,Raw Wonton,90g*18in,BK,ซุปซอง 5g.,600,10800,18.0,
27,09,2025,Malay,CPM Malaysia,Wonton+TY,Cooked Wonton,115g*24,M,TYTB3C 30G,1150,27600,24.0,
08,09,2025,USA,"Bellisio Foods, Inc.",Minced ND,Cooked Wonton,258g*8,BK,Regular,2400,19200,8.0,
12,09,2025,USA,"Bellisio Foods, Inc.",Minced ND,Cooked Wonton,258g*8,BK,Regular,2400,19200,8.0,
09,09,2025,SG,CPI SINGAPORE,R-Wonton egg past,Raw Wonton,154g*20in,S,ซุปซอง 5g.,1000,20000,20.0,
09,09,2025,SG,CPI SINGAPORE,R-Wonton egg past,Raw Wonton,154g*20in,S,ซุปซอง 5g.,230,4600,20.0,
,09,2025,.7-11,ถ้วยใหม่,Wonton,Cooked Wonton,130g*24,SS,Regular,1977,47448,24.0,
11,09,2025,Japan,CPF JAPAN,Wonton,Cooked Wonton,148g*6c*6in,M,Regular,1288,46368,36.0,
09,09,2025,SG,CPI SINGAPORE,R-Wonton egg past,Raw Wonton,154g*20in,S,ซุปซอง 5g.,170,3400,20.0,
09,09,2025,SG,CPI SINGAPORE,R-Wonton egg past,Raw Wonton,154g*20in,S,ซุปซอง 5g.,992,19840,20.0,
11,09,2025,CAN,Bellisio Foods Canada,Wonton ND+BC,Cooked Wonton,308g*6c*6in,HC,Y3,675,24300,36.0,
02,10,2025,New Zealand,Lim Brothers,Wonton ND+V,Cooked Wonton,305g*8,HC,Regular,646,5168,8.0,
28,10,2025,Belgium,CPF EUROPE S.A.,Wonton ND+V,Cooked Wonton,309g*8,HC,Regular,600,4800,8.0,
19,09,2025,New Zealand,Lim Brothers,Wonton ND+V+TY,Cooked Wonton,307g*4c*6in,M,TYEXSG+CO,390,9360,24.0,
02,10,2025,New Zealand,Lim Brothers,Minced ND+V+TY,Cooked Wonton,302g*8,BK,TYEXSG+CO,324,2592,8.0,
30,09,2025,UK,Westbridge Foods Limited,Minced ND+V+TY,Cooked Wonton,258g*4c*6in,BK,TYEXSG+CO,588,14112,24.0,
09,09,2025,SG,CPI SINGAPORE,R-Wonton egg past,Raw Wonton,154g*20in,S,ซุปซอง 5g.,308,6160,20.0,
09,09,2025,SG,CPI SINGAPORE,R-Wonton egg past,Raw Wonton,204g*20in,S,sesame 30g,800,16000,20.0,
18,09,2025,AUS,CPF Australia Pty Ltd.,Wonton ND+V,Cooked Wonton,308g*6c*6in,HC,Regular,792,28512,36.0,
18,09,2025,AUS,CPF Australia Pty Ltd.,Wonton ND+V,Cooked Wonton,308g*6c*6in,HC,Regular,792,28512,36.0,
22,09,2025,AUS,CPF Australia Pty Ltd.,Wonton ND+V,Cooked Wonton,308g*6c*6in,HC,Regular,753,27108,36.0,
20,09,2025,China,"Sam's (Shanghai) Investment Co., Ltd.",R-Wonton no egg,Raw Wonton,750g*8in,S,ซุปซอง 5g.,697,5576,8.0,
22,09,2025,CAN,Bellisio Foods Canada,Minced ND,Cooked Wonton,258g*12,BK,Regular,2600,31200,12.0,
,09,2025,.7-11,ถ้วยใหม่,Wonton,Cooked Wonton,130g*24,SS,Regular,1515,36360,24.0,
12,09,2025,Laos,บริษัท ปิก้าเทรดดิ้ง จำกัด,E+Wonton,Cooked Wonton,145g*12,M,Regular,150,1800,12.0,
05,10,2025,Laos,บริษัท ปิก้าเทรดดิ้ง จำกัด,E+Wonton,Cooked Wonton,145g*12,M,Regular,70,840,12.0,
01,10,2025,CAN,Bellisio Foods Canada,Minced ND,Cooked Wonton,258g*12,BK,Regular,2600,31200,12.0,
,09,2025,.7-11,ถ้วยใหม่,Wonton,Cooked Wonton,130g*24,SS,Regular,714,17136,24.0,
,10,2025,.7-11,ถ้วยใหม่,Wonton,Cooked Wonton,130g*24,SS,Regular,950,22800,24.0,
18,09,2025,Japan,CPF JAPAN,Wonton,Cooked Wonton,148g*6c*6in,M,Regular,1256,45216,36.0,
28,10,2025,Belgium,CPF EUROPE S.A.,Wonton +V,Cooked Wonton,145g*8,HC,Regular,2400,19200,8.0,
23,09,2025,UK,Westbridge Foods Limited (One UK),Wonton,Cooked Wonton,148g*6c*6in,HC,Regular,1288,46368,36.0,
30,09,2025,UK,Westbridge Foods Limited (One UK),Wonton,Cooked Wonton,148g*6c*6in,HC,Regular,1264,45504,36.0,
01,10,2025,USA,"Bellisio Foods, Inc.",Minced WT,Cooked Wonton,145g*8,BK,Regular,5000,19800,3.96,
15,09,2025,HK,CPM Hongkong,R-Wonton egg past,Raw Wonton,101g*18in,S,ซุปซอง 5g.,1650,29700,18.0,
15,09,2025,HK,CPM Hongkong,R-Minced egg past,Raw Wonton,90g*18in,BK,ซุปซอง 5g.,250,4500,18.0,
18,09,2025,Japan,CPF JAPAN,Wonton,Cooked Wonton,148g*6c*6in,M,Regular,32,1152,36.0,
25,09,2025,Japan,CPF JAPAN,Wonton,Cooked Wonton,148g*6c*6in,M,Regular,1288,46368,36.0,
22,09,2025,AUS,CPF Australia Pty Ltd.,Wonton ND+V,Cooked Wonton,308g*6c*6in,HC,Regular,39,1404,36.0,
22,09,2025,AUS,CPF Australia Pty Ltd.,Wonton ND+V,Cooked Wonton,308g*6c*6in,HC,Regular,792,28512,36.0,
20,09,2025,China,"Charoen Pokphand Import&Export Trading (Shanghai) Co., Ltd",Wonton ND+V,Cooked Wonton,308g*6c*6in,HC,Y3,320,11520,36.0,
,10,2025,MTFS,ซีพีเอฟ เทรดดิ้ง,R-Wonton no egg,Raw Wonton,220g*12in,SS,,700,8400,12.0,
,10,2025,MTFS,ซีพีเอฟ เทรดดิ้ง,R-Wonton no egg,Raw Wonton,220g*12in,SS,,500,6000,12.0,
30,09,2025,UK,Westbridge Foods Limited (One UK),Wonton,Cooked Wonton,148g*6c*6in,HC,Regular,24,864,36.0,
07,10,2025,UK,Westbridge Foods Limited (One UK),Wonton,Cooked Wonton,148g*6c*6in,HC,Regular,1288,46368,36.0,
,10,2025,.7-11,ถ้วยใหม่,Wonton,Cooked Wonton,130g*24,SS,Regular,1852,44448,24.0,
20,09,2025,China,"Sam's (Shanghai) Investment Co., Ltd.",R-Wonton no egg,Raw Wonton,750g*8in,S,ซุปซอง 5g.,711,5688,8.0,
,10,2025,.7-11,ถ้วยใหม่,Wonton,Cooked Wonton,130g*24,SS,Regular,2259,54216,24.0,
22,09,2025,AUS,CPF Australia Pty Ltd.,Wonton ND+V,Cooked Wonton,308g*6c*6in,HC,Regular,792,28512,36.0,
20,09,2025,China,"Sam's (Shanghai) Investment Co., Ltd.",R-Wonton no egg,Raw Wonton,750g*8in,S,ซุปซอง 5g.,750,6000,8.0,
06,10,2025,AUS,CPF Australia Pty Ltd.,Wonton ND+V,Cooked Wonton,308g*6c*6in,HC,Regular,792,28512,36.0,
06,10,2025,AUS,CPF Australia Pty Ltd.,Wonton ND+V,Cooked Wonton,308g*6c*6in,HC,Regular,792,28512,36.0,
06,10,2025,AUS,CPF Australia Pty Ltd.,Wonton ND+V,Cooked Wonton,308g*6c*6in,HC,Regular,792,28512,36.0,
15,09,2025,Laos,บริษัท ปิก้าเทรดดิ้ง จำกัด,E+Wonton+หมาล่า,Cooked Wonton,143g*24,SS,หมาล่า,120,2880,24.0,
20,09,2025,China,"Sam's (Shanghai) Investment Co., Ltd.",R-Wonton no egg,Raw Wonton,750g*8in,S,ซุปซอง 5g.,658,5264,8.0,
,10,2025,.7-11,ถ้วยใหม่,Wonton,Cooked Wonton,130g*24,SS,Regular,954,22896,24.0,
25,10,2025,Korea,Emart,Minced ND+V+TK,Cooked Wonton,302g*6c*6in,BK,Tomkha1+CM,792,28512,36.0,
30,09,2025,UK,Westbridge Foods Limited,Minced ND+V+TK,Cooked Wonton,258g*4c*6in,BK,Tomkha1+CM,588,14112,24.0,
02,10,2025,New Zealand,Lim Brothers,Minced ND+V+TK,Cooked Wonton,302g*8,BK,Tomkha+CM,486,3888,8.0,
01,11,2025,New Zealand,Lim Brothers,Minced ND+V+TK,Cooked Wonton,302g*8,BK,Tomkha+CM,865,6920,8.0,
,10,2025,.7-11,Seven ถ้วยดำ,E+Wonton,Cooked Wonton,145g*24,M,Regular,3439,82536,24.0,
,10,2025,MTFS,ซีพีเอฟ เทรดดิ้ง,E+Minced NDE,Cooked Wonton,191g*12,BK,Regular,150,1800,12.0,
,10,2025,.7-11,Seven ถ้วยดำ,E+Wonton,Cooked Wonton,145g*24,M,Regular,800,19200,24.0,
,10,2025,MTFS,ซีพีเอฟ เทรดดิ้ง,E+Wonton,Cooked Wonton,145g*12,M,Regular,12,144,12.0,
05,10,2025,Laos,บริษัท ปิก้าเทรดดิ้ง จำกัด,E+Wonton,Cooked Wonton,145g*12,M,Regular,80,960,12.0,
,10,2025,MTFS,ซีพีเอฟ เทรดดิ้ง,E+Wonton,Cooked Wonton,145g*12,M,Regular,1250,15000,12.0,
,10,2025,MTFS,ซีพีเอฟ เทรดดิ้ง,E+Wonton TY,Cooked Wonton,115g*12,M,TYTB3C 30G,400,4800,12.0,
,10,2025,MTFS,ซีพีเอฟ เทรดดิ้ง,E+Wonton TY,Cooked Wonton,115g*12,M,TYTB3C 30G,170,2040,12.0,
,10,2025,MTFS,ซีพีเอฟ เทรดดิ้ง,E+Wonton,Cooked Wonton,90g*3B*6B,M,ซุปซอง 5g.,1200,21600,18.0,
,10,2025,MTFS,ซีพีเอฟ เทรดดิ้ง,E+Wonton,Cooked Wonton,90g*3B*6B,M,ซุปซอง 5g.,1200,21600,18.0,
,10,2025,.7-11,Seven ถ้วยดำ,E+Wonton,Cooked Wonton,145g*24,M,Regular,2927,70248,24.0,
,11,2025,.7-11,Seven ถ้วยดำ,E+Wonton,Cooked Wonton,145g*24,M,Regular,195,4680,24.0,
,10,2025,.7-11,ถ้วยใหม่,Wonton,Cooked Wonton,130g*24,SS,Regular,1174,28176,24.0,
15,10,2025,CAN,Bellisio Foods Canada,Minced ND,Cooked Wonton,258g*12,BK,Regular,2600,31200,12.0,
14,10,2025,Denmark,CPF DENMARK,Minced ND+หมาล่า,Cooked Wonton,300g*8,BK,หมาล่า,3500,28000,8.0,
30,09,2025,Korea,Consumer Package Commerce,R-Wonton egg past,Raw Wonton,154g*40in,S,ซุปซอง 5g.,618,24720,40.0,
14,10,2025,AUS,CPF Australia Pty Ltd.,Wonton ND+V,Cooked Wonton,308g*6c*6in,HC,Regular,792,28512,36.0,
14,10,2025,AUS,CPF Australia Pty Ltd.,Wonton ND+V,Cooked Wonton,308g*6c*6in,HC,Regular,792,28512,36.0,
14,10,2025,AUS,CPF Australia Pty Ltd.,Wonton ND+V,Cooked Wonton,308g*6c*6in,HC,Regular,792,28512,36.0,
30,09,2025,Korea,Consumer Package Commerce,R-Wonton egg past,Raw Wonton,154g*40in,S,ซุปซอง 5g.,613,24520,40.0,
30,09,2025,Korea,Consumer Package Commerce,R-Wonton egg past,Raw Wonton,154g*40in,S,ซุปซอง 5g.,393,15720,40.0,
07,10,2025,Korea,Consumer Package Commerce,R-Wonton egg past,Raw Wonton,630g*10inner,S,ซุปซอง 5g.,246,2460,10.0,
07,10,2025,Korea,Consumer Package Commerce,R-Wonton egg past,Raw Wonton,630g*10inner,S,ซุปซอง 5g.,728,7280,10.0,
02,10,2025,USA,"Bellisio Foods, Inc.",Minced WT,Cooked Wonton,145g*6c*6,BK,Regular,300,19800,66.0,
03,10,2025,USA,"Bellisio Foods, Inc.",Minced WT,Cooked Wonton,145g*6c*6,BK,Regular,450,19800,44.0,
02,10,2025,USA,"Bellisio Foods, Inc.",Minced ND,Cooked Wonton,258g*4c*6in,BK,Regular,800,19200,24.0,
03,10,2025,USA,"Bellisio Foods, Inc.",Minced ND,Cooked Wonton,258g*4c*6in,BK,Regular,700,16800,24.0,
01,11,2025,New Zealand,Lim Brothers,Wonton ND+V,Cooked Wonton,305g*8,HC,Regular,1450,11600,8.0,
02,10,2025,USA,"Bellisio Foods, Inc.",R-Wonton no egg,Raw Wonton,580g*10in,S,ซุปซอง 5g.,100,1000,10.0,
03,10,2025,USA,"Bellisio Foods, Inc.",R-Wonton no egg,Raw Wonton,580g*10in,S,ซุปซอง 5g.,100,1000,10.0,
07,10,2025,Korea,Consumer Package Commerce,R-Wonton egg past,Raw Wonton,630g*10inner,S,ซุปซอง 5g.,405,4050,10.0,
07,10,2025,Korea,Consumer Package Commerce,R-Wonton egg past,Raw Wonton,630g*10inner,S,ซุปซอง 5g.,677,6770,10.0,
04,10,2025,SG,CPI SINGAPORE,R-Wonton egg past,Raw Wonton,154g*20in,S,ซุปซอง 5g.,120,2400,20.0,
04,10,2025,SG,CPI SINGAPORE,R-Wonton egg past,Raw Wonton,194g*20in,JB,ซุปซอง 5g.,250,5000,20.0,
04,10,2025,SG,CPI SINGAPORE,R-Minced egg past,Raw Wonton,90g*18in,BK,ซุปซอง 5g.,600,10800,18.0,
04,10,2025,SG,CPI SINGAPORE,R-Wonton egg past,Raw Wonton,154g*20in,S,ซุปซอง 5g.,330,6600,20.0,
20,10,2025,SG,CPI SINGAPORE,R-Wonton egg past,Raw Wonton,154g*20in,S,ซุปซอง 5g.,274,5480,20.0,
09,10,2025,China,"Sam's (Shanghai) Investment Co., Ltd.",R-Wonton no egg,Raw Wonton,750g*8in,S,ซุปซอง 5g.,806,6448,8.0,
09,10,2025,China,"Sam's (Shanghai) Investment Co., Ltd.",R-Wonton no egg,Raw Wonton,750g*8in,S,ซุปซอง 5g.,602,4816,8.0,
11,10,2025,China,"Sam's (Shanghai) Investment Co., Ltd.",R-Wonton no egg,Raw Wonton,750g*8in,S,ซุปซอง 5g.,167,1336,8.0,
20,10,2025,AUS,CPF Australia Pty Ltd.,Wonton ND+V,Cooked Wonton,308g*6c*6in,HC,Regular,792,28512,36.0,
20,10,2025,AUS,CPF Australia Pty Ltd.,Wonton ND+V,Cooked Wonton,308g*6c*6in,HC,Regular,792,28512,36.0,
20,10,2025,AUS,CPF Australia Pty Ltd.,Wonton ND+V,Cooked Wonton,308g*6c*6in,HC,Regular,792,28512,36.0,
11,10,2025,China,"Sam's (Shanghai) Investment Co., Ltd.",R-Wonton no egg,Raw Wonton,750g*8in,S,ซุปซอง 5g.,809,6472,8.0,
11,10,2025,China,"Sam's (Shanghai) Investment Co., Ltd.",R-Wonton no egg,Raw Wonton,750g*8in,S,ซุปซอง 5g.,432,3456,8.0,
17,10,2025,China,"Sam's (Shanghai) Investment Co., Ltd.",R-Wonton no egg,Raw Wonton,750g*8in,S,ซุปซอง 5g.,391,3128,8.0,
17,10,2025,China,"Sam's (Shanghai) Investment Co., Ltd.",R-Wonton no egg,Raw Wonton,750g*8in,S,ซุปซอง 5g.,814,6512,8.0,
17,10,2025,China,"Sam's (Shanghai) Investment Co., Ltd.",R-Wonton no egg,Raw Wonton,750g*8in,S,ซุปซอง 5g.,203,1624,8.0,
28,10,2025,Belgium,CPF EUROPE S.A.,R-Wonton no egg,Raw Wonton,630g*10inner,M,ซุปซอง 5g.,500,5000,10.0,
,10,2025,.7-11,ถ้วยใหม่,Wonton,Cooked Wonton,130g*24,SS,Regular,1977,47448,24.0,
16,10,2025,China,"Charoen Pokphand Import&Export Trading (Shanghai) Co., Ltd",Wonton+TY,Cooked Wonton,147g*6c*6in,M,TYEXSG+CO,390,14040,36.0,
20,11,2025,AUS,CPF Australia Pty Ltd.,Wonton ND+V+TY,Cooked Wonton,307g*4c*6in,M,TYEXSG+CO,924,22176,24.0,
01,11,2025,New Zealand,Lim Brothers,Minced ND+V+TY,Cooked Wonton,302g*8,BK,TYEXSG+CO,650,5200,8.0,
,11,2025,MTFS,ซีพีเอฟ เทรดดิ้ง,R-Wonton no egg,Raw Wonton,220g*12in,SS,,500,6000,12.0,
,11,2025,MTFS,ซีพีเอฟ เทรดดิ้ง,R-Wonton no egg,Raw Wonton,220g*12in,SS,,309,3708,12.0,
20,10,2025,SG,CPI SINGAPORE,R-Wonton egg past,Raw Wonton,126g*18in,S,TYTB3C 30G,500,9000,18.0,
20,10,2025,SG,CPI SINGAPORE,R-Wonton egg past,Raw Wonton,154g*20in,S,ซุปซอง 5g.,926,18520,20.0,
04,11,2025,Malay,CPM Malaysia,R-Wonton egg past,Raw Wonton,154g*20inner,S,ซุปซอง 5g.,350,7000,20.0,
,10,2025,.7-11,ถ้วยใหม่,Wonton,Cooked Wonton,130g*24,SS,Regular,835,20040,24.0,
,11,2025,.7-11,ถ้วยใหม่,Wonton,Cooked Wonton,130g*24,SS,Regular,124,2976,24.0,
04,11,2025,Malay,CPM Malaysia,Wonton,Cooked Wonton,145g*24,M,Regular,925,22200,24.0,
26,11,2025,SG,CPI Singapore,Wonton ND+V,Cooked Wonton,219g*24,HC,ซุปซอง 10g.,250,6000,24.0,
05,11,2025,HK,CPM Hongkong,Wonton ND+V,Cooked Wonton,219g*24,HC,ซุปซอง 10g.,10,240,24.0,
04,11,2025,Denmark,CPF DENMARK,Minced ND+V+TK,Cooked Wonton,302g*8,BK,Tomkha+CM,3500,28000,8.0,
21,10,2025,China,"Sam's (Shanghai) Investment Co., Ltd.",R-Wonton no egg,Raw Wonton,750g*8in,S,ซุปซอง 5g.,1408,11264,8.0,
04,11,2025,Malay,CPM Malaysia,Wonton+TY,Cooked Wonton,115g*24,M,TYTB3C 30G,875,21000,24.0,
26,11,2025,SG,CPI SINGAPORE,Wonton +TY,Cooked Wonton,115g*24,M,TYTB3C 30G,250,6000,24.0,
05,11,2025,HK,CPM Hongkong,Wonton +TY,Cooked Wonton,115g*24,M,TYTB3C 30G,15,360,24.0,
,10,2025,.7-11,ซีพีเอฟ เทรดดิ้ง,Wonton ND,Cooked Wonton,227g*12,SS,MK,3030,36360,12.0,
,11,2025,MTFS,ซีพีเอฟ เทรดดิ้ง,Wonton ND,Cooked Wonton,227g*12,SS,MK,500,6000,12.0,
22,10,2025,MTFS,ซีพีเอฟ เทรดดิ้ง,E+Wonton NDE,Cooked Wonton,226g*3ถ้วย*6ถุง,M,Regular,2500,45000,18.0,
22,10,2025,MTFS,ซีพีเอฟ เทรดดิ้ง,E+Minced WT,Cooked Wonton,135g*3ถ้วย*6ถุง,BK,Regular,2500,45000,18.0,
27,10,2025,CAN,Bellisio Foods Canada,Minced ND,Cooked Wonton,258g*12,BK,Regular,2600,31200,12.0,
03,11,2025,AUS,CPF Australia Pty Ltd.,Wonton ND+V,Cooked Wonton,308g*6c*6in,HC,Regular,792,28512,36.0,
03,11,2025,AUS,CPF Australia Pty Ltd.,Wonton ND+V,Cooked Wonton,308g*6c*6in,HC,Regular,792,28512,36.0,
25,10,2025,China,"Sam's (Shanghai) Investment Co., Ltd.",R-Wonton no egg,Raw Wonton,750g*8in,S,ซุปซอง 5g.,1408,11264,8.0,
27,10,2025,China,"Sam's (Shanghai) Investment Co., Ltd.",R-Wonton no egg,Raw Wonton,750g*8in,S,ซุปซอง 5g.,75,600,8.0,
27,10,2025,China,"Sam's (Shanghai) Investment Co., Ltd.",R-Wonton no egg,Raw Wonton,750g*8in,S,ซุปซอง 5g.,1333,10664,8.0,
,11,2025,MTFS,ซีพีเอฟ เทรดดิ้ง,E+Wonton NDE,Cooked Wonton,226g*12,M,Regular,713,8556,12.0,
,11,2025,MTFS,ซีพีเอฟ เทรดดิ้ง,E+Minced NDE,Cooked Wonton,191g*12,BK,Regular,200,2400,12.0,
,11,2025,MTFS,ซีพีเอฟ เทรดดิ้ง,E+Wonton,Cooked Wonton,145g*12,M,Regular,12,144,12.0,
,11,2025,MTFS,ซีพีเอฟ เทรดดิ้ง,E+Wonton,Cooked Wonton,145g*12,M,Regular,1250,15000,12.0,
,11,2025,.7-11,Seven ถ้วยดำ,E+Wonton,Cooked Wonton,145g*24,M,Regular,920,22080,24.0,
,11,2025,MTFS,ซีพีเอฟ เทรดดิ้ง,E+Wonton,Cooked Wonton,90g*3B*6B,M,ซุปซอง 5g.,1200,21600,18.0,
,11,2025,MTFS,ซีพีเอฟ เทรดดิ้ง,E+Wonton,Cooked Wonton,90g*3B*6B,M,ซุปซอง 5g.,1200,21600,18.0,
04,11,2025,Japan,CPF JAPAN,R-Minced,Raw Wonton,500g*10inner,BK,-,20,200,10.0,
31,10,2025,Japan,CPF JAPAN,R-Minced,Raw Wonton,500g*10inner*2C/B,BK,-,218,4360,20.0,
31,10,2025,Japan,CPF JAPAN,R-Minced,Raw Wonton,500g*10inner*2C/B,BK,-,134,2680,20.0,
01,11,2025,New Zealand,Lim Brothers,C-Minced WT in tray no egg,Cooked Wonton,117*2tray*8in,BK,Sesame 15g,425,6800,16.0,
,11,2025,.7-11,ถ้วยใหม่,Wonton,Cooked Wonton,130g*24,SS,Regular,1458,34992,24.0,
01,11,2025,New Zealand,Lim Brothers,Minced ND+Kee Mao,Cooked Wonton,242g*8,BK,Kee Mao,440,3520,8.0,
18,12,2025,New Zealand,Lim Brothers,Minced ND+Kee Mao,Cooked Wonton,242g*8,BK,Kee Mao,54,432,8.0,
10,11,2025,SG,CPI SINGAPORE,Minced ND+หมาล่า,Cooked Wonton,300g*24,BK,หมาล่า,210,5040,24.0,
05,11,2025,HK,CPM Hongkong,Minced ND+หมาล่า,Cooked Wonton,300g*24,BK,หมาล่า,10,240,24.0,
31,10,2025,China,"Charoen Pokphand Import&Export Trading (Shanghai) Co., Ltd",R-Wonton no egg,Raw Wonton,630g*8in,S,ซุปซอง 5g.,924,7392,8.0,
05,11,2025,HK,CPM Hongkong,R-Wonton egg past,Raw Wonton,101g*18in,S,ซุปซอง 5g.,1322,23796,18.0,
05,11,2025,HK,CPM Hongkong,R-Wonton egg past,Raw Wonton,101g*18in,S,ซุปซอง 5g.,328,5904,18.0,
,11,2025,.7-11,ถ้วยใหม่,Wonton,Cooked Wonton,130g*24,SS,Regular,2346,56304,24.0,
,11,2025,MTFS,ซีพีเอฟ เทรดดิ้ง,Wonton ND,Cooked Wonton,227g*12,SS,MK,2000,24000,12.0,
03,11,2025,China,"Sam's (Shanghai) Investment Co., Ltd.",R-Wonton no egg,Raw Wonton,750g*8in,S,ซุปซอง 5g.,1408,11264,8.0,
05,11,2025,HK,CPM Hongkong,R-Minced egg past,Raw Wonton,90g*18in,BK,ซุปซอง 5g.,250,4500,18.0,
10,11,2025,CAN,Bellisio Foods Canada,Minced ND,Cooked Wonton,258g*12,BK,Regular,2600,31200,12.0,
,11,2025,.7-11,Seven ถ้วยดำ,E+Wonton,Cooked Wonton,145g*24,M,Regular,1371,32904,24.0,
,11,2025,MTFS,ซีพีเอฟ เทรดดิ้ง,E+Wonton,Cooked Wonton,90g*3B*6B,M,ซุปซอง 5g.,1200,21600,18.0,
07,11,2025,China,"Sam's (Shanghai) Investment Co., Ltd.",R-Wonton no egg,Raw Wonton,750g*8in,S,ซุปซอง 5g.,1408,11264,8.0,
05,11,2025,HK,CPM Hongkong,R-Wonton egg past,Raw Wonton,194g*20in,JB,ซุปซอง 5g.,10,200,20.0,
10,11,2025,SG,CPI SINGAPORE,R-Wonton egg past,Raw Wonton,194g*20in,JB,ซุปซอง 5g.,250,5000,20.0,
10,11,2025,SG,CPI SINGAPORE,R-Wonton egg past,Raw Wonton,194g*20in,JB,ซุปซอง 5g.,150,3000,20.0,
,11,2025,.7-11,ถ้วยใหม่,Wonton,Cooked Wonton,130g*24,SS,Regular,1913,45912,24.0,
13,11,2025,Japan,CPF JAPAN,Wonton,Cooked Wonton,148g*6c*6in,M,Regular,1242,44712,36.0,
17,11,2025,Korea,Consumer Package Commerce,R-Wonton egg past,Raw Wonton,630g*10inner,S,ซุปซอง 5g.,607,6070,10.0,
,11,2025,.7-11,ถ้วยใหม่,Wonton,Cooked Wonton,130g*24,SS,Regular,3682,88368,24.0,
17,11,2025,Korea,Consumer Package Commerce,R-Wonton egg past,Raw Wonton,630g*10inner,S,ซุปซอง 5g.,618,6180,10.0,
12,11,2025,CAN,Bellisio Foods Canada,Wonton ND+BC,Cooked Wonton,308g*6c*6in,HC,Y3,675,24300,36.0,
12,11,2025,CAN,Bellisio Foods Canada,Wonton ND+BC,Cooked Wonton,308g*6c*6in,HC,Y3,792,28512,36.0,
12,11,2025,CAN,Bellisio Foods Canada,Wonton ND+BC,Cooked Wonton,308g*6c*6in,HC,Y3,792,28512,36.0,
28,11,2025,CAN,Bellisio Foods Canada,Wonton ND+BC,Cooked Wonton,308g*6c*6in,HC,Y3,36,1296,36.0,
17,11,2025,Korea,Consumer Package Commerce,R-Wonton egg past,Raw Wonton,630g*10inner,S,ซุปซอง 5g.,606,6060,10.0,
20,11,2025,AUS,CPF Australia Pty Ltd.,Wonton ND+V,Cooked Wonton,308g*6c*6in,HC,Regular,792,28512,36.0,
27,11,2025,AUS,CPF Australia Pty Ltd.,Wonton ND+V,Cooked Wonton,308g*6c*6in,HC,Regular,792,28512,36.0,
04,12,2025,AUS,CPF Australia Pty Ltd.,Wonton ND+V,Cooked Wonton,308g*6c*6in,HC,Regular,792,28512,36.0,
17,11,2025,Korea,Consumer Package Commerce,R-Wonton egg past,Raw Wonton,630g*10inner,S,ซุปซอง 5g.,225,2250,10.0,
24,11,2025,SG,CPI SINGAPORE,R-Wonton egg past,Raw Wonton,154g*20in,S,ซุปซอง 5g.,673,13460,20.0,
,11,2025,.7-11,Seven ถ้วยดำ,E+Wonton,Cooked Wonton,145g*24,M,Regular,3507,84168,24.0,
24,11,2025,SG,CPI SINGAPORE,R-Wonton egg past,Raw Wonton,154g*20in,S,ซุปซอง 5g.,1127,22540,20.0,
,11,2025,.7-11,ถ้วยใหม่,Wonton,Cooked Wonton,130g*24,SS,Regular,1075,25800,24.0,
,11,2024,.7-11,ซีพีเอฟ เทรดดิ้ง,Wonton ND+V+TY,Cooked Wonton,211g*24,SS,TYNSF,2841,68184,24.0,
,11,2025,MTFS,ซีพีเอฟ เทรดดิ้ง,Minced+ND+V+น้ำราดเป็ด,Cooked Wonton,235g*12,BK,น้ำราดเป็ด,2400,28800,12.0,
,11,2025,MTFS,ซีพีเอฟ เทรดดิ้ง,Minced+ND+Kee Mao แห้ง,Cooked Wonton,235g*12,BK,Kee Mao,2400,28800,12.0,
,11,2024,.7-11,ซีพีเอฟ เทรดดิ้ง,Wonton ND+V+TY,Cooked Wonton,211g*24,SS,TYNSF,3116,74784,24.0,
09,12,2025,Taiwan,CP TAIWAN,R-Wonton no egg,Raw Wonton,154g*40inner,M,ซุปซอง 5g.,574,22960,40.0,
,11,2025,.7-11,ถ้วยใหม่,Wonton,Cooked Wonton,130g*24,SS,Regular,1084,26016,24.0,
18,11,2025,Korea,Consumer Package Commerce,Minced ND,Cooked Wonton,231g*12,BK,Regular,37,444,12.0,
17,11,2025,Korea,Consumer Package Commerce,Minced ND,Cooked Wonton,231g*12,BK,Regular,2500,30000,12.0,
17,11,2025,Korea,Emart,Minced ND+V+TK,Cooked Wonton,302g*6c*6in,BK,Tomkha1+CM,792,28512,36.0,
09,12,2025,Taiwan,CP TAIWAN,R-Wonton no egg,Raw Wonton,154g*40inner,M,ซุปซอง 5g.,569,22760,40.0,
,11,2025,.7-11,ถ้วยใหม่,Wonton,Cooked Wonton,130g*24,SS,Regular,2386,57264,24.0,
26,12,2025,CAN,Bellisio Foods Canada,Minced ND,Cooked Wonton,258g*12,BK,Regular,2600,31200,12.0,
09,12,2025,Taiwan,CP TAIWAN,R-Wonton no egg,Raw Wonton,154g*40inner,M,ซุปซอง 5g.,481,19240,40.0,
24,11,2025,Netherlands,Westbridge Foods Limited (One UK),Wonton,Cooked Wonton,148g*6c*6in,HC,Regular,1288,46368,36.0,
,11,2025,.7-11,ถ้วยใหม่,Wonton,Cooked Wonton,130g*24,SS,Regular,932,22368,24.0,
,12,2025,.7-11,ถ้วยใหม่,Wonton,Cooked Wonton,130g*24,SS,Regular,629,15096,24.0,
24,11,2025,Japan,CPF JAPAN,R-Minced,Raw Wonton,500g*10inner*2C/B,BK,-,130,2600,20.0,
,12,2025,MTFS,ซีพีเอฟ เทรดดิ้ง,E+Wonton,Cooked Wonton,145g*12,M,Regular,20,240,12.0,
,11,2025,MTFS,ซีพีเอฟ เทรดดิ้ง,E+Wonton,Cooked Wonton,145g*12,M,Regular,1250,15000,12.0,
,11,2025,MTFS,ซีพีเอฟ เทรดดิ้ง,E+Wonton,Cooked Wonton,145g*12,M,Regular,1250,15000,12.0,
,11,2025,.7-11,Seven ถ้วยดำ,E+Wonton,Cooked Wonton,145g*24,M,Regular,1622,38928,24.0,
,11,2025,MTFS,ซีพีเอฟ เทรดดิ้ง,E+Wonton TY,Cooked Wonton,143g*12,SS,TYNSF,1200,14400,12.0,
24,11,2025,Japan,CPF JAPAN,R-Minced,Raw Wonton,500g*10inner*2C/B,BK,-,159,3180,20.0,
,11,2025,.7-11,Seven ถ้วยดำ,E+Wonton,Cooked Wonton,145g*24,M,Regular,2371,56904,24.0,
,12,2025,.7-11,Seven ถ้วยดำ,E+Wonton,Cooked Wonton,145g*24,M,Regular,942,22608,24.0,
24,11,2025,5 Stars,CPFRF,EP+Wonton,Cooked Wonton,20 pcs*16,S,,100,,,
24,11,2025,Japan,CPF JAPAN,R-Minced,Raw Wonton,500g*10inner*2C/B,BK,-,164,3280,20.0,
,12,2025,.7-11,ถ้วยใหม่,Wonton,Cooked Wonton,130g*24,SS,Regular,764,18336,24.0,
,11,2025,MTFS,ซีพีเอฟ เทรดดิ้ง,Minced+ND+Kee Mao แห้ง,Cooked Wonton,235g*12,BK,Kee Mao,2500,30000,12.0,
,11,2025,MTFS,ซีพีเอฟ เทรดดิ้ง,Minced+ND+V+น้ำราดเป็ด,Cooked Wonton,235g*12,BK,น้ำราดเป็ด,2500,30000,12.0,
24,11,2025,Japan,CPF JAPAN,R-Minced,Raw Wonton,500g*10inner*2C/B,BK,-,289,5780,20.0,
24,11,2025,Japan,CPF JAPAN,R-Minced,Raw Wonton,500g*10inner*2C/B,BK,-,298,5960,20.0,
02,12,2025,Japan,CPF JAPAN,R-Minced,Raw Wonton,500g*10inner*2C/B,BK,-,178,3560,20.0,
,12,2025,.7-11,Seven ถ้วยดำ,E+Wonton,Cooked Wonton,145g*24,M,Regular,2558,61392,24.0,
,12,2025,MTFS,ซีพีเอฟ เทรดดิ้ง,E+Wonton,Cooked Wonton,90g*3B*6B,M,ซุปซอง 5g.,1131,20358,18.0,
02,12,2025,Japan,CPF JAPAN,R-Minced,Raw Wonton,500g*10inner*2C/B,BK,-,179,3580,20.0,
,12,2025,MTFS,ซีพีเอฟ เทรดดิ้ง,E+Minced NDE,Cooked Wonton,191g*3ถ้วย*6ถุง,BK,Regular,2350,42300,18.0,
,11,2025,MTFS,ซีพีเอฟ เทรดดิ้ง,E+Minced NDE,Cooked Wonton,191g*12,BK,Regular,200,2400,12.0,
,11,2025,MTFS,ซีพีเอฟ เทรดดิ้ง,E+Wonton NDE,Cooked Wonton,226g*12,M,Regular,800,9600,12.0,
,12,2025,MTFS,ซีพีเอฟ เทรดดิ้ง,E+Wonton,Cooked Wonton,145g*12,M,Regular,1250,15000,12.0,
,12,2025,MTFS,ซีพีเอฟ เทรดดิ้ง,E+Wonton,Cooked Wonton,90g*3B*6B,M,ซุปซอง 5g.,1226,22068,18.0,
02,12,2025,Japan,CPF JAPAN,R-Minced,Raw Wonton,500g*10inner*2C/B,BK,-,203,4060,20.0,
16,12,2025,USA,"Bellisio Foods, Inc.",Minced WT,Cooked Wonton,145g*8,BK,Regular,400,19800,49.5,
07,01,2026,USA,"Bellisio Foods, Inc.",Minced WT,Cooked Wonton,145g*8,BK,Regular,300,19800,66.0,
,11,2024,.7-11,ซีพีเอฟ เทรดดิ้ง,Wonton ND+V+TY,Cooked Wonton,211g*24,SS,TYNSF,47,1128,24.0,
,12,2025,.7-11,ซีพีเอฟ เทรดดิ้ง,Wonton ND+V+TY,Cooked Wonton,211g*24,SS,TYNSF,2760,66240,24.0,
01,12,2025,Korea,Consumer Package Commerce,R-Wonton egg past,Raw Wonton,630g*10inner,S,ซุปซอง 5g.,707,7070,10.0,
,12,2025,.7-11,ถ้วยใหม่,Wonton,Cooked Wonton,130g*24,SS,Regular,2594,62256,24.0,
,12,2025,MTFS,ซีพีเอฟ เทรดดิ้ง,Wonton ND,Cooked Wonton,227g*12,SS,MK,2000,24000,12.0,
01,12,2025,Korea,Consumer Package Commerce,R-Wonton egg past,Raw Wonton,630g*10inner,S,ซุปซอง 5g.,689,6890,10.0,
09,12,2025,UK,Westbridge Foods Limited (One UK),Wonton,Cooked Wonton,148g*6c*6in,HC,Regular,1288,46368,36.0,
01,12,2025,Japan,CPF JAPAN,Wonton,Cooked Wonton,148g*6c*6in,M,Regular,1288,46368,36.0,
01,12,2025,Korea,Consumer Package Commerce,R-Wonton egg past,Raw Wonton,630g*10inner,S,ซุปซอง 5g.,660,6600,10.0,
,12,2025,.7-11,ถ้วยใหม่,Wonton,Cooked Wonton,130g*24,SS,Regular,2613,62712,24.0,
,12,2025,MTFS,ซีพีเอฟ เทรดดิ้ง,E+Wonton,Cooked Wonton,90g*3B*6B,M,ซุปซอง 5g.,43,774,18.0,
,12,2025,MTFS,ซีพีเอฟ เทรดดิ้ง,E+Wonton,Cooked Wonton,145g*12,M,Regular,1250,15000,12.0,
,12,2025,MTFS,ซีพีเอฟ เทรดดิ้ง,E+Wonton TY,Cooked Wonton,143g*12,SS,TYNSF,800,9600,12.0,
,12,2025,MTFS,ซีพีเอฟ เทรดดิ้ง,E+Wonton TY,Cooked Wonton,143g*12,SS,TYNSF,200,2400,12.0,
02,12,2025,Japan,CPF JAPAN,R-Minced,Raw Wonton,500g*10inner*2C/B,BK,-,176,3520,20.0,
,12,2025,MTFS,ซีพีเอฟ เทรดดิ้ง,E+Wonton NDE,Cooked Wonton,226g*12,M,Regular,500,6000,12.0,
,12,2025,MTFS,ซีพีเอฟ เทรดดิ้ง,E+Minced NDE,Cooked Wonton,191g*12,BK,Regular,200,2400,12.0,
,12,2025,MTFS,ซีพีเอฟ เทรดดิ้ง,E+Minced WT,Cooked Wonton,135g*12,BK,Regular,300,3600,12.0,
,12,2025,.7-11,Seven ถ้วยดำ,E+Wonton,Cooked Wonton,145g*24,M,Regular,3413,81912,24.0,
02,12,2025,Japan,CPF JAPAN,R-Minced,Raw Wonton,500g*10inner*2C/B,BK,-,175,3500,20.0,
,12,2025,.7-11,Seven ถ้วยดำ,E+Wonton,Cooked Wonton,145g*24,M,Regular,3037,72888,24.0,
08,12,2025,MTFS,ซีพีเอฟ เทรดดิ้ง,E+Wonton,Cooked Wonton,270g*3B*6B,M,ซุปซอง 5g.,1000,18000,18.0,
16,12,2025,USA,"Bellisio Foods, Inc.",R-Wonton no egg,Raw Wonton,580g*10in,S,ซุปซอง 5g.,100,1000,10.0,
02,12,2025,Japan,CPF JAPAN,R-Minced,Raw Wonton,500g*10inner*2C/B,BK,-,129,2580,20.0,
13,12,2025,China,"Sam's (Shanghai) Investment Co., Ltd.",R-Wonton no egg,Raw Wonton,750g*8in,S,ซุปซอง 5g.,83,664,8.0,
,12,2025,.7-11,ถ้วยใหม่,Wonton,Cooked Wonton,130g*24,SS,Regular,3313,79512,24.0,
11,12,2025,SG,CPI SINGAPORE,Minced ND+หมาล่า,Cooked Wonton,300g*24,BK,หมาล่า,210,5040,24.0,
08,12,2025,MTFS,ซีพีเอฟ เทรดดิ้ง,R-Wonton no egg,Raw Wonton,220g*12in,SS,,1000,12000,12.0,
13,12,2025,China,"Sam's (Shanghai) Investment Co., Ltd.",R-Wonton no egg,Raw Wonton,750g*8in,S,ซุปซอง 5g.,819,6552,8.0,
13,12,2025,China,"Sam's (Shanghai) Investment Co., Ltd.",R-Wonton no egg,Raw Wonton,750g*8in,S,ซุปซอง 5g.,506,4048,8.0,
15,12,2025,China,"Sam's (Shanghai) Investment Co., Ltd.",R-Wonton no egg,Raw Wonton,750g*8in,S,ซุปซอง 5g.,1146,9168,8.0,
15,12,2025,China,"Sam's (Shanghai) Investment Co., Ltd.",R-Wonton no egg,Raw Wonton,750g*8in,S,ซุปซอง 5g.,262,2096,8.0,
,12,2025,MTFS,ซีพีเอฟ เทรดดิ้ง,R-Wonton no egg,Raw Wonton,220g*12in,SS,-,800,9600,12.0,
11,12,2025,SG,CPI SINGAPORE,R-Wonton egg past,Raw Wonton,194g*20in,JB,ซุปซอง 5g.,1000,20000,20.0,
11,12,2025,SG,CPI SINGAPORE,R-Minced egg past,Raw Wonton,90g*18in,BK,ซุปซอง 5g.,600,10800,18.0,
23,12,2025,Malay,CPM Malaysia,R-Wonton egg past,Raw Wonton,154g*20inner,S,ซุปซอง 5g.,400,8000,20.0,
,12,2025,.7-11,ถ้วยใหม่,Wonton,Cooked Wonton,130g*24,SS,Regular,3635,87240,24.0,
22,12,2025,SG,CPI SINGAPORE,R-Wonton egg past,Raw Wonton,204g*20in,S,sesame 30g,255,5100,20.0,
05,01,2026,SG,CPI SINGAPORE,R-Wonton egg past,Raw Wonton,154g*20in,S,ซุปซอง 5g.,1022,20440,20.0,
18,12,2025,AUS,CPF Australia Pty Ltd.,Wonton ND+V,Cooked Wonton,308g*6c*6in,HC,Regular,792,28512,36.0,
18,12,2025,AUS,CPF Australia Pty Ltd.,Wonton ND+V,Cooked Wonton,308g*6c*6in,HC,Regular,792,28512,36.0,
18,12,2025,AUS,CPF Australia Pty Ltd.,Wonton ND+V,Cooked Wonton,305g*8,HC,Regular,950,7600,8.0,
18,12,2025,New Zealand,Lim Brothers,Wonton ND+V,Cooked Wonton,305g*8,HC,Regular,432,3456,8.0,
25,12,2025,New Zealand,Shore Mariner Limited,Wonton ND+V,Cooked Wonton,305g*8,HC,Regular,260,2080,8.0,
18,12,2025,AUS,CPF Australia Pty Ltd.,Minced ND+V+TY,Cooked Wonton,302g*8,BK,TYEXSG+CO,500,4000,8.0,
18,12,2025,New Zealand,Lim Brothers,Minced ND+V+TY,Cooked Wonton,302g*8,BK,TYEXSG+CO,216,1728,8.0,
25,12,2025,New Zealand,Shore Mariner Limited,Minced ND+V+TY,Cooked Wonton,302g*8,BK,TYEXSG+CO,260,2080,8.0,
22,12,2025,SG,CPI SINGAPORE,R-Wonton egg past,Raw Wonton,204g*20in,S,sesame 30g,945,18900,20.0,
06,01,2026,HK,CPM Hongkong,R-Wonton egg past,Raw Wonton,101g*18in,S,ซุปซอง 5g.,1650,29700,18.0,
06,01,2026,HK,CPM Hongkong,R-Minced egg past,Raw Wonton,90g*18in,BK,ซุปซอง 5g.,250,4500,18.0,
22,12,2025,Japan,CPF JAPAN,R-Minced,Raw Wonton,500g*10inner*2C/B,BK,-,171,3420,20.0,
18,12,2025,New Zealand,Lim Brothers,C-Minced WT in tray no egg,Cooked Wonton,117*2tray*8in,BK,Sesame 15g,216,3456,16.0,
07,01,2026,USA,"Bellisio Foods, Inc.",Minced WT,Cooked Wonton,145g*6c*6,BK,Regular,300,19800,66.0,
07,01,2026,USA,"Bellisio Foods, Inc.",Minced WT,Cooked Wonton,145g*6c*6,BK,Regular,450,19800,44.0,
23,12,2025,Malay,CPM Malaysia,Wonton,Cooked Wonton,145g*24,M,Regular,900,21600,24.0,
23,12,2025,Malay,CPM Malaysia,Wonton+TY,Cooked Wonton,115g*24,M,TYTB3C 30G,850,20400,24.0,
22,12,2025,Japan,CPF JAPAN,R-Minced,Raw Wonton,500g*10inner*2C/B,BK,-,177,3540,20.0,
16,12,2025,USA,"Bellisio Foods, Inc.",Minced ND,Cooked Wonton,258g*4c*6in,BK,Regular,800,19200,24.0,
07,01,2026,USA,"Bellisio Foods, Inc.",Minced ND,Cooked Wonton,258g*4c*6in,BK,Regular,800,19200,24.0,
,12,2025,MTFS,ซีพีเอฟ เทรดดิ้ง,Wonton ND,Cooked Wonton,227g*12,SS,MK,3200,38400,12.0,
,01,2026,MTFS,ซีพีเอฟ เทรดดิ้ง,Wonton ND,Cooked Wonton,227g*12,SS,MK,884,10608,12.0,
22,12,2025,Japan,CPF JAPAN,R-Minced,Raw Wonton,500g*10inner*2C/B,BK,-,173,3460,20.0,
,12,2025,.7-11,ถ้วยใหม่,Wonton,Cooked Wonton,130g*24,SS,Regular,1996,47904,24.0,
26,12,2025,CAN,Bellisio Foods Canada,Minced ND,Cooked Wonton,258g*12,BK,Regular,2600,31200,12.0,
12,01,2026,SG,CPI SINGAPORE,Minced ND+หมาล่า,Cooked Wonton,300g*24,BK,หมาล่า,210,5040,24.0,
22,12,2025,Japan,CPF JAPAN,R-Minced,Raw Wonton,500g*10inner*2C/B,BK,-,181,3620,20.0,
,12,2025,.7-11,ถ้วยใหม่,Wonton,Cooked Wonton,130g*24,SS,Regular,706,16944,24.0,
07,01,2026,USA,"Bellisio Foods, Inc.",Minced ND,Cooked Wonton,258g*4c*6in,BK,Regular,800,19200,24.0,
07,01,2026,USA,"Bellisio Foods, Inc.",Minced ND,Cooked Wonton,258g*4c*6in,BK,Regular,700,16800,24.0,
16,12,2025,USA,"Bellisio Foods, Inc.",Minced ND+V,Cooked Wonton,308g*4c*6in,BK,Y3,150,3600,24.0,
07,01,2026,USA,"Bellisio Foods, Inc.",Minced ND+V,Cooked Wonton,308g*4c*6in,BK,Y3,170,4080,24.0,
19,12,2025,CAN,Bellisio Foods Canada,Wonton ND+BC,Cooked Wonton,308g*6c*6in,HC,Y3,611,21996,36.0,
22,12,2025,Japan,CPF JAPAN,R-Minced,Raw Wonton,500g*10inner*2C/B,BK,-,183,3660,20.0,
06,01,2026,UK,Westbridge Foods Limited (One UK),Wonton,Cooked Wonton,148g*6c*6in,HC,Regular,1288,46368,36.0,
06,01,2026,UK,Westbridge Foods Limited (One UK),Wonton,Cooked Wonton,148g*6c*6in,HC,Regular,1250,45000,36.0,
22,12,2025,Japan,CPF JAPAN,R-Minced,Raw Wonton,500g*10inner*2C/B,BK,-,155,3100,20.0,
12,01,2026,SG,CPI Singapore,Wonton ND+V,Cooked Wonton,219g*24,HC,ซุปซอง 10g.,500,12000,24.0,
26,12,2025,New Zealand,Lim Brothers,Wonton ND+V,Cooked Wonton,308g*6c*6in,HC,Regular,320,11520,36.0,
08,01,2025,AUS,CPF Australia Pty Ltd.,Wonton ND+V,Cooked Wonton,308g*6c*6in,HC,Regular,792,28512,36.0,
18,12,2025,New Zealand,Lim Brothers,Minced ND+V+TK,Cooked Wonton,302g*8,BK,Tomkha+CM,540,4320,8.0,
25,12,2025,New Zealand,Shore Mariner Limited,Minced ND+V+TK,Cooked Wonton,302g*8,BK,Tomkha+CM,260,2080,8.0,
13,01,2026,Denmark,CPF DENMARK,Minced ND+V+TK,Cooked Wonton,302g*8,BK,Tomkha+CM,3500,28000,8.0,
24,12,2025,Taiwan,CP TAIWAN,R-Wonton no egg,Raw Wonton,154g*40inner,M,ซุปซอง 5g.,606,24240,40.0,
19,12,2025,CAN,Bellisio Foods Canada,Wonton ND+BC,Cooked Wonton,308g*6c*6in,HC,Y3,147,5292,36.0,
19,12,2025,CAN,Bellisio Foods Canada,Wonton ND+BC,Cooked Wonton,308g*6c*6in,HC,Y3,792,28512,36.0,
19,12,2025,CAN,Bellisio Foods Canada,Wonton ND+BC,Cooked Wonton,308g*6c*6in,HC,Y3,792,28512,36.0,
19,12,2025,CAN,Bellisio Foods Canada,Wonton ND+BC,Cooked Wonton,308g*6c*6in,HC,Y3,792,28512,36.0,
06,01,2026,CAN,Bellisio Foods Canada,Wonton ND+BC,Cooked Wonton,308g*6c*6in,HC,Y3,30,1080,36.0,
24,12,2025,Taiwan,CP TAIWAN,R-Wonton no egg,Raw Wonton,154g*40inner,M,ซุปซอง 5g.,622,24880,40.0,
06,01,2026,SG,CPI SINGAPORE,Wonton,Cooked Wonton,145g*24,M,Regular,500,12000,24.0,
06,01,2026,SG,CPI SINGAPORE,Wonton +TY,Cooked Wonton,115g*24,M,TYTB3C 30G,500,12000,24.0,
25,12,2025,New Zealand,Shore Mariner Limited,Minced ND+Kee Mao,Cooked Wonton,242g*8,BK,Kee Mao,260,2080,8.0,
12,01,2026,SG,CPI SINGAPORE,Wonton ND+Kee Mao,Cooked Wonton,250g*24,M,Kee Mao,420,10080,24.0,
,12,2025,MTFS,ซีพีเอฟ เทรดดิ้ง,Minced+ND+Kee Mao แห้ง,Cooked Wonton,235g*12,BK,Kee Mao,1000,12000,12.0,
,01,2026,MTFS,ซีพีเอฟ เทรดดิ้ง,Minced+ND+Kee Mao แห้ง,Cooked Wonton,235g*12,BK,Kee Mao,500,6000,12.0,
,12,2025,MTFS,ซีพีเอฟ เทรดดิ้ง,Minced+ND+V+น้ำราดเป็ด,Cooked Wonton,235g*12,BK,น้ำราดเป็ด,1000,12000,12.0,
,01,2026,MTFS,ซีพีเอฟ เทรดดิ้ง,Minced+ND+V+น้ำราดเป็ด,Cooked Wonton,235g*12,BK,น้ำราดเป็ด,500,6000,12.0,
05,01,2026,SG,CPI SINGAPORE,R-Wonton egg past,Raw Wonton,154g*20in,S,ซุปซอง 5g.,1023,20460,20.0,
,12,2025,.7-11,Seven ถ้วยดำ,E+Wonton,Cooked Wonton,145g*24,M,Regular,50,1200,24.0,
,01,2026,.7-11,Seven ถ้วยดำ,E+Wonton,Cooked Wonton,145g*24,M,Regular,3723,89352,24.0,
24,12,2025,Taiwan,CP TAIWAN,R-Wonton no egg,Raw Wonton,154g*40inner,M,ซุปซอง 5g.,396,15840,40.0,
07,01,2026,USA,"Bellisio Foods, Inc.",R-Wonton no egg,Raw Wonton,580g*10in,S,ซุปซอง 5g.,100,1000,10.0,
07,01,2026,USA,"Bellisio Foods, Inc.",R-Wonton no egg,Raw Wonton,580g*10in,S,ซุปซอง 5g.,100,1000,10.0,
07,01,2026,USA,"Bellisio Foods, Inc.",R-Wonton no egg,Raw Wonton,580g*10in,S,ซุปซอง 5g.,100,1000,10.0,
,12,2025,MTFS,ซีพีเอฟ เทรดดิ้ง,E+Wonton,Cooked Wonton,145g*12,M,Regular,1250,15000,12.0,
,01,2026,MTFS,ซีพีเอฟ เทรดดิ้ง,E+Wonton,Cooked Wonton,145g*12,M,Regular,1498,17976,12.0,
,01,2026,MTFS,ซีพีเอฟ เทรดดิ้ง,E+Wonton TY,Cooked Wonton,143g*12,SS,TYNSF,600,7200,12.0,
,12,2025,MTFS,ซีพีเอฟ เทรดดิ้ง,E+Wonton TY,Cooked Wonton,143g*3ถ้วย*6ถุง,SS,TYNSF,2500,45000,18.0,
25,12,2025,China,"Charoen Pokphand Import&Export Trading (Shanghai) Co., Ltd",R-Wonton no egg,Raw Wonton,154g*20in,S,ซุปซอง 5g.,1386,27720,20.0,
,01,2026,MTFS,ซีพีเอฟ เทรดดิ้ง,E+Wonton NDE,Cooked Wonton,226g*12,M,Regular,500,6000,12.0,
,01,2026,MTFS,ซีพีเอฟ เทรดดิ้ง,E+Minced NDE,Cooked Wonton,191g*12,BK,Regular,200,2400,12.0,
,01,2026,MTFS,ซีพีเอฟ เทรดดิ้ง,E+Minced WT,Cooked Wonton,135g*12,BK,Regular,200,2400,12.0,
,01,2026,MTFS,ซีพีเอฟ เทรดดิ้ง,E+Wonton,Cooked Wonton,145g*12,M,Regular,12,144,12.0,
,01,2026,MTFS,ซีพีเอฟ เทรดดิ้ง,E+Wonton,Cooked Wonton,145g*12,M,Regular,2220,26640,12.0,
,01,2026,.7-11,Seven ถ้วยดำ,E+Wonton,Cooked Wonton,145g*24,M,Regular,1136,27264,24.0,
,01,2026,MTFS,ซีพีเอฟ เทรดดิ้ง,E+Wonton,Cooked Wonton,90g*3B*6B,M,ซุปซอง 5g.,1200,21600,18.0,
05,01,2026,SG,CPI SINGAPORE,R-Wonton egg past,Raw Wonton,154g*20in,S,ซุปซอง 5g.,955,19100,20.0,
07,01,2026,SG,CPI SINGAPORE,R-Wonton egg past,Raw Wonton,154g*20in,S,ซุปซอง 5g.,98,1960,20.0,
06,01,2026,UK,Westbridge Foods Limited (One UK),Wonton,Cooked Wonton,148g*6c*6in,HC,Regular,1288,46368,36.0,
06,01,2026,UK,Westbridge Foods Limited (One UK),Wonton,Cooked Wonton,148g*6c*6in,HC,Regular,1288,46368,36.0,
07,01,2026,SG,CPI SINGAPORE,R-Wonton egg past,Raw Wonton,154g*20in,S,ซุปซอง 5g.,2425,48500,20.0,
07,01,2026,SG,CPI SINGAPORE,R-Wonton egg past,Raw Wonton,154g*20in,S,ซุปซอง 5g.,477,9540,20.0,
06,01,2026,SG,CPI SINGAPORE,R-Minced egg past,Raw Wonton,90g*18in,BK,ซุปซอง 5g.,400,7200,18.0,
12,01,2026,SG,CPI SINGAPORE,R-Minced egg past,Raw Wonton,90g*18in,BK,ซุปซอง 5g.,398,7164,18.0,
06,01,2026,UK,Westbridge Foods Limited (One UK),Wonton,Cooked Wonton,148g*6c*6in,HC,Regular,1288,46368,36.0,
06,01,2026,UK,Westbridge Foods Limited (One UK),Wonton,Cooked Wonton,148g*6c*6in,HC,Regular,1288,46368,36.0,
12,01,2026,SG,CPI SINGAPORE,R-Minced egg past,Raw Wonton,90g*18in,BK,ซุปซอง 5g.,202,3636,18.0,
12,01,2026,SG,CPI SINGAPORE,R-Wonton egg past,Raw Wonton,194g*20in,JB,ซุปซอง 5g.,1000,20000,20.0,
26,12,2025,CAN,Bellisio Foods Canada,Minced ND,Cooked Wonton,258g*12,BK,Regular,765,9180,12.0,
26,12,2025,China,"Charoen Pokphand Import&Export Trading (Shanghai) Co., Ltd",Wonton+TY,Cooked Wonton,147g*6c*6in,M,TYEXSG+CO,550,19800,36.0,
13,01,2026,Denmark,CPF DENMARK,Minced ND+V+TY,Cooked Wonton,302g*12,BK,TYEXSG+CO,2520,30240,12.0,
16,01,2026,SG,CPI SINGAPORE,R-Wonton egg past,Raw Wonton,154g*20in,S,ซุปซอง 5g.,1196,23920,20.0,
26,12,2025,China,"Charoen Pokphand Import&Export Trading (Shanghai) Co., Ltd",Wonton ND+V,Cooked Wonton,308g*6c*6in,HC,Y3,450,16200,36.0,
22,01,2026,AUS,CPF Australia Pty Ltd.,Wonton ND+V,Cooked Wonton,308g*6c*6in,HC,Regular,792,28512,36.0,
29,01,2026,AUS,CPF Australia Pty Ltd.,Wonton ND+V,Cooked Wonton,308g*6c*6in,HC,Regular,792,28512,36.0,
15,01,2026,AUS,CPF Australia Pty Ltd.,Wonton ND+V+TY,Cooked Wonton,307g*4c*6in,M,TYEXSG+CO,924,22176,24.0,
16,01,2026,SG,CPI SINGAPORE,R-Wonton egg past,Raw Wonton,154g*20in,S,ซุปซอง 5g.,804,16080,20.0,
,01,2026,.7-11,STK ตรุษจีน,Wonton,Cooked Wonton,130g*24,SS,Regular,3778,90672,24.0,
15,01,2026,Japan,CPF JAPAN,R-Minced,Raw Wonton,500g*10inner*2C/B,BK,-,349,6980,20.0,
15,01,2026,Japan,CPF JAPAN,R-Minced,Raw Wonton,500g*10inner*2C/B,BK,-,354,7080,20.0,
15,01,2026,Japan,CPF JAPAN,R-Minced,Raw Wonton,500g*10inner*2C/B,BK,-,337,6740,20.0,
16,01,2026,SG,CP FOODS SINGAPORE PTE. LTD,R-Wonton egg past,Raw Wonton,154g*20in,S,ซุปซอง 5g.,275,5500,20.0,
16,01,2026,SG,CP FOODS SINGAPORE PTE. LTD,R-Wonton egg past,Raw Wonton,154g*20in,S,ซุปซอง 5g.,725,14500,20.0,
14,01,2026,SG,CP FOODS SINGAPORE PTE. LTD,R-Wonton egg past,Raw Wonton,204g*20in,S,sesame 30g,1200,24000,20.0,
18,02,2026,SG,CP FOODS SINGAPORE PTE. LTD,R-Wonton egg past,Raw Wonton,126g*18in,S,TYTB3C 30G,500,9000,18.0,
,01,2026,MTFS,ซีพีเอฟ เทรดดิ้ง,R-Wonton no egg,Raw Wonton,220g*12in,SS,-,700,8400,12.0,
14,01,2026,SG,CP FOODS SINGAPORE PTE. LTD,Wonton +TY,Cooked Wonton,115g*24,M,TYTB3C 30G,500,12000,24.0,
13,01,2026,UK,Westbridge Foods Limited (One UK),Wonton,Cooked Wonton,148g*6c*6in,HC,Regular,1288,46368,36.0,
13,01,2026,UK,Westbridge Foods Limited (One UK),Wonton,Cooked Wonton,148g*6c*6in,HC,Regular,749,26964,36.0,
13,01,2026,UK,Westbridge Foods Limited (One UK),Wonton,Cooked Wonton,148g*6c*6in,HC,Regular,539,19404,36.0,
13,01,2026,UK,Westbridge Foods Limited (One UK),Wonton,Cooked Wonton,148g*6c*6in,HC,Regular,1288,46368,36.0,
13,01,2026,UK,Westbridge Foods Limited (One UK),Wonton,Cooked Wonton,148g*6c*6in,HC,Regular,297,10692,36.0,
20,01,2026,China,"Sam's (Shanghai) Investment Co., Ltd.",R-Wonton no egg,Raw Wonton,750g*8in,S,ซุปซอง 5g.,791,6328,8.0,
13,01,2026,UK,Westbridge Foods Limited (One UK),Wonton,Cooked Wonton,148g*6c*6in,HC,Regular,991,35676,36.0,
13,01,2026,UK,Westbridge Foods Limited (One UK),Wonton,Cooked Wonton,148g*6c*6in,HC,Regular,87,3132,36.0,
,01,2026,.7-11,STK ตรุษจีน,Wonton,Cooked Wonton,130g*24,SS,Regular,988,23712,24.0,
20,01,2026,China,"Sam's (Shanghai) Investment Co., Ltd.",R-Wonton no egg,Raw Wonton,750g*8in,S,ซุปซอง 5g.,617,4936,8.0,
13,01,2026,UK,Westbridge Foods Limited (One UK),Wonton,Cooked Wonton,148g*6c*6in,HC,Regular,163,5868,36.0,
22,01,2026,Japan,CPF JAPAN,Wonton,Cooked Wonton,148g*6c*6in,M,Regular,1288,46368,36.0,
22,01,2026,USA,"Bellisio Foods, Inc.",Minced WT,Cooked Wonton,145g*8,BK,Regular,5000,19800,3.96,
23,01,2026,China,"Sam's (Shanghai) Investment Co., Ltd.",R-Wonton no egg,Raw Wonton,750g*8in,S,ซุปซอง 5g.,824,6592,8.0,
19,01,2026,CAN,Bellisio Foods Canada,Minced ND,Cooked Wonton,258g*12,BK,Regular,765,9180,12.0,
23,01,2026,CAN,Bellisio Foods Canada,Wonton ND+BC,Cooked Wonton,308g*6c*6in,HC,Y3,762,27432,36.0,
23,01,2026,CAN,Bellisio Foods Canada,Wonton ND+BC,Cooked Wonton,308g*6c*6in,HC,Y3,792,28512,36.0,
21,01,2026,China,"Charoen Pokphand Import&Export Trading (Shanghai) Co., Ltd",Wonton ND+V,Cooked Wonton,308g*6c*6in,HC,Y3,320,11520,36.0,
23,01,2026,China,"Sam's (Shanghai) Investment Co., Ltd.",R-Wonton no egg,Raw Wonton,750g*8in,S,ซุปซอง 5g.,584,4672,8.0,
,01,2026,.7-11,STK ตรุษจีน,Wonton,Cooked Wonton,130g*24,SS,Regular,1340,32160,24.0,
,01,2026,.7-11,STK ตรุษจีน,Wonton,Cooked Wonton,130g*24,SS,Regular,1035,24840,24.0,
,01,2026,MTFS,ซีพีเอฟ เทรดดิ้ง,E+Wonton,Cooked Wonton,90g*3B*6B,M,ซุปซอง 5g.,1200,21600,18.0,
,01,2026,.7-11,Seven ถ้วยดำ,E+Wonton,Cooked Wonton,145g*24,M,Regular,1136,27264,24.0,
,01,2026,.7-11,Seven ถ้วยดำ,E+Wonton,Cooked Wonton,145g*24,M,Regular,704,16896,24.0,
,12,2025,MTFS,ซีพีเอฟ เทรดดิ้ง,E+Wonton TY,Cooked Wonton,143g*3ถ้วย*6ถุง,SS,TYNSF,1750,31500,18.0,
20,01,2026,UK,Westbridge Foods Limited (One UK),Wonton,Cooked Wonton,148g*6c*6in,HC,Regular,1288,46368,36.0,
20,01,2026,UK,Westbridge Foods Limited (One UK),Wonton,Cooked Wonton,148g*6c*6in,HC,Regular,1288,46368,36.0,
,01,2026,MTFS,ซีพีเอฟ เทรดดิ้ง,E+Wonton,Cooked Wonton,145g*12,M,Regular,2220,26640,12.0,
,01,2026,MTFS,ซีพีเอฟ เทรดดิ้ง,E+Wonton,Cooked Wonton,145g*12,M,Regular,32,384,12.0,
,01,2026,.7-11,Seven ถ้วยดำ,E+Wonton,Cooked Wonton,145g*24,M,Regular,855,20520,24.0,
,01,2026,.7-11,Seven ถ้วยดำ,E+Wonton,Cooked Wonton,145g*24,M,Regular,654,15696,24.0,
,01,2026,MTFS,ซีพีเอฟ เทรดดิ้ง,E+Wonton NDE,Cooked Wonton,226g*12,M,Regular,500,6000,12.0,
,01,2026,.7-11,STK ตรุษจีน,Wonton,Cooked Wonton,130g*24,SS,Regular,868,20832,24.0,
29,01,2026,AUS,CPF Australia Pty Ltd.,Wonton ND+V,Cooked Wonton,308g*6c*6in,HC,Regular,792,28512,36.0,
10,02,2026,Germany,CPF Distribution (under Paulsen Food),Wonton ND+V,Cooked Wonton,309g*12,S,Regular,2278,27336,12.0,
03,02,2026,Denmark,CPF DENMARK,Minced ND+V+TK,Cooked Wonton,302g*8,BK,Tomkha+CM,3500,28000,8.0,
11,02,2026,Germany,CPF Distribution (under Paulsen Food),Minced ND+V+TK,Cooked Wonton,302g*12,BK,Tomkha+CM,1139,13668,12.0,
29,01,2026,Japan,CPF JAPAN,Wonton,Cooked Wonton,148g*6c*6in,M,Regular,1288,46368,36.0,
,01,2026,.7-11,STK ตรุษจีน,Wonton,Cooked Wonton,130g*24,SS,Regular,1444,34656,24.0,
27,01,2026,Denmark,CPF DENMARK,Minced ND+V+TY,Cooked Wonton,302g*12,BK,TYEXSG+CO,2520,30240,12.0,
29,01,2026,AUS,CPF Australia Pty Ltd.,Wonton ND+V+TY,Cooked Wonton,307g*4c*6in,M,TYEXSG+CO,133,3192,24.0,
,01,2026,.7-11,Seven ถ้วยดำ,E+Wonton,Cooked Wonton,145g*24,M,Regular,742,17808,24.0,
,02,2026,.7-11,Seven ถ้วยดำ,E+Wonton,Cooked Wonton,145g*24,M,Regular,861,20664,24.0,
,01,2026,.7-11,CPFGS,E+NDเส้นมัน+หมาล่า,Cooked Wonton,250g*24,SS,หมาล่า,1861,44664,24.0,
,02,2026,.7-11,Seven ถ้วยดำ,E+Wonton,Cooked Wonton,145g*24,M,Regular,1706,40944,24.0,
,01,2026,.7-11,CPFGS,E+NDเส้นมัน+หมาล่า,Cooked Wonton,250g*24,SS,หมาล่า,2034,48816,24.0,
,02,2026,MTFS,ซีพีเอฟ เทรดดิ้ง,E+Wonton NDE,Cooked Wonton,226g*12,M,Regular,500,6000,12.0,
,01,2026,MTFS,ซีพีเอฟ เทรดดิ้ง,E+Minced NDE,Cooked Wonton,191g*12,BK,Regular,114,1368,12.0,
,02,2026,MTFS,ซีพีเอฟ เทรดดิ้ง,E+Minced NDE,Cooked Wonton,191g*12,BK,Regular,200,2400,12.0,
,01,2026,MTFS,ซีพีเอฟ เทรดดิ้ง,E+Minced WT,Cooked Wonton,135g*12,BK,Regular,123,1476,12.0,
,02,2026,MTFS,ซีพีเอฟ เทรดดิ้ง,E+Minced WT,Cooked Wonton,135g*12,BK,Regular,200,2400,12.0,
,02,2026,MTFS,ซีพีเอฟ เทรดดิ้ง,E+Wonton,Cooked Wonton,145g*12,M,Regular,12,144,12.0,
,02,2026,MTFS,ซีพีเอฟ เทรดดิ้ง,E+Wonton,Cooked Wonton,145g*12,M,Regular,1250,15000,12.0,
15,02,2026,Laos,บริษัท ปิก้าเทรดดิ้ง จำกัด,E+Wonton,Cooked Wonton,145g*12,M,Regular,100,1200,12.0,
,01,2026,.7-11,CPFGS,E+NDเส้นมัน+หมาล่า,Cooked Wonton,250g*24,SS,หมาล่า,1705,40920,24.0,
11,02,2026,Taiwan,CP TAIWAN,R-Wonton no egg,Raw Wonton,154g*40inner,M,ซุปซอง 5g.,430,17200,40.0,
19,02,2026,Japan,CPF JAPAN,R-Minced,Raw Wonton,500g*10inner*2C/B,BK,-,200,4000,20.0,
,01,2026,.7-11,STK ตรุษจีน,Wonton,Cooked Wonton,130g*24,SS,Regular,1211,29064,24.0,
05,02,2026,AUS,CPF Australia Pty Ltd.,Wonton ND+V,Cooked Wonton,308g*6c*6in,HC,Regular,792,28512,36.0,
05,02,2026,AUS,CPF Australia Pty Ltd.,Wonton ND+V,Cooked Wonton,308g*6c*6in,HC,Regular,792,28512,36.0,
30,01,2026,AUS,CPF Australia Pty Ltd.,Wonton ND+V+TY,Cooked Wonton,307g*4c*6in,M,TYEXSG+CO,791,18984,24.0,
05,02,2026,New Zealand,"Lim Brothers Import&Export Co.,Ltd.",Wonton ND+V+TY,Cooked Wonton,307g*4c*6in,M,TYEXSG+CO,390,9360,24.0,
11,02,2026,Germany,CPF Distribution (under Paulsen Food),Minced ND+V+TY,Cooked Wonton,302g*12,BK,TYEXSG+CO,1139,13668,12.0,
19,02,2026,Japan,CPF JAPAN,R-Minced,Raw Wonton,500g*10inner*2C/B,BK,-,166,3320,20.0,
05,02,2026,Japan,CPF JAPAN,Wonton,Cooked Wonton,148g*6c*6in,M,Regular,1288,46368,36.0,
,01,2026,.7-11,STK ตรุษจีน,Wonton,Cooked Wonton,130g*24,SS,Regular,1420,34080,24.0,
19,02,2026,Japan,CPF JAPAN,R-Minced,Raw Wonton,500g*10inner*2C/B,BK,-,177,3540,20.0,
,02,2026,.7-11,Seven ถ้วยดำ,E+Wonton,Cooked Wonton,145g*24,M,Regular,2477,59448,24.0,
,02,2026,.7-11,CPFGS,E+NDเส้นมัน+หมาล่า,Cooked Wonton,250g*24,SS,หมาล่า,1315,31560,24.0,
19,02,2026,Japan,CPF JAPAN,R-Minced,Raw Wonton,500g*10inner*2C/B,BK,-,181,3620,20.0,
,02,2026,.7-11,Seven ถ้วยดำ,E+Wonton,Cooked Wonton,145g*24,M,Regular,2488,59712,24.0,
,02,2026,.7-11,CPFGS,E+NDเส้นมัน+หมาล่า,Cooked Wonton,250g*24,SS,หมาล่า,1419,34056,24.0,
19,02,2026,Japan,CPF JAPAN,R-Minced,Raw Wonton,500g*10inner*2C/B,BK,-,172,3440,20.0,
04,02,2026,USA,"Bellisio Foods, Inc.",Minced ND,Cooked Wonton,258g*4c*6in,BK,Regular,1100,26400,24.0,
04,02,2026,USA,"Bellisio Foods, Inc.",Minced WT,Cooked Wonton,145g*8,BK,Regular,300,19800,66.0,
,02,2026,.7-11,ถ้วยใหม่,Wonton,Cooked Wonton,130g*24,SS,Regular,2280,54720,24.0,
,02,2026,.7-11,ถ้วยใหม่,Wonton,Cooked Wonton,130g*24,SS,Regular,2119,50856,24.0,
12,02,2026,AUS,CPF Australia Pty Ltd.,Wonton ND+V,Cooked Wonton,308g*6c*6in,HC,Regular,792,28512,36.0,
14,02,2026,AUS,CPF Australia Pty Ltd.,Wonton ND+V,Cooked Wonton,308g*6c*6in,HC,Regular,792,28512,36.0,
16,02,2026,Denmark,CPF DENMARK,Wonton ND+V+TY,Cooked Wonton,309g*8,M,TYANSSG+CM,3500,28000,8.0,
19,02,2026,Japan,CPF JAPAN,R-Minced,Raw Wonton,500g*10inner*2C/B,BK,-,144,2880,20.0,
,02,2026,ขายภายใน,ซีพีเอฟ เทรดดิ้ง,R-Wonton egg past,Raw Wonton,600g.*8 packs,M,,200,1600,8.0,
12,02,2026,Malay,CPM Malaysia,R-Wonton egg past,Raw Wonton,154g*20inner,S,ซุปซอง 5g.,300,6000,20.0,
11,02,2026,SG,CP FOODS SINGAPORE PTE. LTD,R-Wonton egg past,Raw Wonton,154g*20in,S,ซุปซอง 5g.,800,16000,20.0,
11,02,2026,SG,CP FOODS SINGAPORE PTE. LTD,R-Wonton egg past,Raw Wonton,154g*20in,S,ซุปซอง 5g.,1100,22000,20.0,
11,02,2026,UK,Westbridge Foods Limited (One UK),Wonton,Cooked Wonton,148g*6c*6in,HC,Regular,1288,46368,36.0,
12,02,2026,Malay,CPM Malaysia,Wonton,Cooked Wonton,145g*24,M,Regular,1250,30000,24.0,
12,02,2026,Malay,CPM Malaysia,Wonton+TY,Cooked Wonton,115g*24,M,TYTB3C 30G,600,14400,24.0,
25,02,2026,HK,CPM Hongkong,R-Wonton egg past,Raw Wonton,101g*18in,S,ซุปซอง 5g.,1900,34200,18.0,
,02,2026,.7-11,ถ้วยใหม่,Wonton,Cooked Wonton,130g*24,SS,Regular,2419,58056,24.0,
11,02,2026,SG,CP FOODS SINGAPORE PTE. LTD,Wonton,Cooked Wonton,145g*24,M,Regular,200,4800,24.0,
11,02,2026,SG,CP FOODS SINGAPORE PTE. LTD,Minced ND+หมาล่า,Cooked Wonton,300g*24,BK,หมาล่า,210,5040,24.0,
18,02,2026,Taiwan,CP TAIWAN,R-Wonton no egg,Raw Wonton,154g*40inner,M,ซุปซอง 5g.,606,24240,40.0,
12,02,2026,Japan,CPF JAPAN,Wonton,Cooked Wonton,148g*6c*6in,M,Regular,1288,46368,36.0,
26,02,2026,Japan,CPF JAPAN,Wonton,Cooked Wonton,148g*6c*6in,M,Regular,1288,46368,36.0,
,02,2026,.7-11,ถ้วยใหม่,Wonton,Cooked Wonton,130g*24,SS,Regular,667,16008,24.0,
19,02,2026,Taiwan,CP TAIWAN,R-Wonton no egg,Raw Wonton,154g*40inner,M,ซุปซอง 5g.,588,23520,40.0,
,02,2026,.7-11,ถ้วยใหม่,Wonton,Cooked Wonton,130g*24,SS,Regular,2077,49848,24.0,
24,02,2026,UK,Food Fellas,Wonton +TY,Cooked Wonton,147g*8,M,TYEXSG+CO,500,4000,8.0,
24,02,2026,UK,Food Fellas,Wonton ND+BC+TY,Cooked Wonton,307g*8,M,TYEXSG+CO,500,4000,8.0,
10,03,2026,Netherlands,Westbridge Foods Limited,Wonton ND+V+TY,Cooked Wonton,307g*4c*6in,M,TYEXSG+CO,924,22176,24.0,
,02,2026,.7-11,ถ้วยใหม่,Wonton,Cooked Wonton,130g*24,SS,Regular,5543,133032,24.0,
24,02,2026,UK,Food Fellas,Wonton,Cooked Wonton,145g*8,HC,Regular,400,19800,49.5,
24,02,2026,UK,Food Fellas,Wonton +LS,Cooked Wonton,147g*8,M,Laksa,500,4000,8.0,
24,02,2026,UK,Food Fellas,Minced ND+BC+LS,Cooked Wonton,315g*8,BK,Laksa,500,4000,8.0,
23,02,2026,China,"Sam's (Shanghai) Investment Co., Ltd.",R-Wonton no egg,Raw Wonton,750g*8in,S,ซุปซอง 5g.,753,6024,8.0,
,02,2026,.7-11,ถ้วยใหม่,Wonton,Cooked Wonton,130g*24,SS,Regular,850,20400,24.0,
23,02,2026,CAN,Bellisio Foods Canada,Minced ND,Cooked Wonton,258g*12,BK,Regular,2600,31200,12.0,
13,02,2026,China,"Charoen Pokphand Import&Export Trading (Shanghai) Co., Ltd",Wonton ND+V,Cooked Wonton,308g*6c*6in,HC,Y3,200,7200,36.0,
18,02,2026,China,"Charoen Pokphand Import&Export Trading (Shanghai) Co., Ltd",Wonton ND+V,Cooked Wonton,308g*6c*6in,HC,Y3,792,28512,36.0,
23,02,2026,China,"Sam's (Shanghai) Investment Co., Ltd.",R-Wonton no egg,Raw Wonton,750g*8in,S,ซุปซอง 5g.,655,5240,8.0,
,02,2026,MTFS,ซีพีเอฟ เทรดดิ้ง,Minced+ND+Kee Mao แห้ง,Cooked Wonton,235g*3ถ้วย*6ถุง,BK,Kee Mao,2334,42012,18.0,
,02,2026,MTFS,ซีพีเอฟ เทรดดิ้ง,Minced+ND+V+น้ำราดเป็ด,Cooked Wonton,235g*3ถ้วย*6ถุง,BK,น้ำราดเป็ด,2334,42012,18.0,
23,02,2026,Japan,CPF JAPAN,R-Minced,Raw Wonton,500g*10inner*2C/B,BK,-,184,3680,20.0,
24,02,2026,UK,Food Fellas,Wonton ND,Cooked Wonton,258g*8,HC,Regular,1000,8000,8.0,
,03,2026,MTFS,ซีพีเอฟ เทรดดิ้ง,E+Minced NDE,Cooked Wonton,191g*12,BK,Regular,200,2400,12.0,
,03,2026,MTFS,ซีพีเอฟ เทรดดิ้ง,E+Minced NDE,Cooked Wonton,191g*12,BK,Regular,50,600,12.0,
,03,2026,MTFS,ซีพีเอฟ เทรดดิ้ง,E+Minced WT,Cooked Wonton,135g*12,BK,Regular,200,2400,12.0,
,03,2026,MTFS,ซีพีเอฟ เทรดดิ้ง,E+Minced WT,Cooked Wonton,135g*12,BK,Regular,200,2400,12.0,
,03,2026,MTFS,ซีพีเอฟ เทรดดิ้ง,E+Minced WT,Cooked Wonton,135g*12,BK,Regular,200,2400,12.0,
15,03,2026,Laos,บริษัท ปิก้าเทรดดิ้ง จำกัด,E+Wonton,Cooked Wonton,145g*12,M,Regular,100,1200,12.0,
15,03,2026,Laos,บริษัท ปิก้าเทรดดิ้ง จำกัด,E+Wonton,Cooked Wonton,145g*12,M,Regular,100,1200,12.0,
,03,2026,MTFS,ซีพีเอฟ เทรดดิ้ง,E+Wonton,Cooked Wonton,145g*12,M,Regular,12,144,12.0,
,03,2026,MTFS,ซีพีเอฟ เทรดดิ้ง,E+Wonton,Cooked Wonton,145g*12,M,Regular,2500,30000,12.0,
,02,2026,.7-11,Seven ถ้วยดำ,E+Wonton,Cooked Wonton,145g*24,M,Regular,967,23208,24.0,
,03,2026,MTFS,ซีพีเอฟ เทรดดิ้ง,E+Wonton TY,Cooked Wonton,143g*12,SS,TYNSF,600,7200,12.0,
23,02,2026,Japan,CPF JAPAN,R-Minced,Raw Wonton,500g*10inner*2C/B,BK,-,172,3440,20.0,
,02,2026,.7-11,Seven ถ้วยดำ,E+Wonton,Cooked Wonton,145g*24,M,Regular,4005,96120,24.0,
,03,2026,.7-11,Seven ถ้วยดำ,E+Wonton,Cooked Wonton,145g*24,M,Regular,52,1248,24.0,
23,02,2026,Japan,CPF JAPAN,R-Minced,Raw Wonton,500g*10inner*2C/B,BK,-,174,3480,20.0,
,02,2026,.7-11,ถ้วยใหม่,Wonton,Cooked Wonton,130g*24,SS,Regular,1545,37080,24.0,
,03,2026,.7-11,ถ้วยใหม่,Wonton,Cooked Wonton,130g*24,SS,Regular,56,1344,24.0,
,03,2026,.7-11,Seven ถ้วยดำ,E+Wonton,Cooked Wonton,145g*24,M,Regular,2095,50280,24.0,
23,02,2026,Japan,CPF JAPAN,R-Minced,Raw Wonton,500g*10inner*2C/B,BK,-,177,3540,20.0,
,03,2026,.7-11,ถ้วยใหม่,Wonton,Cooked Wonton,130g*24,SS,Regular,1724,41376,24.0,
05,03,2026,AUS,CPF Australia Pty Ltd.,Wonton ND+V,Cooked Wonton,308g*6c*6in,HC,Regular,792,28512,36.0,
12,03,2026,AUS,CPF Australia Pty Ltd.(Woolworth),Wonton ND+V,Cooked Wonton,305g*5,HC,Regular,5000,25000,5.0,
23,02,2026,Japan,CPF JAPAN,R-Minced,Raw Wonton,500g*10inner*2C/B,BK,-,333,6660,20.0,
02,03,2026,Japan,CPF JAPAN,R-Minced,Raw Wonton,500g*10inner*2C/B,BK,-,30,600,20.0,
02,03,2026,Japan,CPF JAPAN,R-Minced,Raw Wonton,500g*10inner*2C/B,BK,-,210,4200,20.0,
,03,2026,.7-11,Seven ถ้วยดำ,E+Wonton,Cooked Wonton,145g*24,M,Regular,954,22896,24.0,
,03,2026,.7-11,CPFGS,E+NDเส้นมัน+หมาล่า,Cooked Wonton,250g*24,SS,หมาล่า,2492,59808,24.0,
02,03,2026,Japan,CPF JAPAN,R-Minced,Raw Wonton,500g*10inner*2C/B,BK,-,217,4340,20.0,
,03,2026,.7-11,Seven ถ้วยดำ,E+Wonton,Cooked Wonton,145g*24,M,Regular,913,21912,24.0,
,03,2026,.7-11,CPFGS,E+NDเส้นมัน+หมาล่า,Cooked Wonton,250g*24,SS,หมาล่า,2505,60120,24.0,
02,03,2026,Japan,CPF JAPAN,R-Minced,Raw Wonton,500g*10inner*2C/B,BK,-,212,4240,20.0,
,03,2026,.7-11,CPFGS,Wonton ND+เย็นตาโฟ,Cooked Wonton,225g*12,BK,เย็นตาโฟ,1260,15120,12.0,
,03,2026,.7-11,Seven ถ้วยดำ,E+Wonton,Cooked Wonton,145g*24,M,Regular,2082,49968,24.0,
02,03,2026,Japan,CPF JAPAN,R-Minced,Raw Wonton,500g*10inner*2C/B,BK,-,211,4220,20.0,
,03,2026,.7-11,CPFGS,Wonton ND+เย็นตาโฟ,Cooked Wonton,225g*12,BK,เย็นตาโฟ,1334,16008,12.0,
,03,2026,.7-11,Seven ถ้วยดำ,E+Wonton,Cooked Wonton,145g*24,M,Regular,1312,31488,24.0,
,03,2026,MTFS,ซีพีเอฟ เทรดดิ้ง,E+Wonton,Cooked Wonton,90g*3B*6B,M,ซุปซอง 5g.,875,15750,18.0,
02,03,2026,Japan,CPF JAPAN,R-Minced,Raw Wonton,500g*10inner*2C/B,BK,-,160,3200,20.0,
,03,2026,.7-11,CPFGS,Wonton ND+เย็นตาโฟ,Cooked Wonton,225g*12,BK,เย็นตาโฟ,1177,14124,12.0,
04,03,2026,USA,"Bellisio Foods, Inc.",Minced WT,Cooked Wonton,145g*8,BK,Regular,5000,19800,3.96,
10,03,2026,SG,CP FOODS SINGAPORE PTE. LTD,R-Wonton egg past,Raw Wonton,194g*20in,JB,ซุปซอง 5g.,250,5000,20.0,
10,03,2026,SG,CP FOODS SINGAPORE PTE. LTD,R-Wonton egg past,Raw Wonton,126g*18in,S,TYTB3C 30G,500,9000,18.0,
10,03,2026,SG,CP FOODS SINGAPORE PTE. LTD,R-Wonton egg past,Raw Wonton,154g*20in,S,ซุปซอง 5g.,899,17980,20.0,
,03,2026,.7-11,CPFGS,Wonton ND+เย็นตาโฟ,Cooked Wonton,225g*12,BK,เย็นตาโฟ,1302,15624,12.0,
12,03,2026,AUS,CPF Australia Pty Ltd.(Woolworth),Wonton ND+V,Cooked Wonton,305g*5,HC,Regular,5000,25000,5.0,
19,03,2026,AUS,CPF Australia Pty Ltd.(Woolworth),Wonton ND+V,Cooked Wonton,305g*5,HC,Regular,5000,25000,5.0,
06,03,2026,China,"Sam's (Shanghai) Investment Co., Ltd.",R-Wonton egg past,Raw Wonton,770g*8in,S,ซุปซอง 5g.,925,7400,8.0,
,03,2026,.7-11,CPFGS,Wonton ND+เย็นตาโฟ,Cooked Wonton,225g*12,BK,เย็นตาโฟ,1141,13692,12.0,
12,03,2026,AUS,CPF Australia Pty Ltd.(Woolworth),Minced ND+V+TK,Cooked Wonton,302g*5,BK,Tomkha+CM,5000,25000,5.0,
19,03,2026,AUS,CPF Australia Pty Ltd.(Woolworth),Minced ND+V+TK,Cooked Wonton,302g*5,BK,Tomkha+CM,5000,25000,5.0,
06,03,2026,China,"Sam's (Shanghai) Investment Co., Ltd.",R-Wonton egg past,Raw Wonton,770g*8in,S,ซุปซอง 5g.,483,3864,8.0,
09,03,2026,China,"Sam's (Shanghai) Investment Co., Ltd.",R-Wonton egg past,Raw Wonton,770g*8in,S,ซุปซอง 5g.,576,4608,8.0,
,03,2026,.7-11,CPFGS,Wonton ND+เย็นตาโฟ,Cooked Wonton,225g*12,BK,เย็นตาโฟ,1231,14772,12.0,
02,03,2026,Japan,CPF JAPAN,R-Minced,Raw Wonton,500g*10inner*2C/B,BK,-,215,4300,20.0,
12,03,2026,Japan,CPF JAPAN,R-Minced,Raw Wonton,500g*10inner*2C/B,BK,-,8,160,20.0,
,03,2026,.7-11,CPFGS,Wonton ND+เย็นตาโฟ,Cooked Wonton,225g*12,BK,เย็นตาโฟ,1021,12252,12.0,
12,03,2026,AUS,CPF Australia Pty Ltd.(Woolworth),Minced ND+Kee Mao,Cooked Wonton,283g*5,BK,Kee Mao,5000,25000,5.0,
19,03,2026,AUS,CPF Australia Pty Ltd.(Woolworth),Minced ND+Kee Mao,Cooked Wonton,283g*5,BK,Kee Mao,5000,25000,5.0,
09,03,2026,China,"Sam's (Shanghai) Investment Co., Ltd.",R-Wonton egg past,Raw Wonton,770g*8in,S,ซุปซอง 5g.,832,6656,8.0,
,03,2026,.7-11,CPFGS,Wonton ND+เย็นตาโฟ,Cooked Wonton,225g*12,BK,เย็นตาโฟ,1351,16212,12.0,
10,03,2026,UK,Westbridge Foods Limited (One UK),Wonton,Cooked Wonton,148g*6c*6in,HC,Regular,1288,46368,36.0,
,03,2026,MTFS,ซีพีเอฟ เทรดดิ้ง,R-Wonton no egg,Raw Wonton,220g*12in,SS,-,500,6000,12.0,
,03,2026,MTFS,ซีพีเอฟ เทรดดิ้ง,R-Wonton no egg,Raw Wonton,220g*12in,SS,-,256,3072,12.0,
10,03,2026,SG,CP FOODS SINGAPORE PTE. LTD,R-Wonton egg past,Raw Wonton,154g*20in,S,ซุปซอง 5g.,601,12020,20.0,
,03,2026,.7-11,CPFGS,Wonton ND+เย็นตาโฟ,Cooked Wonton,225g*12,BK,เย็นตาโฟ,1347,16164,12.0,
10,03,2026,SG,CP FOODS SINGAPORE PTE. LTD,Wonton ND+V,Cooked Wonton,219g*24,HC,ซุปซอง 10g.,250,6000,24.0,
12,03,2026,New Zealand,"Lim Brothers Import&Export Co.,Ltd.",Wonton ND+V,Cooked Wonton,305g*8,HC,Regular,1456,11648,8.0,
12,03,2026,AUS,CPF Australia Pty Ltd.,Wonton ND+V+TY,Cooked Wonton,307g*4c*6in,M,TYEXSG+CO,924,22176,24.0,
19,03,2026,AUS,CPF Australia Pty Ltd.,Minced ND+V+TY,Cooked Wonton,302g*8,BK,TYEXSG+CO,400,3200,8.0,
12,03,2026,Japan,CPF JAPAN,R-Minced,Raw Wonton,500g*10inner*2C/B,BK,-,243,4860,20.0,
,03,2026,.7-11,CPFGS,Wonton ND+เย็นตาโฟ,Cooked Wonton,225g*12,BK,เย็นตาโฟ,1329,15948,12.0,
10,03,2026,SG,CP FOODS SINGAPORE PTE. LTD,Wonton,Cooked Wonton,145g*24,M,Regular,250,6000,24.0,
10,03,2026,SG,CP FOODS SINGAPORE PTE. LTD,Wonton +TY,Cooked Wonton,115g*24,M,TYTB3C 30G,250,6000,24.0,
09,03,2026,Korea,Consumer Package Commerce,Minced ND,Cooked Wonton,231g*12,BK,Regular,2500,30000,12.0,
12,03,2026,Japan,CPF JAPAN,R-Minced,Raw Wonton,500g*10inner*2C/B,BK,-,243,4860,20.0,
,03,2026,.7-11,CPFGS,Wonton ND+เย็นตาโฟ,Cooked Wonton,225g*12,BK,เย็นตาโฟ,1324,15888,12.0,
,03,2026,.7-11,ถ้วยใหม่,Wonton,Cooked Wonton,130g*24,SS,Regular,2553,61272,24.0,
12,03,2026,Japan,CPF JAPAN,R-Minced,Raw Wonton,500g*10inner*2C/B,BK,-,242,4840,20.0,
,03,2026,.7-11,CPFGS,Wonton ND+เย็นตาโฟ,Cooked Wonton,225g*12,BK,เย็นตาโฟ,1319,15828,12.0,
,03,2026,.7-11,ถ้วยใหม่,Wonton,Cooked Wonton,130g*24,SS,Regular,2428,58272,24.0,
12,03,2026,Japan,CPF JAPAN,R-Minced,Raw Wonton,500g*10inner*2C/B,BK,-,243,4860,20.0,
,03,2026,MTFS,ซีพีเอฟ เทรดดิ้ง,E+Wonton,Cooked Wonton,90g*3B*6B,M,ซุปซอง 5g.,325,5850,18.0,
,03,2026,.7-11,Seven ถ้วยดำ,E+Wonton,Cooked Wonton,145g*24,M,Regular,1321,31704,24.0,
,03,2026,.7-11,CPFGS,E+NDเส้นมัน+หมาล่า,Cooked Wonton,250g*24,SS,หมาล่า,603,14472,24.0,
,03,2026,.7-11,CPFGS,E+NDเส้นมัน+หมาล่า,Cooked Wonton,250g*24,SS,หมาล่า,2262,54288,24.0,
12,03,2026,Japan,CPF JAPAN,R-Minced,Raw Wonton,500g*10inner*2C/B,BK,-,61,1220,20.0,
20,04,2026,Japan,CPF JAPAN,R-Minced,Raw Wonton,500g*10inner*2C/B,BK,-,169,3380,20.0,
19,03,2026,AUS,CPF Australia Pty Ltd.,Wonton ND+V,Cooked Wonton,305g*8,HC,Regular,1000,8000,8.0,
26,03,2026,New Zealand,"Lim Brothers Import&Export Co.,Ltd.",Wonton ND+V,Cooked Wonton,305g*8,HC,Regular,150,1200,8.0,
19,03,2026,AUS,CPF Australia Pty Ltd.,Wonton ND+V,Cooked Wonton,308g*6c*6in,HC,Regular,792,28512,36.0,
,03,2026,.7-11,CPFGS,Wonton ND+เย็นตาโฟ,Cooked Wonton,225g*12,BK,เย็นตาโฟ,1410,16920,12.0,
,03,2026,MTFS,ซีพีเอฟ เทรดดิ้ง,Wonton ND,Cooked Wonton,227g*12,SS,MK,2500,30000,12.0,
20,04,2026,Japan,CPF JAPAN,R-Minced,Raw Wonton,500g*10inner*2C/B,BK,-,159,3180,20.0,
16,03,2026,USA,"C.P. Food Products, INC.",R-Wonton no egg,Raw Wonton,260g*10in,S,ซุปซอง 5g.,730,7300,10.0,
17,03,2026,Netherlands,Westbridge Foods Limited (One UK),Wonton,Cooked Wonton,148g*6c*6in,HC,Regular,1288,46368,36.0,
,03,2026,.7-11,CPFGS,Wonton ND+เย็นตาโฟ,Cooked Wonton,225g*12,BK,เย็นตาโฟ,1314,15768,12.0,
20,04,2026,Japan,CPF JAPAN,R-Minced,Raw Wonton,500g*10inner*2C/B,BK,-,272,5440,20.0,
24,03,2026,UK,Westbridge Foods Limited (One UK),Wonton,Cooked Wonton,148g*6c*6in,HC,Regular,1288,46368,36.0,
,03,2026,.7-11,CPFGS,Wonton ND+เย็นตาโฟ,Cooked Wonton,225g*12,BK,เย็นตาโฟ,1355,16260,12.0,
20,04,2026,Japan,CPF JAPAN,R-Minced,Raw Wonton,500g*10inner*2C/B,BK,-,216,4320,20.0,
,03,2026,.7-11,Seven ถ้วยดำ,E+Wonton,Cooked Wonton,145g*24,M,Regular,1271,30504,24.0,
,04,2026,.7-11,Seven ถ้วยดำ,E+Wonton,Cooked Wonton,145g*24,M,Regular,1038,24912,24.0,
,04,2026,MTFS,ซีพีเอฟ เทรดดิ้ง,E+Minced WT,Cooked Wonton,135g*12,BK,Regular,200,2400,12.0,
,04,2026,MTFS,ซีพีเอฟ เทรดดิ้ง,E+Minced WT,Cooked Wonton,135g*12,BK,Regular,50,600,12.0,
,04,2026,MTFS,ซีพีเอฟ เทรดดิ้ง,E+Minced WT,Cooked Wonton,135g*12,BK,Regular,350,4200,12.0,
,04,2026,MTFS,ซีพีเอฟ เทรดดิ้ง,E+Minced NDE,Cooked Wonton,191g*12,BK,Regular,200,2400,12.0,
,04,2026,MTFS,ซีพีเอฟ เทรดดิ้ง,E+Minced NDE,Cooked Wonton,191g*12,BK,Regular,50,600,12.0,
,03,2026,MTFS,ซีพีเอฟ เทรดดิ้ง,E+Wonton NDE,Cooked Wonton,226g*12,M,Regular,500,6000,12.0,
,04,2026,MTFS,ซีพีเอฟ เทรดดิ้ง,E+Wonton NDE,Cooked Wonton,226g*12,M,Regular,500,6000,12.0,
,03,2026,.7-11,CPFGS,E+NDเส้นมัน+หมาล่า,Cooked Wonton,250g*24,SS,หมาล่า,853,20472,24.0,
20,04,2026,Japan,CPF JAPAN,R-Minced,Raw Wonton,500g*10inner*2C/B,BK,-,224,4480,20.0,
,03,2026,.7-11,ถ้วยใหม่,Wonton,Cooked Wonton,130g*24,SS,Regular,2955,70920,24.0,
,03,2026,.7-11,CPFGS,Wonton ND+เย็นตาโฟ,Cooked Wonton,225g*12,BK,เย็นตาโฟ,1344,16128,12.0,
24,03,2026,Malay,CPM Malaysia,R-Wonton egg past,Raw Wonton,154g*20inner,S,ซุปซอง 5g.,350,7000,20.0,
23,03,2026,Korea,Consumer Package Commerce,R-Wonton egg past,Raw Wonton,630g*10inner,S,ซุปซอง 5g.,427,4270,10.0,
,03,2026,.7-11,ถ้วยใหม่,Wonton,Cooked Wonton,130g*24,SS,Regular,2474,59376,24.0,
,03,2026,.7-11,CPFGS,Wonton ND+เย็นตาโฟ,Cooked Wonton,225g*12,BK,เย็นตาโฟ,1435,17220,12.0,
23,03,2026,Korea,Consumer Package Commerce,R-Wonton egg past,Raw Wonton,630g*10inner,S,ซุปซอง 5g.,732,7320,10.0,
24,03,2026,Malay,CPM Malaysia,Wonton+TY,Cooked Wonton,115g*24,M,TYTB3C 30G,800,19200,24.0,
24,03,2026,Malay,CPM Malaysia,Wonton,Cooked Wonton,145g*24,M,Regular,1000,24000,24.0,
,03,2026,.7-11,ถ้วยใหม่,Wonton,Cooked Wonton,130g*24,SS,Regular,1546,37104,24.0,
26,03,2026,AUS,CPF Australia Pty Ltd.,Wonton ND+V,Cooked Wonton,308g*6c*6in,HC,Regular,792,28512,36.0,
25,03,2026,SG,CP FOODS SINGAPORE PTE. LTD,Wonton ND+V,Cooked Wonton,219g*24,HC,ซุปซอง 10g.,250,6000,24.0,
23,03,2026,Korea,Consumer Package Commerce,R-Wonton egg past,Raw Wonton,630g*10inner,S,ซุปซอง 5g.,742,7420,10.0,
,03,2026,.7-11,ถ้วยใหม่,Wonton,Cooked Wonton,130g*24,SS,Regular,1957,46968,24.0,
10,04,2026,CAN,Bellisio Foods Canada,Minced ND,Cooked Wonton,258g*12,BK,Regular,2600,31200,12.0,
23,03,2026,Korea,Consumer Package Commerce,R-Wonton egg past,Raw Wonton,630g*10inner,S,ซุปซอง 5g.,155,1550,10.0,
27,04,2026,Korea,Consumer Package Commerce,R-Wonton egg past,Raw Wonton,630g*10inner,S,ซุปซอง 5g.,40,400,10.0,
24,03,2026,HK,CPM Hongkong,R-Wonton egg past,Raw Wonton,101g*18in,S,ซุปซอง 5g.,1200,21600,18.0,
,03,2026,.7-11,ถ้วยใหม่,Wonton,Cooked Wonton,130g*24,SS,Regular,1807,43368,24.0,
,04,2026,.7-11,ถ้วยใหม่,Wonton,Cooked Wonton,130g*24,SS,Regular,105,2520,24.0,
,04,2026,MTFS,ซีพีเอฟ เทรดดิ้ง,E+Wonton,Cooked Wonton,90g*3B*6B,M,ซุปซอง 5g.,1700,30600,18.0,
,03,2026,MTFS,ซีพีเอฟ เทรดดิ้ง,E+Wonton TY,Cooked Wonton,143g*12,SS,TYNSF,46,552,12.0,
,04,2026,MTFS,ซีพีเอฟ เทรดดิ้ง,E+Wonton TY,Cooked Wonton,143g*12,SS,TYNSF,600,7200,12.0,
,04,2026,MTFS,ซีพีเอฟ เทรดดิ้ง,E+Wonton TY,Cooked Wonton,143g*12,SS,TYNSF,400,4800,12.0,
24,03,2026,HK,CPM Hongkong,R-Minced egg past,Raw Wonton,90g*18in,BK,ซุปซอง 5g.,700,12600,18.0,
25,03,2026,SG,CP FOODS SINGAPORE PTE. LTD,R-Minced egg past,Raw Wonton,90g*18in,BK,ซุปซอง 5g.,1000,18000,18.0,
25,03,2026,SG,CP FOODS SINGAPORE PTE. LTD,R-Wonton egg past,Raw Wonton,194g*20in,JB,ซุปซอง 5g.,250,5000,20.0,
,03,2026,.7-11,CPFGS,Wonton ND+เย็นตาโฟ,Cooked Wonton,225g*12,BK,เย็นตาโฟ,6,72,12.0,
,04,2026,.7-11,CPFGS,Wonton ND+เย็นตาโฟ,Cooked Wonton,225g*12,BK,เย็นตาโฟ,607,7284,12.0,
,04,2026,.7-11,Seven ถ้วยดำ,E+Wonton,Cooked Wonton,145g*24,M,Regular,3513,84312,24.0,
25,03,2026,SG,CP FOODS SINGAPORE PTE. LTD,R-Wonton egg past,Raw Wonton,154g*20in,S,ซุปซอง 5g.,1000,20000,20.0,
20,04,2026,Korea,Consumer Package Commerce,R-Wonton egg past,Raw Wonton,630g*10inner,S,ซุปซอง 5g.,95,950,10.0,
,04,2026,.7-11,Seven ถ้วยดำ,E+Wonton,Cooked Wonton,145g*24,M,Regular,4819,115656,24.0,
20,04,2026,Korea,Consumer Package Commerce,R-Wonton egg past,Raw Wonton,630g*10inner,S,ซุปซอง 5g.,729,7290,10.0,
25,03,2026,SG,CP FOODS SINGAPORE PTE. LTD,Minced ND+หมาล่า,Cooked Wonton,300g*24,BK,หมาล่า,210,5040,24.0,
25,03,2026,SG,CP FOODS SINGAPORE PTE. LTD,Wonton,Cooked Wonton,145g*24,M,Regular,500,12000,24.0,
25,03,2026,SG,CP FOODS SINGAPORE PTE. LTD,Wonton +TY,Cooked Wonton,115g*24,M,TYTB3C 30G,260,6240,24.0,
25,03,2026,SG,CP FOODS SINGAPORE PTE. LTD,Wonton +TY,Cooked Wonton,115g*24,M,TYTB3C 30G,240,5760,24.0,
,04,2026,.7-11,ถ้วยใหม่,Wonton,Cooked Wonton,130g*24,SS,Regular,3040,72960,24.0,
20,04,2026,Korea,Consumer Package Commerce,R-Wonton egg past,Raw Wonton,630g*10inner,S,ซุปซอง 5g.,742,7420,10.0,
,04,2026,.7-11,ถ้วยใหม่,Wonton,Cooked Wonton,130g*24,SS,Regular,2794,67056,24.0,
02,04,2026,AUS,CPF Australia Pty Ltd.,Wonton ND+V,Cooked Wonton,308g*6c*6in,HC,Regular,792,28512,36.0,
26,03,2026,New Zealand,"Lim Brothers Import&Export Co.,Ltd.",Minced ND+V+TK,Cooked Wonton,302g*8,BK,Tomkha+CM,724,5792,8.0,
08,04,2026,USA,"Bellisio Foods, Inc.",R-Wonton no egg,Raw Wonton,580g*10in,S,ซุปซอง 5g.,100,1000,10.0,
08,04,2026,USA,"Bellisio Foods, Inc.",R-Wonton no egg,Raw Wonton,580g*10in,S,ซุปซอง 5g.,100,1000,10.0,
20,04,2026,Korea,Consumer Package Commerce,R-Wonton egg past,Raw Wonton,630g*10inner,S,ซุปซอง 5g.,450,4500,10.0,
,04,2026,.7-11,ถ้วยใหม่,Wonton,Cooked Wonton,130g*24,SS,Regular,858,20592,24.0,
08,04,2026,Malay,CPM Malaysia,Wonton,Cooked Wonton,145g*24,M,Regular,900,21600,24.0,
08,04,2026,Malay,CPM Malaysia,Wonton+TY,Cooked Wonton,115g*24,M,TYTB3C 30G,800,19200,24.0,
07,04,2026,UK,Westbridge Foods Limited (One UK),Wonton+TY,Cooked Wonton,147g*8,M,TYEXSG+CO,5148,41184,8.0,
08,04,2026,Malay,CPM Malaysia,R-Wonton egg past,Raw Wonton,154g*20inner,S,ซุปซอง 5g.,350,7000,20.0,
08,04,2026,Malay,CPM Malaysia,R-Wonton egg past,Raw Wonton,126g*18in,S,TYTB3C 30G,200,3600,18.0,
01,04,2026,Korea,Consumer Package Commerce,R-Wonton egg past,Raw Wonton,750g*10inner,S,ซุปซอง 5g.,357,3570,10.0,
,04,2026,.7-11,CPFGS,Wonton ND+เย็นตาโฟ,Cooked Wonton,225g*12,BK,เย็นตาโฟ,1835,22020,12.0,
,04,2026,MTFS,ซีพีเอฟ เทรดดิ้ง,E+Wonton,Cooked Wonton,145g*12,M,Regular,12,144,12.0,
,04,2026,MTFS,ซีพีเอฟ เทรดดิ้ง,E+Wonton,Cooked Wonton,145g*12,M,Regular,3750,45000,12.0,
,04,2026,.7-11,Seven ถ้วยดำ,E+Wonton,Cooked Wonton,145g*24,M,Regular,1284,30816,24.0,
01,04,2026,Korea,Consumer Package Commerce,R-Wonton egg past,Raw Wonton,750g*10inner,S,ซุปซอง 5g.,618,6180,10.0,
,03,2026,.7-11,CPFGS,E+NDเส้นมัน+หมาล่า,Cooked Wonton,250g*24,SS,หมาล่า,885,21240,24.0,
,04,2026,.7-11,CPFGS,E+NDเส้นมัน+หมาล่า,Cooked Wonton,250g*24,SS,หมาล่า,3314,79536,24.0,
01,04,2026,Korea,Consumer Package Commerce,R-Wonton egg past,Raw Wonton,750g*10inner,S,ซุปซอง 5g.,385,3850,10.0,
07,04,2026,Korea,Consumer Package Commerce,R-Wonton egg past,Raw Wonton,750g*10inner,S,ซุปซอง 5g.,204,2040,10.0,
,04,2026,.7-11,CPFGS,E+NDเส้นมัน+หมาล่า,Cooked Wonton,250g*24,SS,หมาล่า,4097,98328,24.0,
07,04,2026,Korea,Consumer Package Commerce,R-Wonton egg past,Raw Wonton,750g*10inner,S,ซุปซอง 5g.,622,6220,10.0,
,03,2026,MTFS,CPFGS,E+NDเส้นมัน+หมาล่า,Cooked Wonton,250g*12,SS,หมาล่า,1500,18000,12.0,
,04,2026,.7-11,CPFGS,E+NDเส้นมัน+หมาล่า,Cooked Wonton,250g*24,SS,หมาล่า,3423,82152,24.0,
07,04,2026,Korea,Consumer Package Commerce,R-Wonton egg past,Raw Wonton,750g*10inner,S,ซุปซอง 5g.,534,5340,10.0,
07,04,2026,AUS,CPF Australia Pty Ltd.,Wonton ND+V,Cooked Wonton,308g*6c*6in,HC,Regular,792,28512,36.0,
07,04,2026,AUS,CPF Australia Pty Ltd.,Wonton ND+V,Cooked Wonton,308g*6c*6in,HC,Regular,792,28512,36.0,
07,04,2026,AUS,CPF Australia Pty Ltd.,Wonton ND+V,Cooked Wonton,308g*6c*6in,HC,Regular,792,28512,36.0,
08,04,2026,USA,"Bellisio Foods, Inc.",Minced ND+V,Cooked Wonton,308g*4c*6in,BK,Y3,170,4080,24.0,
08,04,2026,USA,"Bellisio Foods, Inc.",Minced ND+V,Cooked Wonton,308g*4c*6in,BK,Y3,170,4080,24.0,
21,04,2026,UK,Westbridge Foods Limited (One UK),Minced ND+Kee Mao,Cooked Wonton,300g*6,BK,Kee Mao,2657,15942,6.0,
,04,2026,.7-11,ถ้วยใหม่,Wonton,Cooked Wonton,130g*24,SS,Regular,2122,50928,24.0,
07,04,2026,USA,"Bellisio Foods, Inc.",Minced WT,Cooked Wonton,145g*8,BK,Regular,400,19800,49.5,
08,04,2026,USA,"Bellisio Foods, Inc.",Minced WT,Cooked Wonton,145g*8,BK,Regular,400,19800,49.5,
20,04,2026,CAN,Bellisio Foods Canada,Minced ND,Cooked Wonton,258g*12,BK,Regular,2600,31200,12.0,
27,04,2026,Korea,Consumer Package Commerce,R-Wonton egg past,Raw Wonton,750g*10inner,S,ซุปซอง 5g.,550,5500,10.0,
21,04,2026,UK,Westbridge Foods Limited (One UK),Minced ND+Kee Mao,Cooked Wonton,300g*6,BK,Kee Mao,2672,16032,6.0,
07,04,2026,Korea,Consumer Package Commerce,Minced ND,Cooked Wonton,231g*12,BK,Regular,2500,30000,12.0,
,04,2026,MTFS,ซีพีเอฟ เทรดดิ้ง,Wonton ND,Cooked Wonton,227g*12,SS,MK,2500,30000,12.0,
27,04,2026,Korea,Consumer Package Commerce,R-Wonton egg past,Raw Wonton,750g*10inner,S,ซุปซอง 5g.,522,5220,10.0,
21,04,2026,UK,Westbridge Foods Limited (One UK),Minced ND+Kee Mao,Cooked Wonton,300g*6,BK,Kee Mao,2671,16026,6.0,
,04,2026,.7-11,ถ้วยใหม่,Wonton,Cooked Wonton,130g*24,SS,Regular,856,20544,24.0,
,05,2026,MTFS,ซีพีเอฟ เทรดดิ้ง,E+Wonton,Cooked Wonton,145g*12,M,Regular,12,144,12.0,
27,04,2026,Laos,บริษัท ปิก้าเทรดดิ้ง จำกัด,E+Wonton,Cooked Wonton,145g*12,M,Regular,100,1200,12.0,
,05,2026,MTFS,ซีพีเอฟ เทรดดิ้ง,E+Wonton,Cooked Wonton,145g*12,M,Regular,2500,30000,12.0,
05,05,2026,USA,"Bellisio Foods, Inc.",R-Wonton no egg,Raw Wonton,580g*10in,S,ซุปซอง 5g.,100,1000,10.0,
05,05,2026,USA,"Bellisio Foods, Inc.",R-Wonton no egg,Raw Wonton,580g*10in,S,ซุปซอง 5g.,100,1000,10.0,
,04,2026,MTFS,ซีพีเอฟ เทรดดิ้ง,R-Wonton no egg,Raw Wonton,220g*12in,SS,-,500,6000,12.0,
27,04,2026,Korea,Consumer Package Commerce,R-Wonton egg past,Raw Wonton,750g*10inner,S,ซุปซอง 5g.,195,1950,10.0,
,05,2026,MTFS,ซีพีเอฟ เทรดดิ้ง,E+Wonton NDE,Cooked Wonton,226g*12,M,Regular,500,6000,12.0,
,05,2026,MTFS,ซีพีเอฟ เทรดดิ้ง,E+Wonton NDE,Cooked Wonton,226g*12,M,Regular,500,6000,12.0,
,04,2026,MTFS,ซีพีเอฟ เทรดดิ้ง,E+Minced NDE,Cooked Wonton,191g*12,BK,Regular,200,2400,12.0,
,05,2026,MTFS,ซีพีเอฟ เทรดดิ้ง,E+Minced NDE,Cooked Wonton,191g*12,BK,Regular,200,2400,12.0,
,05,2026,MTFS,ซีพีเอฟ เทรดดิ้ง,E+Minced NDE,Cooked Wonton,191g*12,BK,Regular,70,840,12.0,
,04,2026,MTFS,ซีพีเอฟ เทรดดิ้ง,E+Minced WT,Cooked Wonton,135g*12,BK,Regular,300,3600,12.0,
,04,2026,.7-11,Seven ถ้วยดำ,E+Wonton,Cooked Wonton,145g*24,M,Regular,1846,44304,24.0,
,05,2026,.7-11,Seven ถ้วยดำ,E+Wonton,Cooked Wonton,145g*24,M,Regular,19,456,24.0,
,04,2026,MTFS,ซีพีเอฟ เทรดดิ้ง,E+Wonton,Cooked Wonton,90g*3B*6B,M,ซุปซอง 5g.,1200,21600,18.0,
27,04,2026,Korea,Consumer Package Commerce,R-Wonton egg past,Raw Wonton,750g*10inner,S,ซุปซอง 5g.,93,930,10.0,
22,04,2026,HK,CPM Hongkong,R-Wonton egg past,Raw Wonton,194g*20in,JB,ซุปซอง 5g.,5,100,20.0,
29,04,2026,SG,CP FOODS SINGAPORE PTE. LTD,R-Wonton egg past,Raw Wonton,194g*20in,JB,ซุปซอง 5g.,250,5000,20.0,
29,04,2026,SG,CP FOODS SINGAPORE PTE. LTD,R-Minced egg past,Raw Wonton,90g*18in,BK,ซุปซอง 5g.,350,6300,18.0,
22,04,2026,HK,CPM Hongkong,R-Wonton egg past,Raw Wonton,101g*18in,S,ซุปซอง 5g.,309,5562,18.0,
08,04,2026,USA,"Bellisio Foods, Inc.",Minced ND,Cooked Wonton,258g*4c*6in,BK,Regular,800,19200,24.0,
08,04,2026,USA,"Bellisio Foods, Inc.",Minced ND,Cooked Wonton,258g*4c*6in,BK,Regular,800,19200,24.0,
,04,2026,MTFS,CPFGS,E+NDเส้นมัน+หมาล่า,Cooked Wonton,250g*12,SS,หมาล่า,500,6000,12.0,
,04,2026,.7-11,CPFGS,E+NDเส้นมัน+หมาล่า,Cooked Wonton,250g*24,SS,หมาล่า,1749,41976,24.0,
22,04,2026,HK,CPM Hongkong,R-Wonton egg past,Raw Wonton,101g*18in,S,ซุปซอง 5g.,1491,26838,18.0,
,04,2026,.7-11,ถ้วยใหม่,Wonton,Cooked Wonton,130g*24,SS,Regular,1466,35184,24.0,
22,04,2026,HK,CPM Hongkong,Wonton ND+V,Cooked Wonton,219g*24,HC,ซุปซอง 10g.,15,360,24.0,
29,04,2026,SG,CP FOODS SINGAPORE PTE. LTD,Wonton ND+V,Cooked Wonton,219g*24,HC,ซุปซอง 10g.,250,6000,24.0,
23,04,2026,AUS,CPF Australia Pty Ltd.,Wonton ND+V,Cooked Wonton,308g*6c*6in,HC,Regular,792,28512,36.0,
23,04,2026,New Zealand,"Lim Brothers Import&Export Co.,Ltd.",Wonton ND+V,Cooked Wonton,305g*8,HC,Regular,420,3360,8.0,
23,04,2026,AUS,CPF Australia Pty Ltd.,Wonton ND+V+TY,Cooked Wonton,307g*4c*6in,M,TYEXSG+CO,390,9360,24.0,
07,05,2026,AUS,CPF Australia Pty Ltd.,Wonton ND+V+TY,Cooked Wonton,307g*4c*6in,M,TYEXSG+CO,390,9360,24.0,
16,04,2026,China,"Charoen Pokphand Import&Export Trading (Shanghai) Co., Ltd",R-Wonton no egg,Raw Wonton,630g*8in,S,ซุปซอง 5g.,924,7392,8.0,
,04,2026,.7-11,CPFGS,Wonton ND+เย็นตาโฟ,Cooked Wonton,225g*12,BK,เย็นตาโฟ,1414,16968,12.0,
05,05,2026,UK,Westbridge Foods Limited (One UK),Wonton,Cooked Wonton,148g*6c*6in,HC,Regular,1288,46368,36.0,
29,04,2026,SG,CP FOODS SINGAPORE PTE. LTD,Wonton,Cooked Wonton,145g*24,M,Regular,250,6000,24.0,
16,04,2026,Korea,Consumer Package Commerce,R-Minced no egg,Raw Wonton,530g*10inner,BK,ซุปซอง 5g.,555,5550,10.0,
,04,2026,.7-11,CPFGS,Wonton ND+เย็นตาโฟ,Cooked Wonton,225g*12,BK,เย็นตาโฟ,1378,16536,12.0,
22,04,2026,HK,CPM Hongkong,Wonton +TY,Cooked Wonton,115g*24,M,TYTB3C 30G,15,360,24.0,
29,04,2026,SG,CP FOODS SINGAPORE PTE. LTD,Wonton +TY,Cooked Wonton,115g*24,M,TYTB3C 30G,250,6000,24.0,
,04,2026,.7-11,ถ้วยใหม่,Wonton,Cooked Wonton,130g*24,SS,Regular,1614,38736,24.0,
16,04,2026,Korea,Consumer Package Commerce,R-Minced no egg,Raw Wonton,530g*10inner,BK,ซุปซอง 5g.,523,5230,10.0,
,04,2026,.7-11,CPFGS,Wonton ND+เย็นตาโฟ,Cooked Wonton,225g*12,BK,เย็นตาโฟ,1410,16920,12.0,
,04,2026,.7-11,ถ้วยใหม่,Wonton,Cooked Wonton,130g*24,SS,Regular,2145,51480,24.0,
,05,2026,.7-11,ถ้วยใหม่,Wonton,Cooked Wonton,130g*24,SS,Regular,66,1584,24.0,
22,04,2026,HK,CPM Hongkong,Minced ND+หมาล่า,Cooked Wonton,300g*24,BK,หมาล่า,15,360,24.0,
29,04,2026,SG,CP FOODS SINGAPORE PTE. LTD,Minced ND+หมาล่า,Cooked Wonton,300g*24,BK,หมาล่า,145,3480,24.0,
16,04,2026,Korea,Consumer Package Commerce,R-Minced no egg,Raw Wonton,530g*10inner,BK,ซุปซอง 5g.,508,5080,10.0,
,04,2026,.7-11,CPFGS,Wonton ND+เย็นตาโฟ,Cooked Wonton,225g*12,BK,เย็นตาโฟ,1355,16260,12.0,
,05,2026,.7-11,CPFGS,Wonton ND+เย็นตาโฟ,Cooked Wonton,225g*12,BK,เย็นตาโฟ,59,708,12.0,
,04,2026,.7-11,CPFGS,E+NDเส้นมัน+หมาล่า,Cooked Wonton,250g*24,SS,หมาล่า,2061,49464,24.0,
16,04,2026,Korea,Consumer Package Commerce,R-Minced no egg,Raw Wonton,530g*10inner,BK,ซุปซอง 5g.,470,4700,10.0,
,05,2026,.7-11,CPFGS,Wonton ND+เย็นตาโฟ,Cooked Wonton,225g*12,BK,เย็นตาโฟ,1379,16548,12.0,
,04,2026,.7-11,CPFGS,E+NDเส้นมัน+หมาล่า,Cooked Wonton,250g*24,SS,หมาล่า,2047,49128,24.0,
29,04,2026,SG,CP FOODS SINGAPORE PTE. LTD,R-Wonton egg past,Raw Wonton,154g*20in,S,ซุปซอง 5g.,1000,20000,20.0,
,04,2026,.7-11,CPFGS,E+NDเส้นมัน+หมาล่า,Cooked Wonton,250g*24,SS,หมาล่า,3369,80856,24.0,
28,04,2026,UK,Westbridge Foods Limited (One UK),Minced ND,Cooked Wonton,258g*4c*6in,BK,Regular,705,16920,24.0,
05,05,2026,USA,"Bellisio Foods, Inc.",Minced ND,Cooked Wonton,258g*4c*6in,BK,Regular,800,19200,24.0,
05,05,2026,USA,"Bellisio Foods, Inc.",Minced ND,Cooked Wonton,258g*4c*6in,BK,Regular,700,16800,24.0,
12,05,2026,CAN,Bellisio Foods Canada,Minced ND,Cooked Wonton,258g*12,BK,Regular,2600,31200,12.0,
28,05,2026,New Zealand,Lim Brothers,C-Minced WT in tray no egg,Cooked Wonton,117*2tray*8in,BK,Sesame 15g,216,3456,16.0,
,05,2026,.7-11,ถ้วยใหม่,Wonton,Cooked Wonton,130g*24,SS,Regular,1082,25968,24.0,
27,04,2026,SG,CP FOODS SINGAPORE PTE. LTD,Wonton ND+Kee Mao,Cooked Wonton,250g*24,M,Kee Mao,420,10080,24.0,
06,05,2026,AUS,CPF Australia Pty Ltd.(Woolworth),Minced ND+Kee Mao,Cooked Wonton,283g*5,BK,Kee Mao,5000,25000,5.0,
23,04,2026,New Zealand,"Lim Brothers Import&Export Co.,Ltd.",Minced ND+V+TK,Cooked Wonton,302g*8,BK,Tomkha+CM,600,4800,8.0,
28,05,2026,New Zealand,"Lim Brothers Import&Export Co.,Ltd.",Minced ND+V+TK,Cooked Wonton,302g*8,BK,Tomkha+CM,560,4480,8.0,
06,05,2026,AUS,CPF Australia Pty Ltd.(Woolworth),Minced ND+V+TK,Cooked Wonton,302g*5,BK,Tomkha+CM,5000,25000,5.0,
12,05,2026,Denmark,CPF DENMARK,Minced ND+V+TK,Cooked Wonton,302g*8,BK,Tomkha+CM,1750,14000,8.0,
,05,2026,.7-11,ถ้วยใหม่,Wonton,Cooked Wonton,130g*24,SS,Regular,1553,37272,24.0,
23,04,2026,New Zealand,"Lim Brothers Import&Export Co.,Ltd.",Wonton ND+V,Cooked Wonton,308g*6c*6in,HC,Regular,792,28512,36.0,
30,04,2026,AUS,CPF Australia Pty Ltd.,Wonton ND+V,Cooked Wonton,308g*6c*6in,HC,Regular,792,28512,36.0,
06,05,2026,AUS,CPF Australia Pty Ltd.(Woolworth),Wonton ND+V,Cooked Wonton ND No Egg with Pumpkin + Yu Choy,305g*5,HC,Regular,5000,25000,5.0,
12,05,2026,UK,Westbridge Foods Limited (One UK),Wonton,Cooked Wonton,148g*6c*6in,HC,Regular,1288,46368,36.0,
19,05,2026,UK,Westbridge Foods Limited (One UK),Wonton,Cooked Wonton,148g*6c*6in,HC,Regular,1288,46368,36.0,
,05,2026,.7-11,ถ้วยใหม่,Wonton,Cooked Wonton,130g*24,SS,Regular,1061,25464,24.0,
,04,2026,.7-11,CPFGS,E+NDเส้นมัน+หมาล่า,Cooked Wonton,250g*24,SS,หมาล่า,2440,58560,24.0,
,05,2026,.7-11,CPFGS,E+NDเส้นมัน+หมาล่า,Cooked Wonton,250g*24,SS,หมาล่า,2500,60000,24.0,
,05,2026,.7-11,Seven ถ้วยดำ,E+Wonton,Cooked Wonton,145g*24,M,Regular,5088,122112,24.0,
,05,2026,.7-11,CPFGS,Wonton ND+เย็นตาโฟ,Cooked Wonton,225g*12,BK,เย็นตาโฟ,1804,21648,12.0,
,06,2026,MTFS,ซีพีเอฟ เทรดดิ้ง,E+Minced WT,Cooked Wonton,135g*12,BK,Regular,300,3600,12.0,
,08,2026,MTFS,ซีพีเอฟ เทรดดิ้ง,E+Minced WT,Cooked Wonton,135g*12,BK,Regular,27,324,12.0,
15,05,2026,Laos,บริษัท ปิก้าเทรดดิ้ง จำกัด,E+Wonton,Cooked Wonton,145g*12,M,Regular,100,1200,12.0,
,05,2026,.7-11,Seven ถ้วยดำ,E+Wonton,Cooked Wonton,145g*24,M,Regular,2393,57432,24.0,
,05,2026,.7-11,Seven ถ้วยดำ,E+Wonton,Cooked Wonton,145g*24,M,Regular,251,6024,24.0,
,05,2026,.7-11,CPFGS,Wonton ND+เย็นตาโฟ,Cooked Wonton,225g*12,BK,เย็นตาโฟ,1516,18192,12.0,
21,05,2026,AUS,CPF Australia Pty Ltd.,Wonton ND+V,Cooked Wonton,308g*6c*6in,HC,Regular,792,28512,36.0,
21,05,2026,AUS,CPF Australia Pty Ltd.,Wonton ND+V,Cooked Wonton,308g*6c*6in,HC,Regular,792,28512,36.0,
27,05,2026,AUS,CPF Australia Pty Ltd.,Wonton ND+V,Cooked Wonton,308g*6c*6in,HC,Regular,792,28512,36.0,
,05,2026,.7-11,ถ้วยใหม่,Wonton,Cooked Wonton,130g*24,SS,Regular,1089,26136,24.0,
18,05,2026,SG,CP FOODS SINGAPORE PTE. LTD,R-Wonton egg past,Raw Wonton,204g*20in,S,sesame 30g,1200,24000,20.0,
08,06,2026,CAN,Bellisio Foods Canada,Minced ND,Cooked Wonton,258g*12,BK,Regular,2600,31200,12.0,
21,05,2026,AUS,CPF Australia Pty Ltd.,Wonton ND+V+TY,Cooked Wonton,307g*4c*6in,M,TYEXSG+CO,390,9360,24.0,
27,05,2026,AUS,CPF Australia Pty Ltd.,Wonton ND+V+TY,Cooked Wonton,307g*4c*6in,M,TYEXSG+CO,390,9360,24.0,
28,05,2026,New Zealand,"Lim Brothers Import&Export Co.,Ltd.",Minced ND+V+TY,Cooked Wonton,302g*8,BK,TYEXSG+CO,60,480,8.0,
12,05,2026,Denmark,CPF DENMARK,Wonton ND+V+TY,Cooked Wonton,309g*8,M,TYANSSG+CM,1750,14000,8.0,
,05,2026,MTFS,ซีพีเอฟ เทรดดิ้ง,Minced+ND+Kee Mao แห้ง,Cooked Wonton,235g*12,BK,Kee Mao,1667,20004,12.0,
,05,2026,MTFS,ซีพีเอฟ เทรดดิ้ง,Minced+ND+V+น้ำราดเป็ด,Cooked Wonton,235g*12,BK,น้ำราดเป็ด,1667,20004,12.0,
05,05,2026,USA,"Bellisio Foods, Inc.",Minced WT,Cooked Wonton,145g*6c*6,BK,Regular,450,19800,44.0,
,05,2026,.7-11,Seven ถ้วยดำ,E+Wonton,Cooked Wonton,145g*24,M,Regular,2249,53976,24.0,
02,06,2026,UK,Westbridge Foods Limited (One UK),Wonton,Cooked Wonton,148g*6c*6in,HC,Regular,1288,46368,36.0,
06,05,2026,USA,"Bellisio Foods, Inc.",Minced WT,Cooked Wonton,145g*6c*6,BK,Regular,300,19800,66.0,
08,06,2026,USA,"Bellisio Foods, Inc.",Minced WT,Cooked Wonton,145g*8,BK,Regular,5000,19800,3.96,
,05,2026,.7-11,ถ้วยใหม่,Wonton,Cooked Wonton,130g*24,SS,Regular,1237,29688,24.0,
,05,2026,ขายภายใน,ซีพีเอฟ เทรดดิ้ง,R-Wonton egg past,Raw Wonton,600g.*8 packs,M,,200,1600,8.0,
27,05,2026,Malay,CPM Malaysia,R-Wonton egg past,Raw Wonton,154g*20inner,S,ซุปซอง 5g.,100,2000,20.0,
27,05,2026,Malay,CPM Malaysia,R-Wonton egg past,Raw Wonton,126g*18in,S,TYTB3C 30G,100,1800,18.0,
01,06,2026,Korea,Consumer Package Commerce,R-Wonton egg past,Raw Wonton,750g*10inner,S,ซุปซอง 5g.,775,7750,10.0,
01,06,2026,Korea,Consumer Package Commerce,R-Wonton egg past,Raw Wonton,750g*10inner,S,ซุปซอง 5g.,585,5850,10.0,
01,06,2026,Korea,Consumer Package Commerce,R-Wonton egg past,Raw Wonton,630g*10inner,S,ซุปซอง 5g.,766,7660,10.0,
01,06,2026,Korea,Consumer Package Commerce,R-Wonton egg past,Raw Wonton,630g*10inner,S,ซุปซอง 5g.,1290,12900,10.0,
27,05,2026,Malay,CPM Malaysia,Wonton,Cooked Wonton,145g*24,M,Regular,1000,24000,24.0,
27,05,2026,Malay,CPM Malaysia,Wonton+TY,Cooked Wonton,115g*24,M,TYTB3C 30G,950,22800,24.0,
25,05,2026,Korea,Consumer Package Commerce,Minced ND,Cooked Wonton,231g*12,BK,Regular,2500,30000,12.0,
,05,2026,MTFS,CPFGS,E+NDเส้นมัน+หมาล่า,Cooked Wonton,250g*3ถ้วย*6ถุง,SS,หมาล่า,2500,45000,18.0,
,05,2026,.7-11,ถ้วยใหม่,Wonton,Cooked Wonton,130g*24,SS,Regular,180,4320,24.0,
,06,2026,.7-11,ถ้วยใหม่,Wonton,Cooked Wonton,130g*24,SS,Regular,2464,59136,24.0,
28,05,2026,New Zealand,"Lim Brothers Import&Export Co.,Ltd.",Wonton ND+V,Cooked Wonton,305g*8,HC,Regular,650,5200,8.0,
28,05,2026,AUS,CPF Australia Pty Ltd.(Woolworth),Wonton ND+V,Cooked Wonton,305g*5,HC,Regular,5076,25380,5.0,
28,05,2026,AUS,CPF Australia Pty Ltd.(Woolworth),Minced ND+V+TK,Cooked Wonton,302g*5,BK,Tomkha+CM,5076,25380,5.0,
,05,2026,.7-11,CPFGS,Wonton ND+เย็นตาโฟ,Cooked Wonton,225g*12,BK,เย็นตาโฟ,1242,14904,12.0,
,06,2026,.7-11,CPFGS,Wonton ND+เย็นตาโฟ,Cooked Wonton,225g*12,BK,เย็นตาโฟ,250,3000,12.0,
,06,2026,.7-11,ถ้วยใหม่,Wonton,Cooked Wonton,130g*24,SS,Regular,1867,44808,24.0,
26,05,2026,Denmark,CPF DENMARK,Minced ND+หมาล่า,Cooked Wonton,130g*12ถ้วย,BK,หมาล่า,4080,48960,12.0,
09,07,2026,AUS,CPF Australia Pty Ltd.(Woolworth),Wonton ND+V,Cooked Wonton,305g*5,HC,Regular,5076,25380,5.0,
04,06,2026,AUS,CPF Australia Pty Ltd.,Wonton ND+V,Cooked Wonton,308g*6c*6in,HC,Regular,792,28512,36.0,
11,06,2026,AUS,CPF Australia Pty Ltd.,Wonton ND+V,Cooked Wonton,308g*6c*6in,HC,Regular,792,28512,36.0,
18,06,2026,AUS,CPF Australia Pty Ltd.,Wonton ND+V,Cooked Wonton,308g*6c*6in,HC,Regular,792,28512,36.0,
26,05,2026,Denmark,CPF DENMARK,Minced ND+TK,Cooked Wonton,130g*12ถ้วย,BK,Tomkha+CM,4080,48960,12.0,
09,06,2026,Denmark,CPF DENMARK,Minced ND+V+TK,Cooked Wonton,240g*12ถ้วย,BK,Tomkha+CM,2660,31920,12.0,
16,06,2026,Denmark,CPF DENMARK,Minced ND+V+TK,Cooked Wonton,240g*12ถ้วย,BK,Tomkha+CM,2660,31920,12.0,
,06,2026,.7-11,ถ้วยใหม่,Wonton,Cooked Wonton,130g*24,SS,Regular,3858,92592,24.0,
,06,2026,MTFS,ซีพีเอฟ เทรดดิ้ง,E+Wonton,Cooked Wonton,145g*12,M,Regular,12,144,12.0,
,06,2026,MTFS,ซีพีเอฟ เทรดดิ้ง,E+Wonton,Cooked Wonton,145g*12,M,Regular,3100,37200,12.0,
,06,2026,MTFS,ซีพีเอฟ เทรดดิ้ง,E+Wonton NDE,Cooked Wonton,226g*12,M,Regular,500,6000,12.0,
,06,2026,.7-11,Seven ถ้วยดำ,E+Wonton,Cooked Wonton,145g*24,M,Regular,5100,122400,24.0,
26,05,2026,Denmark,CPF DENMARK,Minced ND+TY,Cooked Wonton,130g*12ถ้วย,BK,TYANSSG+CM,4080,48960,12.0,
09,06,2026,Denmark,CPF DENMARK,Minced ND+V+TY,Cooked Wonton,240g*12ถ้วย,BK,TYANSSG+CM,2660,31920,12.0,
16,06,2026,Denmark,CPF DENMARK,Minced ND+V+TY,Cooked Wonton,240g*12ถ้วย,BK,TYANSSG+CM,2660,31920,12.0,
25,05,2026,Taiwan,CP TAIWAN,R-Wonton no egg,Raw Wonton,154g*40inner,M,ซุปซอง 5g.,1302,52080,40.0,
,05,2026,MTFS,CPFGS,Wonton ND+เย็นตาโฟ,Cooked Wonton,225g*12,BK,เย็นตาโฟ,1500,18000,12.0,
,06,2026,MTFS,CPFGS,Wonton ND+เย็นตาโฟ,Cooked Wonton,225g*12,BK,เย็นตาโฟ,118,1416,12.0,
16,06,2026,UK,Westbridge Foods Limited (One UK),Wonton,Cooked Wonton,148g*6c*6in,HC,Regular,1288,46368,36.0,
16,06,2026,Germany,CPF Distribution (under Paulsen Food),Minced ND+V+TY,Cooked Wonton,302g*12,BK,TYEXSG+CO,1139,13668,12.0,
18,06,2026,AUS,CPF Australia Pty Ltd.,Wonton ND+V+TY,Cooked Wonton,307g*4c*6in,M,TYEXSG+CO,390,9360,24.0,
02,07,2026,AUS,CPF Australia Pty Ltd.,Wonton ND+V+TY,Cooked Wonton,307g*4c*6in,M,TYEXSG+CO,390,9360,24.0,
16,06,2026,Ireland,Westbridge Foods Limited (One UK),Wonton+TY,Cooked Wonton,147g*8,M,TYEXSG+CO,1100,8800,8.0,
25,05,2026,Taiwan,CP TAIWAN,R-Wonton no egg,Raw Wonton,154g*40inner,M,ซุปซอง 5g.,322,12880,40.0,
23,06,2026,SG,CP FOODS SINGAPORE PTE. LTD,R-Wonton egg past,Raw Wonton,154g*20in,S,ซุปซอง 5g.,1000,20000,20.0,
23,06,2026,SG,CP FOODS SINGAPORE PTE. LTD,R-Wonton egg past,Raw Wonton,194g*20in,JB,ซุปซอง 5g.,250,5000,20.0,
23,06,2026,SG,CP FOODS SINGAPORE PTE. LTD,R-Wonton egg past,Raw Wonton,126g*18in,S,TYTB3C 30G,400,7200,18.0,
23,06,2026,SG,CP FOODS SINGAPORE PTE. LTD,R-Minced egg past,Raw Wonton,90g*18in,BK,ซุปซอง 5g.,500,9000,18.0,
10,06,2026,Laos,บริษัท ปิก้าเทรดดิ้ง จำกัด,E+Wonton,Cooked Wonton,145g*12,M,Regular,200,2400,12.0,
,06,2026,.7-11,Seven ถ้วยดำ,E+Wonton,Cooked Wonton,145g*24,M,Regular,4900,117600,24.0,
,06,2026,.7-11,Seven ถ้วยดำ,E+Wonton,Cooked Wonton,145g*24,M,Regular,65,1560,24.0,
16,06,2026,Denmark,CPF DENMARK,Minced ND+หมาล่า,Cooked Wonton,240g*12ถ้วย,BK,หมาล่า,2660,31920,12.0,
,05,2026,MTFS,CPFGS,E+NDเส้นมัน+หมาล่า,Cooked Wonton,250g*12,SS,หมาล่า,800,9600,12.0,
,06,2026,.7-11,CPFGS,E+NDเส้นมัน+หมาล่า,Cooked Wonton,250g*24,SS,หมาล่า,2400,57600,24.0,
16,06,2026,Ireland,Westbridge Foods Limited (One UK),Minced ND+Kee Mao,Cooked Wonton,300g*6,BK,Kee Mao,1300,7800,6.0,
18,06,2026,AUS,CPF Australia Pty Ltd.(Woolworth),Minced ND+Kee Mao,Cooked Wonton,283g*5,BK,Kee Mao,5076,25380,5.0,
27,07,2026,UK,Food Fellas,Wonton ND,Cooked Wonton,258g*8,HC,Regular,900,7200,8.0,
23,06,2026,SG,CP FOODS SINGAPORE PTE. LTD,Wonton ND+V,Cooked Wonton,219g*24,HC,ซุปซอง 10g.,250,6000,24.0,
16,07,2026,AUS,CPF Australia Pty Ltd.,Wonton ND+V,Cooked Wonton,308g*6c*6in,HC,Regular,792,28512,36.0,
16,06,2026,Germany,CPF Distribution (under Paulsen Food),Minced ND+V+TK,Cooked Wonton,302g*12,BK,Tomkha+CM,1139,13668,12.0,
25,06,2026,AUS,CPF Australia Pty Ltd.(Woolworth),Minced ND+V+TK,Cooked Wonton,302g*5,BK,Tomkha+CM,5076,25380,5.0,
24,06,2026,China,"CP Global Supply Chain (Guangdong) Co., Ltd.",R-Wonton no egg,Raw Wonton,154g*20in,S,ซุปซอง 5g.,1386,27720,20.0,
25,06,2026,UK,Westbridge Foods Limited (One UK),Minced ND+V+น้ำราดเป็ด,Cooked Wonton,320g*12ถ้วย,BK,น้ำราดเป็ด,2278,27336,12.0,
,06,2026,MTFS,ซีพีเอฟ เทรดดิ้ง,Wonton ND,Cooked Wonton,227g*12,SS,MK,2432,29184,12.0,
30,06,2026,Belgium,CPF EUROPE S.A.,R-Wonton no egg,Raw Wonton,630g*10inner,M,ซุปซอง 5g.,600,6000,10.0,
,06,2026,MTFS,CPFGS,Wonton ND+เย็นตาโฟ,Cooked Wonton,225g*12,BK,เย็นตาโฟ,682,8184,12.0,
23,06,2026,SG,CP FOODS SINGAPORE PTE. LTD,Wonton +TY,Cooked Wonton,115g*24,M,TYTB3C 30G,250,6000,24.0,
,06,2026,.7-11,ถ้วยใหม่,Wonton,Cooked Wonton,130g*24,SS,Regular,145,3480,24.0,
,06,2026,.7-11,ถ้วยใหม่,Wonton,Cooked Wonton,130g*24,SS,Regular,1243,29832,24.0,
07,07,2026,Malay,CPM Malaysia,R-Wonton egg past,Raw Wonton,126g*18in,S,TYTB3C 30G,150,2700,18.0,
07,07,2026,Malay,CPM Malaysia,R-Wonton egg past,Raw Wonton,154g*20inner,S,ซุปซอง 5g.,150,3000,20.0,
06,07,2026,Korea,Consumer Package Commerce,R-Wonton egg past,Raw Wonton,630g*10inner,S,ซุปซอง 5g.,564,5640,10.0,
,06,2026,.7-11,ถ้วยใหม่,Wonton,Cooked Wonton,130g*24,SS,Regular,835,20040,24.0,
27,07,2026,UK,Food Fellas,Wonton +TY,Cooked Wonton,147g*8,M,TYEXSG+CO,600,4800,8.0,
04,07,2026,UK,Westbridge Foods Limited (One UK),Wonton+TY,Cooked Wonton,147g*8,M,TYEXSG+CO,5148,41184,8.0,
27,07,2026,UK,Food Fellas,Wonton ND+BC+TY,Cooked Wonton,307g*8,M,TYEXSG+CO,650,5200,8.0,
16,07,2026,AUS,CPF Australia Pty Ltd.,Wonton ND+V+TY,Cooked Wonton,307g*4c*6in,M,TYEXSG+CO,390,9360,24.0,
30,06,2026,AUS,CPF Australia Pty Ltd.,Minced ND+V+TY,Cooked Wonton,302g*8,BK,TYEXSG+CO,400,3200,8.0,
30,07,2026,New Zealand,"Lim Brothers Import&Export Co.,Ltd.",Minced ND+V+TY,Cooked Wonton,302g*8,BK,TYEXSG+CO,80,640,8.0,
06,07,2026,Korea,Consumer Package Commerce,R-Wonton egg past,Raw Wonton,630g*10inner,S,ซุปซอง 5g.,646,6460,10.0,
01,07,2026,CAN,Bellisio Foods Canada,Minced ND,Cooked Wonton,258g*12,BK,Regular,2600,31200,12.0,
,07,2026,MTFS,ซีพีเอฟ เทรดดิ้ง,E+Wonton NDE,Cooked Wonton,226g*12,M,Regular,500,6000,12.0,
,06,2026,MTFS,ซีพีเอฟ เทรดดิ้ง,E+Minced NDE,Cooked Wonton,191g*12,BK,Regular,250,3000,12.0,
,07,2026,MTFS,ซีพีเอฟ เทรดดิ้ง,E+Minced NDE,Cooked Wonton,191g*12,BK,Regular,200,2400,12.0,
,08,2026,MTFS,ซีพีเอฟ เทรดดิ้ง,E+Minced NDE,Cooked Wonton,191g*12,BK,Regular,32,384,12.0,
,06,2026,MTFS,CPFGS,E+NDเส้นมัน+หมาล่า,Cooked Wonton,250g*12,SS,หมาล่า,1000,12000,12.0,
,06,2026,MTFS,CPFGS,E+NDเส้นมัน+หมาล่า,Cooked Wonton,250g*12,SS,หมาล่า,500,6000,12.0,
,07,2026,.7-11,CPFGS,E+NDเส้นมัน+หมาล่า,Cooked Wonton,250g*24,SS,หมาล่า,405,9720,24.0,
06,07,2026,Korea,Consumer Package Commerce,R-Wonton egg past,Raw Wonton,630g*10inner,S,ซุปซอง 5g.,626,6260,10.0,
06,07,2026,CAN,Bellisio Foods Canada,Minced ND,Cooked Wonton,258g*12,BK,Regular,2600,31200,12.0,
20,07,2026,CAN,Bellisio Foods Canada,Minced ND,Cooked Wonton,258g*12,BK,Regular,2024.5,24294,12.0,
27,07,2026,UK,Food Fellas,Minced ND+BC+LS,Cooked Wonton,315g*8,BK,Laksa,400,3200,8.0,
27,07,2026,UK,Food Fellas,Wonton +LS,Cooked Wonton,147g*8,M,Laksa,400,3200,8.0,
27,07,2026,UK,Food Fellas,Wonton,Cooked Wonton,145g*8,HC,Regular,900,19800,22.0,
07,07,2026,Malay,CPM Malaysia,Wonton,Cooked Wonton,145g*24,M,Regular,800,19200,24.0,
30,06,2026,AUS,CPF Australia Pty Ltd.,Wonton ND+V,Cooked Wonton,305g*8,HC,Regular,800,6400,8.0,
30,07,2026,New Zealand,"Lim Brothers Import&Export Co.,Ltd.",Wonton ND+V,Cooked Wonton,305g*8,HC,Regular,956,7648,8.0,
30,06,2026,Belgium,CPF EUROPE S.A.,Wonton ND+V,Cooked Wonton,309g*8,HC,Regular,1200,9600,8.0,
30,06,2026,Germany,CPF Distribution (under Paulsen Food),Wonton ND+V,Cooked Wonton,309g*12,S,Regular,2278,27336,12.0,
30,06,2026,AUS,CPF Australia Pty Ltd.,Minced ND+V+TK,Cooked Wonton,302g*8,BK,Tomkha+CM,250,2000,8.0,
30,07,2026,New Zealand,"Lim Brothers Import&Export Co.,Ltd.",Minced ND+V+TK,Cooked Wonton,302g*8,BK,Tomkha+CM,420,3360,8.0,
07,07,2026,Denmark,CPF DENMARK,Minced ND+V+TK,Cooked Wonton,240g*12ถ้วย,BK,Tomkha+CM,2660,31920,12.0,
06,07,2026,Korea,Consumer Package Commerce,R-Wonton egg past,Raw Wonton,630g*10inner,S,ซุปซอง 5g.,220,2200,10.0,
13,07,2026,Korea,Consumer Package Commerce,R-Wonton egg past,Raw Wonton,630g*10inner,S,ซุปซอง 5g.,404,4040,10.0,
06,07,2026,Netherlands,Westbridge Foods Limited (One UK),Wonton,Cooked Wonton,148g*6c*6in,HC,Regular,1288,46368,36.0,
07,07,2026,Malay,CPM Malaysia,Wonton+TY,Cooked Wonton,115g*24,M,TYTB3C 30G,950,22800,24.0,
13,07,2026,Korea,Consumer Package Commerce,R-Wonton egg past,Raw Wonton,630g*10inner,S,ซุปซอง 5g.,632,6320,10.0,
27,07,2026,UK,Westbridge Foods Limited (One UK),Wonton,Cooked Wonton,148g*6c*6in,HC,Regular,1288,46368,36.0,
22,07,2026,USA,"Bellisio Foods, Inc.",Minced WT,Cooked Wonton,145g*8,BK,Regular,4200,19800,4.714285714285714,
08,07,2026,USA,"Bellisio Foods, Inc.",Minced WT,Cooked Wonton,145g*8,BK,Regular,400,19800,49.5,
04,08,2026,USA,"Bellisio Foods, Inc.",Minced WT,Cooked Wonton,145g*8,BK,Regular,300,19800,66.0,
13,07,2026,Korea,Consumer Package Commerce,R-Wonton egg past,Raw Wonton,630g*10inner,S,ซุปซอง 5g.,638,6380,10.0,
23,07,2026,AUS,CPF Australia Pty Ltd.,Wonton ND+V,Cooked Wonton,308g*6c*6in,HC,Regular,792,28512,36.0,
30,07,2026,AUS,CPF Australia Pty Ltd.,Wonton ND+V,Cooked Wonton,308g*6c*6in,HC,Regular,792,28512,36.0,
07,07,2026,SG,CP FOODS SINGAPORE PTE. LTD,Wonton ND+V,Cooked Wonton,219g*24,HC,ซุปซอง 10g.,250,6000,24.0,
13,07,2026,Korea,Consumer Package Commerce,R-Wonton egg past,Raw Wonton,630g*10inner,S,ซุปซอง 5g.,382,3820,10.0,
01,07,2026,5 Stars,CPFRF,EP+Wonton,Cooked Wonton,20 pcs*16,S,,92,,,
,06,2026,.7-11,Seven ถ้วยดำ,E+Wonton,Cooked Wonton,145g*24,M,Regular,1185,28440,24.0,
,07,2026,.7-11,Seven ถ้วยดำ,E+Wonton,Cooked Wonton,145g*24,M,Regular,3106,74544,24.0,
,07,2026,MTFS,ซีพีเอฟ เทรดดิ้ง,E+Wonton,Cooked Wonton,145g*12,M,Regular,12,144,12.0,
,07,2026,MTFS,ซีพีเอฟ เทรดดิ้ง,E+Wonton,Cooked Wonton,145g*12,M,Regular,2500,30000,12.0,
,07,2026,.7-11,Seven ถ้วยดำ,E+Wonton,Cooked Wonton,145g*24,M,Regular,1631,39144,24.0,
,07,2026,MTFS,ซีพีเอฟ เทรดดิ้ง,E+Wonton,Cooked Wonton,90g*3B*6B,M,ซุปซอง 5g.,1000,18000,18.0,
,07,2026,MTFS,ซีพีเอฟ เทรดดิ้ง,E+Wonton,Cooked Wonton,90g*3B*6B,M,ซุปซอง 5g.,1000,18000,18.0,
,07,2026,MTFS,ซีพีเอฟ เทรดดิ้ง,E+Wonton,Cooked Wonton,90g*3B*6B,M,ซุปซอง 5g.,444,7992,18.0,
09,07,2026,CAN,Bellisio Foods Canada,Wonton ND+BC,Cooked Wonton,308g*6c*6in,HC,Y3,792,28512,36.0,
09,07,2026,CAN,Bellisio Foods Canada,Wonton ND+BC,Cooked Wonton,308g*6c*6in,HC,Y3,792,28512,36.0,
09,07,2026,CAN,Bellisio Foods Canada,Wonton ND+BC,Cooked Wonton,308g*6c*6in,HC,Y3,792,28512,36.0,
09,07,2026,CAN,Bellisio Foods Canada,Wonton ND+BC,Cooked Wonton,308g*6c*6in,HC,Y3,287,10332,36.0,
03,08,2026,Korea,Consumer Package Commerce,R-Wonton egg past,Raw Wonton,630g*10inner,S,ซุปซอง 5g.,1261,12610,10.0,
08,07,2026,USA,"Bellisio Foods, Inc.",R-Wonton no egg,Raw Wonton,580g*10in,S,ซุปซอง 5g.,100,1000,10.0,
04,08,2026,USA,"Bellisio Foods, Inc.",R-Wonton no egg,Raw Wonton,580g*10in,S,ซุปซอง 5g.,100,1000,10.0,
03,08,2026,Korea,Consumer Package Commerce,R-Wonton egg past,Raw Wonton,630g*10inner,S,ซุปซอง 5g.,795,7950,10.0,
08,07,2026,USA,"Bellisio Foods, Inc.",Minced ND,Cooked Wonton,258g*4c*6in,BK,Regular,945,22680,24.0,
04,08,2026,USA,"Bellisio Foods, Inc.",Minced ND,Cooked Wonton,258g*4c*6in,BK,Regular,1000,24000,24.0,
20,07,2026,CAN,Bellisio Foods Canada,Minced ND,Cooked Wonton,258g*12,BK,Regular,575.5,6906,12.0,
07,07,2026,SG,CP FOODS SINGAPORE PTE. LTD,Wonton,Cooked Wonton,145g*24,M,Regular,250,6000,24.0,
27,07,2026,UK,Food Fellas,Wonton +LS,Cooked Wonton,147g*8,M,Laksa,400,3200,8.0,
07,08,2026,SG,CP FOODS SINGAPORE PTE. LTD,R-Wonton egg past,Raw Wonton,154g*20in,S,ซุปซอง 5g.,1200,24000,20.0,
09,07,2026,CAN,Bellisio Foods Canada,Wonton ND+BC,Cooked Wonton,308g*6c*6in,HC,Y3,505,18180,36.0,
13,08,2026,CAN,Bellisio Foods Canada,Minced ND,Cooked Wonton,258g*12,BK,Regular,2600,31200,12.0,
14,07,2026,Denmark,CPF DENMARK,Minced ND+V+TY,Cooked Wonton,240g*12ถ้วย,BK,TYANSSG+CM,2660,31920,12.0,
,07,2026,.7-11,ถ้วยใหม่,E+Wonton,Cooked Wonton,135g*24,SS,Regular,5182,124368,24.0,
,07,2026,.7-11,ถ้วยใหม่,E+Wonton,Cooked Wonton,135g*24,SS,Regular,3612,86688,24.0,
,07,2026,.7-11,CPFGS,E+NDเส้นมัน+หมาล่า,Cooked Wonton,250g*24,SS,หมาล่า,1995,47880,24.0,
07,08,2026,SG,CP FOODS SINGAPORE PTE. LTD,R-Minced egg past,Raw Wonton,90g*18in,BK,ซุปซอง 5g.,500,9000,18.0,
10,08,2026,Korea,Consumer Package Commerce,R-Wonton egg past,Raw Wonton,630g*10inner,S,ซุปซอง 5g.,903,9030,10.0,
07,08,2026,SG,CP FOODS SINGAPORE PTE. LTD,R-Wonton egg past,Raw Wonton,194g*20in,JB,ซุปซอง 5g.,250,5000,20.0,
10,08,2026,Korea,Consumer Package Commerce,R-Wonton egg past,Raw Wonton,630g*10inner,S,ซุปซอง 5g.,1153,11530,10.0,
09,07,2026,CAN,Bellisio Foods Canada,Wonton ND+BC,Cooked Wonton,308g*6c*6in,HC,Y3,172.38888888888889,6206,36.0,
04,08,2026,UK,Westbridge Foods Limited (One UK),Minced ND+Kee Mao,Cooked Wonton,300g*6,BK,Kee Mao,2975,17850,6.0,
,07,2026,.7-11,ถ้วยใหม่,E+Wonton,Cooked Wonton,135g*24,SS,Regular,2665,63960,24.0,
04,08,2026,UK,Westbridge Foods Limited (One UK),Minced ND+Kee Mao,Cooked Wonton,300g*6,BK,Kee Mao,2695,16170,6.0,
,07,2026,.7-11,ถ้วยใหม่,E+Wonton,Cooked Wonton,135g*24,SS,Regular,2530,60720,24.0,
04,08,2026,UK,Westbridge Foods Limited (One UK),Minced ND+Kee Mao,Cooked Wonton,300g*6,BK,Kee Mao,2330,13980,6.0,
,07,2026,.7-11,ถ้วยใหม่,E+Wonton,Cooked Wonton,135g*24,SS,Regular,1296,31104,24.0,
24,07,2026,UK,Westbridge Foods Limited (One UK),Minced ND+BC,Cooked Wonton,258g*12,BK,Regular,2600,31200,12.0,
23,07,2026,CAN,Bellisio Foods Canada,Wonton ND+BC,Cooked Wonton,308g*6c*6in,HC,Y3,792,28512,36.0,
30,07,2026,CAN,Bellisio Foods Canada,Wonton ND+BC,Cooked Wonton,308g*6c*6in,HC,Y3,792,28512,36.0,
20,08,2026,CAN,Bellisio Foods Canada,Wonton ND+BC,Cooked Wonton,308g*6c*6in,HC,Y3,129,4644,36.0,
21,07,2026,Netherlands,Westbridge Foods Limited (One UK),Wonton,Cooked Wonton,148g*6c*6in,HC,Regular,1288,46368,36.0,
27,07,2026,UK,Westbridge Foods Limited (One UK),Wonton,Cooked Wonton,148g*6c*6in,HC,Regular,1288,46368,36.0,
27,07,2026,UK,Food Fellas,Wonton,Cooked Wonton,145g*8,HC,Regular,900,19800,22.0,
04,08,2026,Malay,CPM Malaysia,Wonton,Cooked Wonton,145g*24,M,Regular,1050,25200,24.0,
06,08,2026,AUS,CPF Australia Pty Ltd.(Woolworth),Wonton ND+V,Cooked Wonton,305g*5,HC,Regular,5076,25380,5.0,
20,08,2026,New Zealand,"Lim Brothers Import&Export Co.,Ltd.",Wonton ND+V,Cooked Wonton,305g*8,HC,Regular,796,6368,8.0,
06,08,2026,AUS,CPF Australia Pty Ltd.,Wonton ND+V,Cooked Wonton,308g*6c*6in,HC,Regular,792,28512,36.0,
13,08,2026,AUS,CPF Australia Pty Ltd.,Wonton ND+V,Cooked Wonton,308g*6c*6in,HC,Regular,480,17280,36.0,
,06,2026,MTFS,ซีพีเอฟ เทรดดิ้ง,Wonton ND,Cooked Wonton,227g*12,SS,MK,68,816,12.0,
,07,2026,MTFS,ซีพีเอฟ เทรดดิ้ง,Wonton ND,Cooked Wonton,227g*12,SS,MK,2500,30000,12.0,
,07,2026,.7-11,Seven ถ้วยดำ,E+Wonton,Cooked Wonton,145g*24,M,Regular,263,6312,24.0,
,08,2026,.7-11,Seven ถ้วยดำ,E+Wonton,Cooked Wonton,145g*24,M,Regular,4438,106512,24.0,
03,08,2026,Laos,บริษัท ปิก้าเทรดดิ้ง จำกัด,E+Wonton,Cooked Wonton,145g*12,M,Regular,200,2400,12.0,
,08,2026,MTFS,ซีพีเอฟ เทรดดิ้ง,E+Wonton,Cooked Wonton,145g*12,M,Regular,1473,17676,12.0,
,08,2026,.7-11,Seven ถ้วยดำ,E+Wonton,Cooked Wonton,145g*24,M,Regular,1181,28344,24.0,
,07,2026,.7-11,ถ้วยใหม่,E+Wonton,Cooked Wonton,135g*24,SS,Regular,3359,80616,24.0,
17,08,2026,Korea,Consumer Package Commerce,Minced ND,Cooked Wonton,231g*12,BK,Regular,2500,30000,12.0,
04,08,2026,Denmark,CPF DENMARK,Minced ND+TK,Cooked Wonton,130g*12ถ้วย,BK,Tomkha+CM,4352,52224,12.0,
11,08,2026,Denmark,CPF DENMARK,Minced ND+V+TK,Cooked Wonton,240g*12ถ้วย,BK,Tomkha+CM,2660,31920,12.0,
20,08,2026,New Zealand,"Lim Brothers Import&Export Co.,Ltd.",Minced ND+V+TK,Cooked Wonton,302g*8,BK,Tomkha+CM,500,4000,8.0,
04,08,2026,Malay,CPM Malaysia,Wonton+TY,Cooked Wonton,115g*24,M,TYTB3C 30G,1050,25200,24.0,
07,08,2026,SG,CP FOODS SINGAPORE PTE. LTD,Wonton +TY,Cooked Wonton,115g*24,M,TYTB3C 30G,250,6000,24.0,
13,08,2026,AUS,CPF Australia Pty Ltd.,Wonton ND+V,Cooked Wonton,308g*6c*6in,HC,Regular,312,11232,36.0,
04,08,2026,Denmark,CPF DENMARK,Minced ND+V+TY,Cooked Wonton,302g*12,BK,TYEXSG+CO,2520,30240,12.0,
11,08,2026,UK,Westbridge Foods Limited (One UK),Wonton,Cooked Wonton,148g*6c*6in,HC,Regular,1288,46368,36.0,
,08,2026,.7-11,Seven ถ้วยดำ,E+Wonton,Cooked Wonton,145g*24,M,Regular,1881,45144,24.0,
,09,2026,.7-11,Seven ถ้วยดำ,E+Wonton,Cooked Wonton,145g*24,M,Regular,33,792,24.0,
,08,2026,MTFS,ซีพีเอฟ เทรดดิ้ง,E+Wonton,Cooked Wonton,145g*12,M,Regular,12,144,12.0,
,08,2026,MTFS,ซีพีเอฟ เทรดดิ้ง,E+Wonton,Cooked Wonton,145g*12,M,Regular,1027,12324,12.0,
,08,2026,MTFS,ซีพีเอฟ เทรดดิ้ง,E+Wonton TY,Cooked Wonton,143g*12,SS,TYNSF,300,3600,12.0,
,08,2026,MTFS,ซีพีเอฟ เทรดดิ้ง,E+Wonton TY,Cooked Wonton,143g*12,SS,TYNSF,309,3708,12.0,
,07,2026,MTFS,ซีพีเอฟ เทรดดิ้ง,E+Wonton,Cooked Wonton,90g*3B*6B,M,ซุปซอง 5g.,556,10008,18.0,
,08,2026,MTFS,ซีพีเอฟ เทรดดิ้ง,E+Wonton,Cooked Wonton,90g*3B*6B,M,ซุปซอง 5g.,800,14400,18.0,
,07,2026,.7-11,ถ้วยใหม่,E+Wonton,Cooked Wonton,135g*24,SS,Regular,1356,32544,24.0,
,08,2026,.7-11,ถ้วยใหม่,E+Wonton,Cooked Wonton,135g*24,SS,Regular,3089,74136,24.0,
,08,2026,.7-11,ถ้วยใหม่,E+Wonton,Cooked Wonton,135g*24,SS,Regular,3602,86448,24.0,
,07,2026,.7-11,CPFGS,E+NDเส้นมัน+หมาล่า,Cooked Wonton,250g*24,SS,หมาล่า,127,3048,24.0,
,09,2026,.7-11,CPFGS,E+NDเส้นมัน+หมาล่า,Cooked Wonton,250g*24,SS,หมาล่า,1200,28800,24.0,
24,07,2026,UK,Westbridge Foods Limited (One UK),Minced ND+BC,Cooked Wonton,258g*12,BK,Regular,2600,31200,12.0,
04,08,2026,Denmark,CPF DENMARK,Minced ND+TY,Cooked Wonton,130g*12ถ้วย,BK,TYANSSG+CM,4352,52224,12.0,
11,08,2026,Denmark,CPF DENMARK,Minced ND+V+TY,Cooked Wonton,240g*12ถ้วย,BK,TYANSSG+CM,2660,31920,12.0,
05,08,2026,China,"CP Global Supply Chain (Guangdong) Co., Ltd.",R-Wonton no egg,Raw Wonton,630g*8in,S,ซุปซอง 5g.,924,7392,8.0,
,08,2026,.7-11,ถ้วยใหม่,E+Wonton,Cooked Wonton,135g*24,SS,Regular,2600,62400,24.0,
18,08,2026,AUS,CPF Australia Pty Ltd.(Woolworth),Wonton ND+V,Cooked Wonton,305g*5,HC,Regular,5076,25380,5.0,
24,08,2026,AUS,CPF Australia Pty Ltd.,Wonton ND+V,Cooked Wonton,308g*6c*6in,HC,Regular,792,28512,36.0,
31,08,2026,AUS,CPF Australia Pty Ltd.,Wonton ND+V,Cooked Wonton,308g*6c*6in,HC,Regular,792,28512,36.0,
09,09,2026,AUS,CPF Australia Pty Ltd.,Wonton ND+V,Cooked Wonton,308g*6c*6in,HC,Regular,792,28512,36.0,
31,08,2026,HK,CPM Hongkong,R-Wonton egg past,Raw Wonton,101g*18in,S,ซุปซอง 5g.,1342,24156,18.0,
01,09,2026,UK,Westbridge Foods Limited (One UK),Wonton,Cooked Wonton,148g*6c*6in,HC,Regular,1288,46368,36.0,
07,09,2026,SG,CP FOODS SINGAPORE PTE. LTD,Wonton +TY,Cooked Wonton,115g*24,M,TYTB3C 30G,200,4800,24.0,
31,08,2026,HK,CPM Hongkong,R-Wonton egg past,Raw Wonton,101g*18in,S,ซุปซอง 5g.,558,10044,18.0,
01,09,2026,Malay,CPM Malaysia,R-Wonton egg past,Raw Wonton,126g*18in,S,TYTB3C 30G,150,2700,18.0,
07,09,2026,SG,CP FOODS SINGAPORE PTE. LTD,R-Wonton egg past,Raw Wonton,154g*20in,S,ซุปซอง 5g.,579,11580,20.0,
01,09,2026,Malay,CPM Malaysia,Wonton+TY,Cooked Wonton,115g*24,M,TYTB3C 30G,950,22800,24.0,
01,09,2026,Malay,CPM Malaysia,Wonton,Cooked Wonton,145g*24,M,Regular,900,21600,24.0,
07,09,2026,SG,CP FOODS SINGAPORE PTE. LTD,Wonton,Cooked Wonton,145g*24,M,Regular,250,6000,24.0,
24,08,2026,Korea,Emart,Minced WT,Cooked Wonton,191g*6c*6in,BK,Regular,874,19800,22.65446224256293,
07,09,2026,SG,CP FOODS SINGAPORE PTE. LTD,R-Wonton egg past,Raw Wonton,154g*20in,S,ซุปซอง 5g.,921,18420,20.0,
07,09,2026,SG,CP FOODS SINGAPORE PTE. LTD,R-Minced egg past,Raw Wonton,90g*18in,BK,ซุปซอง 5g.,300,5400,18.0,
08,09,2026,UK,Westbridge Foods Limited (One UK),Minced ND+Kee Mao,Cooked Wonton,300g*6,BK,Kee Mao,3364,20184,6.0,
18,08,2026,UK,Westbridge Foods Limited,Minced ND+V+TY,Cooked Wonton,258g*4c*6in,BK,TYEXSG+CO,705,16920,24.0,
20,08,2026,New Zealand,"Lim Brothers Import&Export Co.,Ltd.",Minced ND+V+TY,Cooked Wonton,302g*8,BK,TYEXSG+CO,160,1280,8.0,
07,09,2026,New Zealand,"Lim Brothers Import&Export Co.,Ltd.",Minced ND+V+TY,Cooked Wonton,302g*8,BK,TYEXSG+CO,108,864,8.0,
01,09,2026,Malay,CPM Malaysia,R-Wonton egg past,Raw Wonton,154g*20inner,S,ซุปซอง 5g.,150,3000,20.0,
07,09,2026,Korea,Consumer Package Commerce,R-Wonton egg past,Raw Wonton,630g*10inner,S,ซุปซอง 5g.,633,6330,10.0,
08,09,2026,UK,Westbridge Foods Limited (One UK),Minced ND+Kee Mao,Cooked Wonton,300g*6,BK,Kee Mao,1679,10074,6.0,
20,08,2026,CAN,Bellisio Foods Canada,Wonton ND+BC,Cooked Wonton,308g*6c*6in,HC,Y3,663,23868,36.0,
27,08,2026,CAN,Bellisio Foods Canada,Wonton ND+BC,Cooked Wonton,308g*6c*6in,HC,Y3,511,18396,36.0,
07,09,2026,Korea,Consumer Package Commerce,R-Wonton egg past,Raw Wonton,630g*10inner,S,ซุปซอง 5g.,655,6550,10.0,
08,09,2026,UK,Westbridge Foods Limited (One UK),Minced ND+Kee Mao,Cooked Wonton,300g*6,BK,Kee Mao,2957,17742,6.0,
,09,2026,MTFS,ซีพีเอฟ เทรดดิ้ง,E+Wonton NDE,Cooked Wonton,226g*12,M,Regular,512,6144,12.0,
,08,2026,MTFS,ซีพีเอฟ เทรดดิ้ง,E+Minced NDE,Cooked Wonton,191g*12,BK,Regular,203,2436,12.0,
,08,2026,MTFS,ซีพีเอฟ เทรดดิ้ง,E+Minced WT,Cooked Wonton,135g*12,BK,Regular,300,3600,12.0,
,09,2026,MTFS,ซีพีเอฟ เทรดดิ้ง,E+Minced WT,Cooked Wonton,135g*12,BK,Regular,316,3792,12.0,
,08,2026,MTFS,ซีพีเอฟ เทรดดิ้ง,E+Wonton,Cooked Wonton,90g*3B*6B,M,ซุปซอง 5g.,800,14400,18.0,
,09,2026,MTFS,ซีพีเอฟ เทรดดิ้ง,E+Wonton TY,Cooked Wonton,143g*12,SS,TYNSF,439,5268,12.0,
25,08,2026,UK,Westbridge Foods Limited (One UK),Noodles+BC,Cooked Wonton,310g*12ถ้วย,Aubergine,Soy Sauce,580,6960,12.0,
26,08,2026,UK,Westbridge Foods Limited (One UK),Noodles+BC,Cooked Wonton,310g*12ถ้วย,Aubergine,Soy Sauce,570,6840,12.0,
26,08,2026,UK,Westbridge Foods Limited (One UK),Noodles+BC,Cooked Wonton,310g*12ถ้วย,Aubergine,Soy Sauce,10,120,12.0,
21,08,2026,UK,Westbridge Foods Limited (One UK),Noodles+BC,Cooked Wonton,310g*12ถ้วย,Aubergine,Soy Sauce,1118,13416,12.0,
07,09,2026,Korea,Consumer Package Commerce,R-Wonton egg past,Raw Wonton,630g*10inner,S,ซุปซอง 5g.,676,6760,10.0,
27,08,2026,CAN,Bellisio Foods Canada,Wonton ND+BC,Cooked Wonton,308g*6c*6in,HC,Y3,281,10116,36.0,
27,08,2026,CAN,Bellisio Foods Canada,Wonton ND+BC,Cooked Wonton,308g*6c*6in,HC,Y3,677,24372,36.0,
31,08,2026,Denmark,CPF DENMARK,Minced ND+V+TY,Cooked Wonton,302g*12,BK,TYEXSG+CO,2520,30240,12.0,
16,09,2026,AUS,CPF Australia Pty Ltd.,Minced ND+V+TY,Cooked Wonton,302g*8,BK,TYEXSG+CO,300,2400,8.0,
07,09,2026,Korea,Consumer Package Commerce,R-Wonton egg past,Raw Wonton,630g*10inner,S,ซุปซอง 5g.,92,920,10.0,
14,09,2026,Korea,Consumer Package Commerce,R-Wonton egg past,Raw Wonton,630g*10inner,S,ซุปซอง 5g.,568,5680,10.0,
27,08,2026,CAN,Bellisio Foods Canada,Wonton ND+BC,Cooked Wonton,308g*6c*6in,HC,Y3,115,4140,36.0,
08,09,2026,CAN,Bellisio Foods Canada,Wonton ND+BC,Cooked Wonton,308g*6c*6in,HC,Y3,792,28512,36.0,
15,09,2026,CAN,Bellisio Foods Canada,Wonton ND+BC,Cooked Wonton,308g*6c*6in,HC,Y3,48,1728,36.0,
01,09,2026,Denmark,CPF DENMARK,Minced ND+V+TY,Cooked Wonton,240g*12ถ้วย,BK,TYANSSG+CM,2660,31920,12.0,
01,09,2026,UAE,"Everspring Industry Co., Ltd.",Wonton ND+V,Cooked Wonton,219g*24,HC,ซุปซอง 10g.,9,216,24.0,
01,09,2026,UAE,"Everspring Industry Co., Ltd.",Wonton+TY,Cooked Wonton,115g*24,M,TYTB3C 30G,3,72,24.0,
14,09,2026,Korea,Consumer Package Commerce,R-Wonton egg past,Raw Wonton,630g*10inner,S,ซุปซอง 5g.,676,6760,10.0,
,08,2026,.7-11,ถ้วยใหม่,E+Wonton,Cooked Wonton,135g*24,SS,Regular,709,17016,24.0,
,09,2026,.7-11,ถ้วยใหม่,E+Wonton,Cooked Wonton,135g*24,SS,Regular,2189,52536,24.0,
14,09,2026,Korea,Consumer Package Commerce,R-Wonton egg past,Raw Wonton,630g*10inner,S,ซุปซอง 5g.,668,6680,10.0,
,09,2026,MTFS,ซีพีเอฟ เทรดดิ้ง,E+Wonton,Cooked Wonton,145g*12,M,Regular,12,144,12.0,
,09,2026,MTFS,ซีพีเอฟ เทรดดิ้ง,E+Wonton,Cooked Wonton,145g*12,M,Regular,2561,30732,12.0,
,09,2026,MTFS,ซีพีเอฟ เทรดดิ้ง,E+Wonton,Cooked Wonton,90g*3B*6B,M,ซุปซอง 5g.,2000,36000,18.0,
14,09,2026,Korea,Consumer Package Commerce,R-Wonton egg past,Raw Wonton,630g*10inner,S,ซุปซอง 5g.,144,1440,10.0,
,09,2026,ขายภายใน,ซีพีเอฟ เทรดดิ้ง,R-Wonton egg past,Raw Wonton,600g.*8 packs,M,,200,1600,8.0,
,09,2026,.7-11,ถ้วยใหม่,E+Wonton,Cooked Wonton,135g*24,SS,Regular,2958,70992,24.0,
07,09,2026,SG,CP FOODS SINGAPORE PTE. LTD,Wonton ND+V,Cooked Wonton,219g*24,HC,ซุปซอง 10g.,200,4800,24.0,
07,09,2026,New Zealand,"Lim Brothers Import&Export Co.,Ltd.",Wonton ND+V,Cooked Wonton,305g*8,HC,Regular,756,6048,8.0,
16,09,2026,AUS,CPF Australia Pty Ltd.,Wonton ND+V,Cooked Wonton,305g*8,HC,Regular,856,6848,8.0,
07,09,2026,AUS,CPF Australia Pty Ltd.(Woolworth),Wonton ND+V,Cooked Wonton,305g*5,HC,Regular,5076,25380,5.0,
01,09,2026,Denmark,CPF DENMARK,Minced ND+V+TK,Cooked Wonton,240g*12ถ้วย,BK,Tomkha+CM,2660,31920,12.0,
07,09,2026,AUS,CPF Australia Pty Ltd.,Minced ND+V+TK,Cooked Wonton,302g*4c*6in,BK,Tomkha+CM,700,16800,24.0,
07,09,2026,New Zealand,"Lim Brothers Import&Export Co.,Ltd.",Minced ND+V+TK,Cooked Wonton,302g*8,BK,Tomkha+CM,324,2592,8.0,
16,09,2026,AUS,CPF Australia Pty Ltd.,Minced ND+V+TK,Cooked Wonton,302g*8,BK,Tomkha+CM,300,2400,8.0,
09,09,2026,AUS,CPF Australia Pty Ltd.,Wonton ND+V,Cooked Wonton,308g*6c*6in,HC,Regular,792,28512,36.0,
16,09,2026,AUS,CPF Australia Pty Ltd.,Wonton ND+V,Cooked Wonton,308g*6c*6in,HC,Regular,792,28512,36.0,
16,09,2026,AUS,CPF Australia Pty Ltd.,Wonton ND+V,Cooked Wonton,308g*6c*6in,HC,Regular,792,28512,36.0,
15,09,2026,UK,Westbridge Foods Limited (One UK),Minced ND+V+น้ำราดเป็ด,Cooked Wonton,320g*12ถ้วย,BK,น้ำราดเป็ด,2278,27336,12.0,
08,09,2026,Netherlands,Westbridge Foods Limited (One UK),Wonton,Cooked Wonton,148g*6c*6in,HC,Regular,1288,46368,36.0,
22,09,2026,CAN,Bellisio Foods Canada,Minced ND,Cooked Wonton,258g*12,BK,Regular,2600,31200,12.0,
15,09,2026,CAN,Bellisio Foods Canada,Wonton ND+BC,Cooked Wonton,308g*6c*6in,HC,Y3,744,26784,36.0,
01,10,2026,CAN,Bellisio Foods Canada,Wonton ND+BC,Cooked Wonton,308g*6c*6in,HC,Y3,7,252,36.0,
,09,2026,.7-11,Seven ถ้วยดำ,E+Wonton,Cooked Wonton,145g*24,M,Regular,4842,116208,24.0,
,09,2026,.7-11,Seven ถ้วยดำ,E+Wonton,Cooked Wonton,145g*24,M,Regular,2625,63000,24.0,
,09,2026,.7-11,ถ้วยใหม่,E+Wonton,Cooked Wonton,135g*24,SS,Regular,2043,49032,24.0,
06,10,2026,CAN,Bellisio Foods Canada,Minced ND,Cooked Wonton,258g*12,BK,Regular,2600,31200,12.0,
,09,2026,.7-11,ถ้วยใหม่,E+Wonton,Cooked Wonton,135g*24,SS,Regular,3160,75840,24.0,
24,09,2026,AUS,CPF Australia Pty Ltd.,Wonton ND+V,Cooked Wonton,308g*6c*6in,HC,Regular,792,28512,36.0,
24,09,2026,AUS,CPF Australia Pty Ltd.,Wonton ND+V,Cooked Wonton,308g*6c*6in,HC,Regular,792,28512,36.0,
17,09,2026,AUS,CPF Australia Pty Ltd.,Minced ND+V+TK,Cooked Wonton,302g*4c*6in,BK,Tomkha+CM,700,16800,24.0,
29,09,2026,Germany,CPF Distribution (under Paulsen Food),Minced ND+V+TK,Cooked Wonton,302g*12,BK,Tomkha+CM,2278,27336,12.0,
05,10,2026,SG,CP FOODS SINGAPORE PTE. LTD,R-Wonton egg past,Raw Wonton,154g*20in,S,ซุปซอง 5g.,1200,24000,20.0,
22,09,2026,Malay,CPM Malaysia,C-Minced WT in tray no egg,Cooked Wonton,98g*24tray,BK,HOTPOT 10g,1250,30000,24.0,
05,10,2026,Korea,Consumer Package Commerce,R-Wonton egg past,Raw Wonton,630g*10inner,S,ซุปซอง 5g.,685,6850,10.0,
22,09,2026,Malay,CPM Malaysia,C-Minced WT in tray no egg,Cooked Wonton,98g*24tray,BK,HOTPOT 10g,1250,30000,24.0,
05,10,2026,Korea,Consumer Package Commerce,R-Wonton egg past,Raw Wonton,630g*10inner,S,ซุปซอง 5g.,685,6850,10.0,
05,10,2026,Korea,Emart,Minced WT,Cooked Wonton,191g*6c*6in,BK,Regular,874,19800,22.65446224256293,
,10,2026,MTFS,ซีพีเอฟ เทรดดิ้ง,Wonton ND,Cooked Wonton,227g*12,SS,MK,2500,30000,12.0,
05,10,2026,Korea,Consumer Package Commerce,R-Wonton egg past,Raw Wonton,630g*10inner,S,ซุปซอง 5g.,686,6860,10.0,
01,10,2026,CAN,Bellisio Foods Canada,Wonton ND+BC,Cooked Wonton,308g*6c*6in,HC,Y3,785,28260,36.0,
01,10,2026,CAN,Bellisio Foods Canada,Wonton ND+BC,Cooked Wonton,308g*6c*6in,HC,Y3,792,28512,36.0,
08,10,2026,CAN,Bellisio Foods Canada,Wonton ND+BC,Cooked Wonton,308g*6c*6in,HC,Y3,268,9648,36.0,
08,10,2026,CAN,Bellisio Foods Canada,Wonton ND+BC,Cooked Wonton,308g*6c*6in,HC,Y3,524,18864,36.0,
24,09,2026,AUS,CPF Australia Pty Ltd.,Wonton ND+V,Cooked Wonton,308g*6c*6in,HC,Regular,792,28512,36.0,
01,10,2026,AUS,CPF Australia Pty Ltd.,Wonton ND+V,Cooked Wonton,308g*6c*6in,HC,Regular,792,28512,36.0,
01,10,2026,AUS,CPF Australia Pty Ltd.(Woolworth),Wonton ND+V,Cooked Wonton,305g*5,HC,Regular,5076,25380,5.0,
05,10,2026,SG,CP FOODS SINGAPORE PTE. LTD,Wonton ND+V,Cooked Wonton,219g*24,HC,ซุปซอง 10g.,200,4800,24.0,
05,10,2026,SG,CP FOODS SINGAPORE PTE. LTD,Wonton ND+V,Cooked Wonton,219g*24,HC,ซุปซอง 10g.,250,6000,24.0,
,10,2026,.7-11,CPFGS,E+NDเส้นมัน+หมาล่า,Cooked Wonton,250g*24,SS,หมาล่า,1200,28800,24.0,
,10,2026,MTFS,ซีพีเอฟ เทรดดิ้ง,E+Wonton NDE,Cooked Wonton,226g*12,M,Regular,500,6000,12.0,
,10,2026,MTFS,ซีพีเอฟ เทรดดิ้ง,E+Wonton NDE,Cooked Wonton,226g*12,M,Regular,500,6000,12.0,
,09,2026,MTFS,ซีพีเอฟ เทรดดิ้ง,E+Minced NDE,Cooked Wonton,191g*12,BK,Regular,200,2400,12.0,
,10,2026,MTFS,ซีพีเอฟ เทรดดิ้ง,E+Minced NDE,Cooked Wonton,191g*12,BK,Regular,200,2400,12.0,
,10,2026,MTFS,ซีพีเอฟ เทรดดิ้ง,E+Minced WT,Cooked Wonton,135g*12,BK,Regular,250,3000,12.0,
,10,2026,MTFS,ซีพีเอฟ เทรดดิ้ง,E+Minced WT,Cooked Wonton,135g*12,BK,Regular,350,4200,12.0,
05,10,2026,Laos,บริษัท ปิก้าเทรดดิ้ง จำกัด,E+Wonton,Cooked Wonton,145g*12,M,Regular,200,2400,12.0,
,10,2026,MTFS,ซีพีเอฟ เทรดดิ้ง,E+Wonton,Cooked Wonton,145g*12,M,Regular,12,144,12.0,
,10,2026,MTFS,ซีพีเอฟ เทรดดิ้ง,E+Wonton,Cooked Wonton,145g*12,M,Regular,2500,30000,12.0,
,10,2026,MTFS,ซีพีเอฟ เทรดดิ้ง,E+Wonton,Cooked Wonton,90g*3B*6B,M,ซุปซอง 5g.,1500,27000,18.0,
,10,2026,.7-11,Seven ถ้วยดำ,E+Wonton,Cooked Wonton,145g*24,M,Regular,4842,116208,24.0,
,10,2026,.7-11,ถ้วยใหม่,E+Wonton,Cooked Wonton,135g*24,SS,Regular,4842,116208,24.0,
,10,2026,.7-11,Seven ถ้วยดำ,E+Wonton,Cooked Wonton,145g*24,M,Regular,4842,116208,24.0,
08,10,2026,AUS,CPF Australia Pty Ltd.,Wonton ND+V,Cooked Wonton,308g*6c*6in,HC,Regular,792,28512,36.0,
08,10,2026,AUS,CPF Australia Pty Ltd.,Wonton ND+V,Cooked Wonton,308g*6c*6in,HC,Regular,792,28512,36.0,
08,10,2026,AUS,CPF Australia Pty Ltd.,Wonton ND+V,Cooked Wonton,308g*6c*6in,HC,Regular,792,28512,36.0,
15,10,2026,AUS,CPF Australia Pty Ltd.(Woolworth),Wonton ND+V,Cooked Wonton,305g*5,HC,Regular,5076,25380,5.0,
29,09,2026,UK,Westbridge Foods Limited (One UK),Noodles+BC,Cooked Wonton,310g*12ถ้วย,Aubergine,Soy Sauce,2278,27336,12.0,
12,10,2026,HK,CPM Hongkong,R-Wonton egg past,Raw Wonton,101g*18in,S,ซุปซอง 5g.,1900,34200,18.0,
14,10,2026,Malay,CPM Malaysia,C-Minced WT in tray no egg,Cooked Wonton,98g*24tray,BK,HOTPOT 10g,1250,30000,24.0,
17,10,2026,Korea,Consumer Package Commerce,R-Wonton egg past,Raw Wonton,630g*10inner,S,ซุปซอง 5g.,685,6850,10.0,
01,10,2026,Malay,CPM Malaysia,R-Wonton egg past,Raw Wonton,126g*18in,S,TYTB3C 30G,100,1800,18.0,
01,10,2026,Malay,CPM Malaysia,R-Wonton egg past,Raw Wonton,154g*20inner,S,ซุปซอง 5g.,300,6000,20.0,
14,10,2026,Malay,CPM Malaysia,C-Minced WT in tray no egg,Cooked Wonton,98g*24tray,BK,HOTPOT 10g,1250,30000,24.0,
01,10,2026,Malay,CPM Malaysia,Wonton+TY,Cooked Wonton,115g*24,M,TYTB3C 30G,850,20400,24.0,
05,10,2026,SG,CP FOODS SINGAPORE PTE. LTD,Wonton +TY,Cooked Wonton,115g*24,M,TYTB3C 30G,200,4800,24.0,
01,10,2026,Malay,CPM Malaysia,Wonton,Cooked Wonton,145g*24,M,Regular,900,21600,24.0,
05,10,2026,SG,CP FOODS SINGAPORE PTE. LTD,Wonton,Cooked Wonton,145g*24,M,Regular,200,4800,24.0,
01,10,2026,New Zealand,"Lim Brothers Import&Export Co.,Ltd.",Wonton ND+V,Cooked Wonton,308g*6c*6in,HC,Regular,792,28512,36.0,
12,10,2026,Denmark,CPF DENMARK,Minced ND+V+TK,Cooked Wonton,240g*12ถ้วย,BK,Tomkha+CM,2660,31920,12.0,
15,10,2026,AUS,CPF Australia Pty Ltd.,Wonton ND+V,Cooked Wonton,308g*6c*6in,HC,Regular,792,28512,36.0,
22,10,2026,AUS,CPF Australia Pty Ltd.,Wonton ND+V,Cooked Wonton,308g*6c*6in,HC,Regular,792,28512,36.0,
22,10,2026,AUS,CPF Australia Pty Ltd.,Wonton ND+V,Cooked Wonton,308g*6c*6in,HC,Regular,792,28512,36.0,
05,10,2026,Denmark,CPF DENMARK,Minced ND+V+TY,Cooked Wonton,240g*12ถ้วย,BK,TYANSSG+CM,2660,31920,12.0,
17,10,2026,Korea,Consumer Package Commerce,R-Wonton egg past,Raw Wonton,630g*10inner,S,ซุปซอง 5g.,685,6850,10.0,
20,10,2026,UK,Westbridge Foods Limited (One UK),Wonton,Cooked Wonton,148g*6c*6in,HC,Regular,1288,46368,36.0,
28,10,2026,SG,CP FOODS SINGAPORE PTE. LTD,Minced ND+หมาล่า,Cooked Wonton,300g*24,BK,หมาล่า,210,5040,24.0,
,10,2026,.7-11,CPFGS,E+NDเส้นมัน+หมาล่า,Cooked Wonton,250g*24,SS,หมาล่า,1200,28800,24.0,
17,10,2026,Korea,Consumer Package Commerce,R-Wonton egg past,Raw Wonton,630g*10inner,S,ซุปซอง 5g.,686,6860,10.0,
,10,2026,.7-11,ถ้วยใหม่,E+Wonton,Cooked Wonton,135g*24,SS,Regular,2767,66408,24.0,
,10,2026,.7-11,ถ้วยใหม่,E+Wonton,Cooked Wonton,135g*24,SS,Regular,4574,109776,24.0,
15,10,2026,CAN,Bellisio Foods Canada,Wonton ND+BC,Cooked Wonton,308g*6c*6in,HC,Y3,792,28512,36.0,
22,10,2026,CAN,Bellisio Foods Canada,Wonton ND+BC,Cooked Wonton,308g*6c*6in,HC,Y3,792,28512,36.0,
29,10,2026,CAN,Bellisio Foods Canada,Wonton ND+BC,Cooked Wonton,308g*6c*6in,HC,Y3,792,28512,36.0,
04,11,2026,CAN,Bellisio Foods Canada,Wonton ND+BC,Cooked Wonton,308g*6c*6in,HC,Y3,792,28512,36.0,
20,10,2026,CAN,Bellisio Foods Canada,Minced ND,Cooked Wonton,258g*12,BK,Regular,2600,31200,12.0,
29,10,2026,AUS,CPF Australia Pty Ltd.,Wonton ND+V,Cooked Wonton,308g*6c*6in,HC,Regular,792,28512,36.0,
28,10,2026,SG,CP FOODS SINGAPORE PTE. LTD,Wonton ND+V,Cooked Wonton,219g*24,HC,ซุปซอง 10g.,200,4800,24.0,
22,10,2026,AUS,CPF Australia Pty Ltd.,Minced ND+V+TK,Cooked Wonton,302g*4c*6in,BK,Tomkha+CM,700,16800,24.0,
15,10,2026,AUS,CPF Australia Pty Ltd.(Woolworth),Minced ND+V+TK,Cooked Wonton,302g*5,BK,Tomkha+CM,5076,25380,5.0,
02,11,2026,Korea,Consumer Package Commerce,R-Wonton egg past,Raw Wonton,630g*10inner,S,ซุปซอง 5g.,685,6850,10.0,
26,10,2026,UK,Westbridge Foods Limited (One UK),Wonton,Cooked Wonton,148g*6c*6in,HC,Regular,1288,46368,36.0,
06,10,2026,USA,"Bellisio Foods, Inc.",Minced ND,Cooked Wonton,258g*4c*6in,BK,Regular,900,21600,24.0,
02,11,2026,Korea,Consumer Package Commerce,R-Wonton egg past,Raw Wonton,630g*10inner,S,ซุปซอง 5g.,685,6850,10.0,
03,11,2026,UK,Westbridge Foods Limited (One UK),Wonton,Cooked Wonton,148g*6c*6in,HC,Regular,1288,46368,36.0,
06,10,2026,USA,"Bellisio Foods, Inc.",Minced WT,Cooked Wonton,145g*8,BK,Regular,750,19800,26.4,
28,10,2026,SG,CP FOODS SINGAPORE PTE. LTD,Wonton,Cooked Wonton,145g*24,M,Regular,250,6000,24.0,
28,10,2026,SG,CP FOODS SINGAPORE PTE. LTD,Wonton +TY,Cooked Wonton,115g*24,M,TYTB3C 30G,200,4800,24.0,
02,11,2026,Korea,Consumer Package Commerce,R-Wonton egg past,Raw Wonton,630g*10inner,S,ซุปซอง 5g.,686,6860,10.0,
10,11,2026,UK,Westbridge Foods Limited (One UK),Wonton,Cooked Wonton,148g*6c*6in,HC,Regular,1288,46368,36.0,
05,11,2026,HK,CPM Hongkong,R-Wonton egg past,Raw Wonton,101g*18in,S,ซุปซอง 5g.,1900,34200,18.0,
,10,2026,.7-11,Seven ถ้วยดำ,E+Wonton,Cooked Wonton,145g*24,M,Regular,2816,67584,24.0,
12,11,2026,CAN,Bellisio Foods Canada,Wonton ND+BC,Cooked Wonton,308g*6c*6in,HC,Y3,792,28512,36.0,
05,11,2026,AUS,CPF Australia Pty Ltd.,Wonton ND+V,Cooked Wonton,308g*6c*6in,HC,Regular,792,28512,36.0,
05,11,2026,AUS,CPF Australia Pty Ltd.(Woolworth),Wonton ND+V,Cooked Wonton,305g*5,HC,Regular,5076,25380,5.0,
12,11,2026,AUS,CPF Australia Pty Ltd.,Minced ND+V+TK,Cooked Wonton,302g*4c*6in,BK,Tomkha+CM,700,16800,24.0,
17,11,2026,UK,Westbridge Foods Limited (One UK),Wonton,Cooked Wonton,148g*6c*6in,HC,Regular,1288,46368,36.0,
,11,2026,MTFS,ซีพีเอฟ เทรดดิ้ง,E+Minced WT,Cooked Wonton,135g*12,BK,Regular,200,2400,12.0,
,11,2026,MTFS,ซีพีเอฟ เทรดดิ้ง,E+Wonton,Cooked Wonton,90g*3B*6B,M,ซุปซอง 5g.,1500,27000,18.0,
,11,2026,.7-11,CPFGS,E+NDเส้นมัน+หมาล่า,Cooked Wonton,250g*24,SS,หมาล่า,1200,28800,24.0,
,11,2026,MTFS,ซีพีเอฟ เทรดดิ้ง,E+Wonton,Cooked Wonton,145g*12,M,Regular,12,144,12.0,
,11,2026,MTFS,ซีพีเอฟ เทรดดิ้ง,E+Wonton,Cooked Wonton,145g*12,M,Regular,2500,30000,12.0,
,11,2026,.7-11,ถ้วยใหม่,E+Wonton,Cooked Wonton,135g*24,SS,Regular,3486,83664,24.0,
,11,2026,.7-11,Seven ถ้วยดำ,E+Wonton,Cooked Wonton,145g*24,M,Regular,4842,116208,24.0,
,11,2026,.7-11,ถ้วยใหม่,E+Wonton,Cooked Wonton,135g*24,SS,Regular,4842,116208,24.0,
19,11,2026,CAN,Bellisio Foods Canada,Wonton ND+BC,Cooked Wonton,308g*6c*6in,HC,Y3,792,28512,36.0,
24,11,2026,CAN,Bellisio Foods Canada,Wonton ND+BC,Cooked Wonton,308g*6c*6in,HC,Y3,792,28512,36.0,
27,11,2026,SG,CP FOODS SINGAPORE PTE. LTD,Wonton ND+V,Cooked Wonton,219g*24,HC,ซุปซอง 10g.,200,4800,24.0,
27,11,2026,SG,CP FOODS SINGAPORE PTE. LTD,Minced ND+หมาล่า,Cooked Wonton,300g*24,BK,หมาล่า,210,5040,24.0,
08,12,2026,UK,Westbridge Foods Limited (One UK),Wonton,Cooked Wonton,148g*6c*6in,HC,Regular,1288,46368,36.0,
27,11,2026,SG,CP FOODS SINGAPORE PTE. LTD,Wonton,Cooked Wonton,145g*24,M,Regular,250,6000,24.0,
27,11,2026,SG,CP FOODS SINGAPORE PTE. LTD,Wonton +TY,Cooked Wonton,115g*24,M,TYTB3C 30G,120,2880,24.0,
,11,2026,.7-11,CPFGS,E+NDเส้นมัน+หมาล่า,Cooked Wonton,250g*24,SS,หมาล่า,1200,28800,24.0,
,11,2026,.7-11,Seven ถ้วยดำ,E+Wonton,Cooked Wonton,145g*24,M,Regular,4842,116208,24.0,
,11,2026,.7-11,Seven ถ้วยดำ,E+Wonton,Cooked Wonton,145g*24,M,Regular,316,7584,24.0,
,11,2026,.7-11,ถ้วยใหม่,E+Wonton,Cooked Wonton,135g*24,SS,Regular,3172,76128,24.0,
30,11,2026,HK,CPM Hongkong,R-Wonton egg past,Raw Wonton,101g*18in,S,ซุปซอง 5g.,1900,34200,18.0,
15,12,2026,Laos,บริษัท ปิก้าเทรดดิ้ง จำกัด,E+Wonton,Cooked Wonton,145g*12,M,Regular,200,2400,12.0,
03,12,2026,Korea,Consumer Package Commerce,R-Wonton egg past,Raw Wonton,630g*10inner,S,ซุปซอง 5g.,685,6850,10.0,
03,12,2026,Korea,Consumer Package Commerce,R-Wonton egg past,Raw Wonton,630g*10inner,S,ซุปซอง 5g.,685,6850,10.0,
03,12,2026,Korea,Consumer Package Commerce,R-Wonton egg past,Raw Wonton,630g*10inner,S,ซุปซอง 5g.,686,6860,10.0,
17,12,2026,AUS,CPF Australia Pty Ltd.(Woolworth),Minced ND+V+TK,Cooked Wonton,302g*5,BK,Tomkha+CM,5076,25380,5.0,
06,01,2027,UK,Westbridge Foods Limited (One UK),Noodles+BC,Cooked Wonton,310g*12ถ้วย,Aubergine,Soy Sauce,2278,27336,12.0,
05,01,2027,UK,Westbridge Foods Limited (One UK),Wonton,Cooked Wonton,148g*6c*6in,HC,Regular,1288,46368,36.0,
02,02,2027,UK,Westbridge Foods Limited (One UK),Wonton,Cooked Wonton,148g*6c*6in,HC,Regular,1288,46368,36.0,
23,02,2027,UK,Westbridge Foods Limited (One UK),Wonton,Cooked Wonton,148g*6c*6in,HC,Regular,1288,46368,36.0,
,09,2026,MTFS,CPFGS,Wonton ND+เย็นตาโฟ,Cooked Wonton,225g*3ถ้วย*6ถุง/ctn,BK,เย็นตาโฟ,2500,45000,18.0,
01,12,2026,Belgium,CPF EUROPE S.A.,R-Wonton no egg,Raw Wonton,630g*10inner,M,ซุปซอง 5g.,300,3000,10.0,
01,12,2026,Malay,CPM Malaysia,R-Wonton egg past,Raw Wonton,154g*20inner,S,ซุปซอง 5g.,200,4000,20.0,
01,12,2026,Malay,CPM Malaysia,R-Wonton egg past,Raw Wonton,126g*18in,S,TYTB3C 30G,150,2700,18.0,
01,12,2026,SG,CP FOODS SINGAPORE PTE. LTD,R-Wonton egg past,Raw Wonton,154g*20in,S,ซุปซอง 5g.,2400,48000,20.0,
01,12,2026,SG,CP FOODS SINGAPORE PTE. LTD,R-Minced egg past,Raw Wonton,90g*18in,BK,ซุปซอง 5g.,300,5400,18.0,
01,12,2026,Taiwan,CP TAIWAN,R-Wonton no egg,Raw Wonton,154g*40inner,M,ซุปซอง 5g.,3248,129920,40.0,
01,12,2026,AUS,CPF Australia Pty Ltd.,Wonton ND+V,Cooked Wonton,305g*8,HC,Regular,775,6200,8.0,
01,12,2026,AUS,CPF Australia Pty Ltd.,Minced ND+V+TY,Cooked Wonton,302g*8,BK,TYEXSG+CO,606,4848,8.0,
01,11,2026,AUS,CPF Australia Pty Ltd.,Wonton ND+V,Cooked Wonton,308g*6c*6in,HC,Regular,792,28512,36.0,
01,12,2026,AUS,CPF Australia Pty Ltd.,Wonton ND+V,Cooked Wonton,308g*6c*6in,HC,Regular,2376,85536,36.0,
01,12,2026,Belgium,CPF EUROPE S.A.,Wonton ND+V,Cooked Wonton,309g*8,HC,Regular,600,4800,8.0,
01,12,2026,Belgium,CPF EUROPE S.A.,Wonton+TY,Cooked Wonton,129g*8,M,TYEXSG+CO,350,2800,8.0,
03,12,2026,CAN,Bellisio Foods Canada,Wonton ND+BC,Cooked Wonton,308g*6c*6in,HC,Y3,792,28512,36.0,
01,11,2026,CAN,Bellisio Foods Canada,Minced ND,Cooked Wonton,258g*12,BK,Regular,2600,31200,12.0,
01,12,2026,CAN,Bellisio Foods Canada,Minced ND,Cooked Wonton,258g*12,BK,Regular,2600,31200,12.0,
01,11,2026,Denmark,CPF DENMARK,Minced ND+V+TY,Cooked Wonton,240g*12ถ้วย,BK,TYANSSG+CM,1330,15960,12.0,
01,11,2026,Denmark,CPF DENMARK,Minced ND+V+TK,Cooked Wonton,240g*12ถ้วย,BK,Tomkha+CM,1330,15960,12.0,
01,12,2026,Korea,Consumer Package Commerce,Minced ND,Cooked Wonton,231g*12,BK,Regular,2500,30000,12.0,
01,12,2026,Malay,CPM Malaysia,Wonton,Cooked Wonton,145g*24,M,Regular,950,22800,24.0,
01,12,2026,Malay,CPM Malaysia,Wonton+TY,Cooked Wonton,115g*24,M,TYTB3C 30G,850,20400,24.0,
01,12,2026,New Zealand,"Lim Brothers Import&Export Co.,Ltd.",Wonton ND+V,Cooked Wonton,305g*8,HC,Regular,400,3200,8.0,
01,12,2026,New Zealand,"Lim Brothers Import&Export Co.,Ltd.",Minced ND+V+TK,Cooked Wonton,302g*8,BK,Tomkha+CM,324,2592,8.0,
01,12,2026,SG,CP FOODS SINGAPORE PTE. LTD,Wonton ND+Kee Mao,Cooked Wonton,250g*24,M,Kee Mao,120,2880,24.0,
01,11,2026,UK,Westbridge Foods Limited (One UK),Minced ND+BC,Cooked Wonton,258g*12,BK,Regular,1410,16920,12.0,
01,12,2026,UK,Westbridge Foods Limited (One UK),Minced ND+BC,Cooked Wonton,258g*12,BK,Regular,1176,14112,12.0,
01,12,2026,UK,Westbridge Foods Limited,Minced ND+V+TY,Cooked Wonton,258g*4c*6in,BK,TYEXSG+CO,588,14112,24.0,
01,11,2026,USA,"Bellisio Foods, Inc.",Minced WT,Cooked Wonton,145g*8,BK,Regular,800,19800,24.75,
01,12,2026,USA,"Bellisio Foods, Inc.",Minced WT,Cooked Wonton,145g*8,BK,Regular,600,19800,33.0,
01,12,2026,USA,"Bellisio Foods, Inc.",Minced ND,Cooked Wonton,258g*4c*6in,BK,Regular,2200,52800,24.0,
01,11,2026,USA,"Bellisio Foods, Inc.",Minced WT,Cooked Wonton,145g*6c*6,BK,Regular,600,19800,33.0,
01,12,2026,.7-11,ถ้วยใหม่,E+Wonton,Cooked Wonton,135g*24,SS,Regular,12500,300000,24.0,
01,01,2027,.7-11,ถ้วยใหม่,E+Wonton,Cooked Wonton,135g*24,SS,Regular,12500,300000,24.0,
01,12,2026,.7-11,Seven ถ้วยดำ,E+Wonton,Cooked Wonton,145g*24,M,Regular,10000,240000,24.0,
01,01,2027,.7-11,Seven ถ้วยดำ,E+Wonton,Cooked Wonton,145g*24,M,Regular,10000,240000,24.0,
01,12,2026,.7-11,CPFGS,E+NDเส้นมัน+หมาล่า,Cooked Wonton,250g*24,SS,หมาล่า,3750,90000,24.0,
01,01,2027,.7-11,CPFGS,E+NDเส้นมัน+หมาล่า,Cooked Wonton,250g*24,SS,หมาล่า,3750,90000,24.0,
01,12,2026,MTFS,ซีพีเอฟ เทรดดิ้ง,E+Wonton,Cooked Wonton,145g*12,M,Regular,1750,21000,12.0,
01,01,2027,MTFS,ซีพีเอฟ เทรดดิ้ง,E+Wonton,Cooked Wonton,145g*12,M,Regular,1750,21000,12.0,
01,12,2026,MTFS,ซีพีเอฟ เทรดดิ้ง,E+Wonton,Cooked Wonton,90g*3B*6B,M,ซุปซอง 5g.,800,14400,18.0,
01,01,2027,MTFS,ซีพีเอฟ เทรดดิ้ง,E+Wonton,Cooked Wonton,90g*3B*6B,M,ซุปซอง 5g.,800,14400,18.0,
01,12,2026,MTFS,ซีพีเอฟ เทรดดิ้ง,E+Minced WT,Cooked Wonton,135g*12,BK,Regular,250,3000,12.0,
01,01,2027,MTFS,ซีพีเอฟ เทรดดิ้ง,E+Minced WT,Cooked Wonton,135g*12,BK,Regular,250,3000,12.0,
01,12,2026,MTFS,ซีพีเอฟ เทรดดิ้ง,E+Minced NDE,Cooked Wonton,191g*12,BK,Regular,200,2400,12.0,
01,01,2027,MTFS,ซีพีเอฟ เทรดดิ้ง,E+Minced NDE,Cooked Wonton,191g*12,BK,Regular,200,2400,12.0,
01,12,2026,MTFS,ซีพีเอฟ เทรดดิ้ง,E+Wonton NDE,Cooked Wonton,226g*12,M,Regular,500,6000,12.0,
01,01,2027,MTFS,ซีพีเอฟ เทรดดิ้ง,E+Wonton NDE,Cooked Wonton,226g*12,M,Regular,500,6000,12.0,
